{"type":"FeatureCollection","features":[{"id":"0","type":"Feature","properties":{"WADMKK":"Bangkalan","KDPKAB":"35.26","WADMPR":"Jawa Timur"},"geometry":{"type":"MultiPolygon","coordinates":[[[[113.03433,-6.87964,0.0],[113.02861,-6.88356,0.0],[113.00612,-6.88114,0.0],[113.00207,-6.88728,0.0],[112.99941,-6.88631,0.0],[112.99978,-6.8818,0.0],[112.99466,-6.88581,0.0],[112.96943,-6.88907,0.0],[112.95149,-6.88714,0.0],[112.93217,-6.89169,0.0],[112.92527,-6.89038,0.0],[112.92077,-6.89407,0.0],[112.87928,-6.89095,0.0],[112.87905,-6.8967,0.0],[112.87545,-6.89809,0.0],[112.87191,-6.89222,0.0],[112.8636,-6.89205,0.0],[112.84697,-6.89925,0.0],[112.85275,-6.90309,0.0],[112.84835,-6.90336,0.0],[112.84786,-6.90987,0.0],[112.84123,-6.91565,0.0],[112.8356,-6.9161,0.0],[112.83224,-6.90671,0.0],[112.8272,-6.90703,0.0],[112.82217,-6.91194,0.0],[112.82972,-6.92116,0.0],[112.82655,-6.92751,0.0],[112.82903,-6.92948,0.0],[112.81097,-6.95662,0.0],[112.79721,-6.97175,0.0],[112.79093,-6.97397,0.0],[112.79312,-6.97958,0.0],[112.78206,-6.99185,0.0],[112.74103,-7.01855,0.0],[112.72348,-7.0389,0.0],[112.70345,-7.03866,0.0],[112.68849,-7.02978,0.0],[112.68104,-7.03462,0.0],[112.67946,-7.04362,0.0],[112.67611,-7.04611,0.0],[112.67375,-7.07348,0.0],[112.68303,-7.08243,0.0],[112.6867,-7.08924,0.0],[112.68605,-7.0955,0.0],[112.69184,-7.09759,0.0],[112.69261,-7.09497,0.0],[112.70187,-7.09286,0.0],[112.70639,-7.09808,0.0],[112.69182,-7.15518,0.0],[112.7042,-7.16625,0.0],[112.71868,-7.17154,0.0],[112.72285,-7.17613,0.0],[112.72537,-7.17247,0.0],[112.72736,-7.17442,0.0],[112.72808,-7.17046,0.0],[112.75177,-7.17101,0.0],[112.77692,-7.15934,0.0],[112.81247,-7.1582,0.0],[112.84511,-7.16569,0.0],[112.86496,-7.16212,0.0],[112.89182,-7.17806,0.0],[112.90694,-7.17939,0.0],[112.91339,-7.18516,0.0],[112.91861,-7.18309,0.0],[112.951,-7.19264,0.0],[112.96524,-7.20039,0.0],[112.98803,-7.20109,0.0],[113.00127,-7.20954,0.0],[113.01389,-7.2054,0.0],[113.04046,-7.21278,0.0],[113.04695,-7.19957,0.0],[113.05972,-7.19863,0.0],[113.06017,-7.18934,0.0],[113.04837,-7.18439,0.0],[113.04989,-7.17837,0.0],[113.05497,-7.17476,0.0],[113.0573,-7.16371,0.0],[113.06176,-7.16576,0.0],[113.06751,-7.1638,0.0],[113.07286,-7.1492,0.0],[113.08156,-7.15125,0.0],[113.08685,-7.1564,0.0],[113.09749,-7.15709,0.0],[113.09317,-7.15053,0.0],[113.09596,-7.14823,0.0],[113.09308,-7.13272,0.0],[113.09785,-7.12719,0.0],[113.10322,-7.12846,0.0],[113.10623,-7.12447,0.0],[113.10784,-7.10764,0.0],[113.10776,-7.11313,0.0],[113.1154,-7.116,0.0],[113.11259,-7.10595,0.0],[113.11547,-7.10161,0.0],[113.10938,-7.10051,0.0],[113.10814,-7.09752,0.0],[113.11204,-7.09449,0.0],[113.10783,-7.08101,0.0],[113.10996,-7.07849,0.0],[113.1198,-7.08068,0.0],[113.12196,-7.07458,0.0],[113.1158,-7.06386,0.0],[113.11731,-7.06147,0.0],[113.11233,-7.05802,0.0],[113.11034,-7.03014,0.0],[113.12793,-7.03656,0.0],[113.13281,-7.03282,0.0],[113.13448,-7.02207,0.0],[113.14233,-7.0114,0.0],[113.13854,-7.00521,0.0],[113.14079,-6.99976,0.0],[113.14624,-6.99791,0.0],[113.14745,-6.99003,0.0],[113.14184,-6.98954,0.0],[113.13614,-6.98009,0.0],[113.12838,-6.97686,0.0],[113.12179,-6.98556,0.0],[113.11256,-6.98347,0.0],[113.11048,-6.98714,0.0],[113.10724,-6.97915,0.0],[113.10928,-6.97419,0.0],[113.10162,-6.96007,0.0],[113.10373,-6.95677,0.0],[113.09936,-6.95726,0.0],[113.10163,-6.9531,0.0],[113.09595,-6.9378,0.0],[113.11794,-6.93298,0.0],[113.11807,-6.90857,0.0],[113.12087,-6.90549,0.0],[113.12668,-6.90613,0.0],[113.12867,-6.89802,0.0],[113.12469,-6.89296,0.0],[113.12055,-6.89005,0.0],[113.11785,-6.89462,0.0],[113.11042,-6.89446,0.0],[113.10811,-6.88856,0.0],[113.08754,-6.88903,0.0],[113.07733,-6.88371,0.0],[113.06364,-6.882,0.0],[113.05215,-6.88532,0.0],[113.04361,-6.88031,0.0],[113.03433,-6.87964,0.0]]],[[[112.84645,-6.89799,0.0],[112.84686,-6.89745,0.0],[112.84636,-6.89739,0.0],[112.84645,-6.89799,0.0]]]]}},{"id":"1","type":"Feature","properties":{"WADMKK":"Banyuwangi","KDPKAB":"35.10","WADMPR":"Jawa Timur"},"geometry":{"type":"MultiPolygon","coordinates":[[[[114.20382,-8.65594,0.0],[114.20405,-8.65616,0.0],[114.20402,-8.65582,0.0],[114.20382,-8.65594,0.0]]],[[[114.05195,-8.64865,0.0],[114.05174,-8.64857,0.0],[114.05158,-8.64874,0.0],[114.05195,-8.64865,0.0]]],[[[114.04987,-8.64744,0.0],[114.05061,-8.64679,0.0],[114.04943,-8.64726,0.0],[114.04987,-8.64744,0.0]]],[[[114.02738,-8.64595,0.0],[114.02473,-8.64669,0.0],[114.024,-8.64915,0.0],[114.02745,-8.64818,0.0],[114.0249,-8.65172,0.0],[114.02924,-8.64924,0.0],[114.02738,-8.64595,0.0]]],[[[114.02643,-8.64547,0.0],[114.02509,-8.64416,0.0],[114.02456,-8.646,0.0],[114.02643,-8.64547,0.0]]],[[[114.05692,-8.63906,0.0],[114.05712,-8.63911,0.0],[114.05703,-8.63892,0.0],[114.05692,-8.63906,0.0]]],[[[114.03297,-8.63424,0.0],[114.03337,-8.63395,0.0],[114.03331,-8.6338,0.0],[114.03297,-8.63424,0.0]]],[[[114.08391,-8.63468,0.0],[114.08267,-8.63042,0.0],[114.08257,-8.63507,0.0],[114.08391,-8.63468,0.0]]],[[[114.08715,-8.62038,0.0],[114.08818,-8.61926,0.0],[114.08735,-8.61913,0.0],[114.08715,-8.62038,0.0]]],[[[114.11164,-8.61922,0.0],[114.11217,-8.61939,0.0],[114.11186,-8.619,0.0],[114.11164,-8.61922,0.0]]],[[[113.99527,-8.61787,0.0],[113.99241,-8.61502,0.0],[113.9918,-8.61607,0.0],[113.99527,-8.61787,0.0]]],[[[113.99233,-8.61461,0.0],[113.99485,-8.61163,0.0],[113.99041,-8.61447,0.0],[113.99233,-8.61461,0.0]]],[[[113.9953,-8.60932,0.0],[113.9959,-8.60917,0.0],[113.99544,-8.60877,0.0],[113.9953,-8.60932,0.0]]],[[[113.99435,-8.6083,0.0],[113.99294,-8.60896,0.0],[113.99474,-8.60938,0.0],[113.99435,-8.6083,0.0]]],[[[114.02474,-8.60671,0.0],[114.02537,-8.60654,0.0],[114.02507,-8.6064,0.0],[114.02474,-8.60671,0.0]]],[[[113.9928,-8.60583,0.0],[113.99221,-8.60548,0.0],[113.99219,-8.60578,0.0],[113.9928,-8.60583,0.0]]],[[[114.02644,-8.60636,0.0],[114.02646,-8.60415,0.0],[114.02403,-8.60606,0.0],[114.02644,-8.60636,0.0]]],[[[114.01583,-8.60168,0.0],[114.01589,-8.60129,0.0],[114.0157,-8.60126,0.0],[114.01583,-8.60168,0.0]]],[[[113.90255,-8.58614,0.0],[113.9029,-8.58599,0.0],[113.90283,-8.58548,0.0],[113.90255,-8.58614,0.0]]],[[[113.91341,-8.58522,0.0],[113.9147,-8.58196,0.0],[113.91199,-8.5834,0.0],[113.91341,-8.58522,0.0]]],[[[113.89439,-8.58186,0.0],[113.89459,-8.58201,0.0],[113.89509,-8.58181,0.0],[113.89439,-8.58186,0.0]]],[[[113.8715,-8.57908,0.0],[113.87054,-8.57893,0.0],[113.87069,-8.57957,0.0],[113.8715,-8.57908,0.0]]],[[[113.89483,-8.57965,0.0],[113.8965,-8.57927,0.0],[113.89622,-8.57876,0.0],[113.89483,-8.57965,0.0]]],[[[113.92356,-8.57407,0.0],[113.92308,-8.57427,0.0],[113.92353,-8.57451,0.0],[113.92356,-8.57407,0.0]]],[[[113.89076,-8.56875,0.0],[113.89113,-8.56849,0.0],[113.89098,-8.56824,0.0],[113.89076,-8.56875,0.0]]],[[[113.92489,-8.56364,0.0],[113.92528,-8.56361,0.0],[113.92508,-8.56337,0.0],[113.92489,-8.56364,0.0]]],[[[113.86719,-8.56224,0.0],[113.86713,-8.56174,0.0],[113.867,-8.56187,0.0],[113.86719,-8.56224,0.0]]],[[[113.85679,-8.55978,0.0],[113.85721,-8.55935,0.0],[113.85705,-8.55927,0.0],[113.85679,-8.55978,0.0]]],[[[114.38149,-8.20839,0.0],[114.38231,-8.19969,0.0],[114.38136,-8.20099,0.0],[114.38064,-8.20386,0.0],[114.38149,-8.20839,0.0]]],[[[114.46077,-8.03772,0.0],[114.46239,-8.03666,0.0],[114.45991,-8.03646,0.0],[114.46077,-8.03772,0.0]]],[[[114.30495,-7.88533,0.0],[114.29327,-7.88884,0.0],[114.28313,-7.89724,0.0],[114.27843,-7.90945,0.0],[114.27131,-7.91491,0.0],[114.27132,-7.91959,0.0],[114.24969,-7.93936,0.0],[114.24214,-7.95757,0.0],[114.22508,-7.98295,0.0],[114.22439,-7.98976,0.0],[114.23292,-7.99746,0.0],[114.23826,-8.00615,0.0],[114.23774,-8.01241,0.0],[114.24071,-8.01344,0.0],[114.23582,-8.03121,0.0],[114.24876,-8.04565,0.0],[114.24672,-8.05467,0.0],[114.23114,-8.07043,0.0],[114.21975,-8.07374,0.0],[114.21745,-8.09269,0.0],[114.21375,-8.09978,0.0],[114.19521,-8.10356,0.0],[114.18438,-8.12091,0.0],[114.17646,-8.12032,0.0],[114.17255,-8.10724,0.0],[114.15328,-8.10542,0.0],[114.14649,-8.10101,0.0],[114.13525,-8.10291,0.0],[114.12885,-8.10969,0.0],[114.11658,-8.11438,0.0],[114.09174,-8.11615,0.0],[114.07857,-8.12681,0.0],[114.06429,-8.1219,0.0],[114.05555,-8.12798,0.0],[114.04678,-8.1252,0.0],[114.04112,-8.13718,0.0],[114.03566,-8.14102,0.0],[114.02692,-8.13942,0.0],[114.02205,-8.14187,0.0],[113.99028,-8.18295,0.0],[113.97075,-8.18959,0.0],[113.95787,-8.20585,0.0],[113.96812,-8.22061,0.0],[113.96531,-8.22553,0.0],[113.9667,-8.23227,0.0],[113.96285,-8.24042,0.0],[113.9536,-8.24884,0.0],[113.94977,-8.26072,0.0],[113.935,-8.2708,0.0],[113.93436,-8.28136,0.0],[113.92538,-8.29423,0.0],[113.92115,-8.30845,0.0],[113.92837,-8.31996,0.0],[113.92422,-8.33491,0.0],[113.91333,-8.33994,0.0],[113.90901,-8.34686,0.0],[113.91151,-8.35002,0.0],[113.91582,-8.34812,0.0],[113.9159,-8.35317,0.0],[113.92122,-8.35732,0.0],[113.91871,-8.35849,0.0],[113.92253,-8.36346,0.0],[113.92165,-8.3699,0.0],[113.92775,-8.37671,0.0],[113.92367,-8.38426,0.0],[113.94727,-8.40182,0.0],[113.93744,-8.40913,0.0],[113.93442,-8.42324,0.0],[113.91027,-8.44197,0.0],[113.89924,-8.43443,0.0],[113.90033,-8.42397,0.0],[113.89041,-8.4104,0.0],[113.88196,-8.41727,0.0],[113.87437,-8.41642,0.0],[113.85465,-8.42998,0.0],[113.84221,-8.49446,0.0],[113.84314,-8.50353,0.0],[113.85552,-8.51553,0.0],[113.85512,-8.51963,0.0],[113.8439,-8.5459,0.0],[113.83759,-8.55368,0.0],[113.8437,-8.55532,0.0],[113.85327,-8.54972,0.0],[113.8567,-8.55872,0.0],[113.86411,-8.56142,0.0],[113.87154,-8.55643,0.0],[113.87601,-8.55702,0.0],[113.89672,-8.5657,0.0],[113.901,-8.57512,0.0],[113.90927,-8.57907,0.0],[113.91743,-8.57837,0.0],[113.91807,-8.57369,0.0],[113.92369,-8.57329,0.0],[113.92589,-8.5685,0.0],[113.92343,-8.56418,0.0],[113.92545,-8.56026,0.0],[113.92989,-8.56069,0.0],[113.93539,-8.56669,0.0],[113.93731,-8.56488,0.0],[113.93475,-8.56022,0.0],[113.94632,-8.55867,0.0],[113.95962,-8.56726,0.0],[113.96869,-8.58325,0.0],[113.96591,-8.5964,0.0],[113.95812,-8.59896,0.0],[113.95286,-8.5948,0.0],[113.94749,-8.59941,0.0],[113.95678,-8.60835,0.0],[113.95649,-8.61351,0.0],[113.96361,-8.61641,0.0],[113.97261,-8.60694,0.0],[113.97809,-8.60911,0.0],[113.98474,-8.60425,0.0],[113.98834,-8.60582,0.0],[113.99007,-8.59871,0.0],[113.9969,-8.60764,0.0],[113.99675,-8.59448,0.0],[113.99715,-8.59396,0.0],[113.99885,-8.59505,0.0],[113.99983,-8.59486,0.0],[113.99712,-8.59374,0.0],[113.99637,-8.59261,0.0],[113.99655,-8.59143,0.0],[113.9993,-8.59422,0.0],[114.00237,-8.59004,0.0],[114.01497,-8.58975,0.0],[114.02536,-8.59405,0.0],[114.02986,-8.59941,0.0],[114.03274,-8.63306,0.0],[114.04795,-8.63722,0.0],[114.04974,-8.64652,0.0],[114.05253,-8.64421,0.0],[114.04983,-8.63763,0.0],[114.05742,-8.63683,0.0],[114.05975,-8.62621,0.0],[114.07571,-8.62411,0.0],[114.07831,-8.6245,0.0],[114.08354,-8.62923,0.0],[114.08447,-8.62903,0.0],[114.08755,-8.61693,0.0],[114.09552,-8.61467,0.0],[114.14898,-8.624,0.0],[114.17882,-8.63468,0.0],[114.18508,-8.6402,0.0],[114.22064,-8.64489,0.0],[114.22563,-8.6353,0.0],[114.22557,-8.6231,0.0],[114.22961,-8.62081,0.0],[114.22511,-8.61218,0.0],[114.22873,-8.60666,0.0],[114.22651,-8.60359,0.0],[114.24488,-8.5998,0.0],[114.25901,-8.60182,0.0],[114.30995,-8.61983,0.0],[114.32879,-8.62953,0.0],[114.34975,-8.64538,0.0],[114.36982,-8.67056,0.0],[114.37503,-8.68583,0.0],[114.37646,-8.70535,0.0],[114.36707,-8.72232,0.0],[114.34289,-8.73469,0.0],[114.34463,-8.74236,0.0],[114.36947,-8.7504,0.0],[114.38162,-8.74883,0.0],[114.401,-8.75257,0.0],[114.41754,-8.74876,0.0],[114.44687,-8.75281,0.0],[114.47831,-8.76034,0.0],[114.50472,-8.77522,0.0],[114.53228,-8.78019,0.0],[114.56668,-8.7731,0.0],[114.58697,-8.76376,0.0],[114.59531,-8.7506,0.0],[114.59692,-8.73734,0.0],[114.60526,-8.71753,0.0],[114.59735,-8.70043,0.0],[114.56837,-8.65934,0.0],[114.56207,-8.65655,0.0],[114.54245,-8.6592,0.0],[114.51439,-8.65011,0.0],[114.50553,-8.63572,0.0],[114.49031,-8.63118,0.0],[114.48101,-8.61791,0.0],[114.47,-8.62005,0.0],[114.45803,-8.63844,0.0],[114.44978,-8.63934,0.0],[114.4421,-8.63444,0.0],[114.43634,-8.61891,0.0],[114.42288,-8.60451,0.0],[114.41827,-8.58595,0.0],[114.4079,-8.56944,0.0],[114.40804,-8.55604,0.0],[114.40113,-8.54011,0.0],[114.40337,-8.52701,0.0],[114.40933,-8.51858,0.0],[114.40936,-8.50952,0.0],[114.39703,-8.49456,0.0],[114.39949,-8.46102,0.0],[114.38918,-8.44765,0.0],[114.38259,-8.44869,0.0],[114.38834,-8.48124,0.0],[114.38469,-8.4923,0.0],[114.38563,-8.50542,0.0],[114.37645,-8.53199,0.0],[114.36451,-8.53811,0.0],[114.35579,-8.53592,0.0],[114.35131,-8.52933,0.0],[114.35448,-8.51478,0.0],[114.35874,-8.51053,0.0],[114.35797,-8.50397,0.0],[114.36085,-8.50373,0.0],[114.35615,-8.50287,0.0],[114.36252,-8.49917,0.0],[114.35976,-8.49358,0.0],[114.36237,-8.49527,0.0],[114.36525,-8.49279,0.0],[114.36358,-8.48749,0.0],[114.37066,-8.47987,0.0],[114.36668,-8.47712,0.0],[114.36826,-8.47529,0.0],[114.35535,-8.47015,0.0],[114.35652,-8.45688,0.0],[114.34524,-8.44497,0.0],[114.34735,-8.44452,0.0],[114.34865,-8.44332,0.0],[114.35127,-8.43887,0.0],[114.35143,-8.43809,0.0],[114.34857,-8.44328,0.0],[114.3456,-8.44442,0.0],[114.34493,-8.44187,0.0],[114.34717,-8.44294,0.0],[114.3475,-8.44293,0.0],[114.34473,-8.44054,0.0],[114.35055,-8.43771,0.0],[114.34195,-8.43858,0.0],[114.33916,-8.42736,0.0],[114.3407,-8.4171,0.0],[114.35192,-8.37398,0.0],[114.35245,-8.35429,0.0],[114.36062,-8.33577,0.0],[114.35735,-8.32828,0.0],[114.36474,-8.30942,0.0],[114.36299,-8.29928,0.0],[114.36579,-8.27918,0.0],[114.39023,-8.23436,0.0],[114.38549,-8.20213,0.0],[114.38327,-8.21024,0.0],[114.38029,-8.20875,0.0],[114.38018,-8.20414,0.0],[114.38192,-8.19941,0.0],[114.38434,-8.19886,0.0],[114.3819,-8.1983,0.0],[114.38385,-8.19026,0.0],[114.39395,-8.17162,0.0],[114.39587,-8.15974,0.0],[114.40183,-8.15001,0.0],[114.39847,-8.12113,0.0],[114.40694,-8.1115,0.0],[114.41802,-8.07951,0.0],[114.42985,-8.06579,0.0],[114.42901,-8.04549,0.0],[114.4341,-8.03085,0.0],[114.42581,-8.01474,0.0],[114.43013,-7.99637,0.0],[114.42269,-7.9611,0.0],[114.42402,-7.93542,0.0],[114.41975,-7.93441,0.0],[114.41289,-7.94014,0.0],[114.39653,-7.9268,0.0],[114.36529,-7.91821,0.0],[114.35743,-7.91284,0.0],[114.34438,-7.91142,0.0],[114.34055,-7.90592,0.0],[114.33284,-7.90692,0.0],[114.33002,-7.90178,0.0],[114.30495,-7.88533,0.0]]]]}},{"id":"2","type":"Feature","properties":{"WADMKK":"Blitar","KDPKAB":"35.05","WADMPR":"Jawa Timur"},"geometry":{"type":"MultiPolygon","coordinates":[[[[112.23888,-8.35242,0.0],[112.23877,-8.35215,0.0],[112.23854,-8.35226,0.0],[112.23888,-8.35242,0.0]]],[[[112.24091,-8.35243,0.0],[112.24098,-8.35201,0.0],[112.24064,-8.35236,0.0],[112.24091,-8.35243,0.0]]],[[[112.34794,-8.35216,0.0],[112.34811,-8.35193,0.0],[112.3479,-8.352,0.0],[112.34794,-8.35216,0.0]]],[[[112.24169,-8.35119,0.0],[112.24202,-8.35081,0.0],[112.24169,-8.35059,0.0],[112.24169,-8.35119,0.0]]],[[[112.23683,-8.35078,0.0],[112.23723,-8.3505,0.0],[112.23683,-8.35045,0.0],[112.23683,-8.35078,0.0]]],[[[112.3459,-8.35058,0.0],[112.3459,-8.35019,0.0],[112.34546,-8.35018,0.0],[112.3459,-8.35058,0.0]]],[[[112.24117,-8.35035,0.0],[112.24135,-8.35016,0.0],[112.24112,-8.35014,0.0],[112.24117,-8.35035,0.0]]],[[[112.3459,-8.34989,0.0],[112.34596,-8.34972,0.0],[112.34581,-8.34979,0.0],[112.3459,-8.34989,0.0]]],[[[112.23763,-8.34947,0.0],[112.23854,-8.35023,0.0],[112.23858,-8.34939,0.0],[112.23763,-8.34947,0.0]]],[[[112.24046,-8.351,0.0],[112.24009,-8.34817,0.0],[112.23902,-8.35074,0.0],[112.24046,-8.351,0.0]]],[[[112.24183,-8.34842,0.0],[112.2424,-8.34853,0.0],[112.24209,-8.34804,0.0],[112.24183,-8.34842,0.0]]],[[[112.347,-8.34711,0.0],[112.34726,-8.34692,0.0],[112.3469,-8.34705,0.0],[112.347,-8.34711,0.0]]],[[[112.23751,-8.34602,0.0],[112.23791,-8.34571,0.0],[112.23727,-8.34565,0.0],[112.23751,-8.34602,0.0]]],[[[112.22826,-8.34491,0.0],[112.22911,-8.34439,0.0],[112.22915,-8.34391,0.0],[112.22826,-8.34491,0.0]]],[[[112.31931,-8.34371,0.0],[112.31843,-8.3432,0.0],[112.31814,-8.34369,0.0],[112.31931,-8.34371,0.0]]],[[[112.22008,-8.34387,0.0],[112.22048,-8.34331,0.0],[112.21996,-8.3431,0.0],[112.22008,-8.34387,0.0]]],[[[112.22389,-8.34326,0.0],[112.22315,-8.34289,0.0],[112.22232,-8.34414,0.0],[112.22389,-8.34326,0.0]]],[[[112.3056,-8.34262,0.0],[112.30879,-8.34199,0.0],[112.30853,-8.34151,0.0],[112.3056,-8.34262,0.0]]],[[[112.31062,-8.34062,0.0],[112.31055,-8.33992,0.0],[112.3104,-8.33992,0.0],[112.31062,-8.34062,0.0]]],[[[112.21759,-8.33964,0.0],[112.21784,-8.33949,0.0],[112.21758,-8.33956,0.0],[112.21759,-8.33964,0.0]]],[[[112.3032,-8.33904,0.0],[112.30346,-8.33875,0.0],[112.30262,-8.33909,0.0],[112.3032,-8.33904,0.0]]],[[[112.29348,-8.33365,0.0],[112.29303,-8.33337,0.0],[112.29323,-8.33375,0.0],[112.29348,-8.33365,0.0]]],[[[112.20679,-8.32967,0.0],[112.20708,-8.32982,0.0],[112.20683,-8.32945,0.0],[112.20679,-8.32967,0.0]]],[[[112.20529,-8.32895,0.0],[112.20563,-8.32893,0.0],[112.20553,-8.32872,0.0],[112.20529,-8.32895,0.0]]],[[[112.18087,-8.32796,0.0],[112.18108,-8.32727,0.0],[112.18065,-8.3273,0.0],[112.18087,-8.32796,0.0]]],[[[112.20275,-8.3268,0.0],[112.20292,-8.32684,0.0],[112.20295,-8.32667,0.0],[112.20275,-8.3268,0.0]]],[[[112.17957,-8.32689,0.0],[112.17943,-8.32612,0.0],[112.17929,-8.32611,0.0],[112.17957,-8.32689,0.0]]],[[[112.15027,-8.32492,0.0],[112.15038,-8.32489,0.0],[112.15034,-8.32478,0.0],[112.15027,-8.32492,0.0]]],[[[112.18609,-8.3248,0.0],[112.18614,-8.32449,0.0],[112.18598,-8.32454,0.0],[112.18609,-8.3248,0.0]]],[[[112.14969,-8.32184,0.0],[112.15024,-8.32202,0.0],[112.15019,-8.32164,0.0],[112.14969,-8.32184,0.0]]],[[[112.46789,-7.94708,0.0],[112.45214,-7.92651,0.0],[112.44503,-7.93219,0.0],[112.43225,-7.93033,0.0],[112.42045,-7.94243,0.0],[112.40721,-7.95026,0.0],[112.37051,-7.95722,0.0],[112.36268,-7.9562,0.0],[112.36337,-7.95109,0.0],[112.35558,-7.94541,0.0],[112.3392,-7.94443,0.0],[112.31116,-7.92826,0.0],[112.30913,-7.93095,0.0],[112.30658,-7.9293,0.0],[112.30712,-7.93428,0.0],[112.30281,-7.93766,0.0],[112.29293,-7.94038,0.0],[112.28243,-7.939,0.0],[112.25946,-7.94738,0.0],[112.25719,-7.94405,0.0],[112.25139,-7.94476,0.0],[112.24243,-7.94748,0.0],[112.2402,-7.95143,0.0],[112.22138,-7.96159,0.0],[112.20133,-7.96404,0.0],[112.17843,-7.9741,0.0],[112.15024,-7.9772,0.0],[112.13343,-7.97604,0.0],[112.10955,-7.96946,0.0],[112.09625,-7.97001,0.0],[112.09629,-7.98908,0.0],[112.0908,-7.99158,0.0],[112.03683,-7.99326,0.0],[112.01423,-8.00172,0.0],[112.01306,-7.99833,0.0],[111.98124,-7.99686,0.0],[111.97781,-7.99755,0.0],[111.97538,-8.01261,0.0],[111.96389,-8.00717,0.0],[111.96172,-7.99861,0.0],[111.9557,-7.99808,0.0],[111.95652,-8.00893,0.0],[111.96248,-8.01198,0.0],[111.97042,-8.02732,0.0],[111.97248,-8.04361,0.0],[111.98705,-8.04985,0.0],[111.99473,-8.05923,0.0],[111.99575,-8.06654,0.0],[111.98817,-8.07643,0.0],[111.99687,-8.09211,0.0],[112.008,-8.09755,0.0],[112.03365,-8.09885,0.0],[112.04866,-8.10957,0.0],[112.06708,-8.11134,0.0],[112.07159,-8.11698,0.0],[112.07894,-8.11892,0.0],[112.09578,-8.11091,0.0],[112.12201,-8.12529,0.0],[112.11654,-8.15761,0.0],[112.10365,-8.15839,0.0],[112.09397,-8.17362,0.0],[112.08904,-8.17334,0.0],[112.07858,-8.18752,0.0],[112.06611,-8.18646,0.0],[112.06406,-8.17665,0.0],[112.05068,-8.17975,0.0],[112.03811,-8.17375,0.0],[112.03545,-8.16928,0.0],[112.02884,-8.16821,0.0],[112.0291,-8.18144,0.0],[112.02419,-8.18572,0.0],[112.02297,-8.19328,0.0],[112.02818,-8.20027,0.0],[112.02193,-8.22674,0.0],[112.02688,-8.23424,0.0],[112.02266,-8.24434,0.0],[112.03063,-8.26268,0.0],[112.02892,-8.27319,0.0],[112.02368,-8.2811,0.0],[112.02448,-8.28779,0.0],[112.03436,-8.30085,0.0],[112.0335,-8.3098,0.0],[112.02854,-8.31206,0.0],[112.02911,-8.31717,0.0],[112.03419,-8.31925,0.0],[112.05383,-8.31728,0.0],[112.06527,-8.32226,0.0],[112.06909,-8.31782,0.0],[112.08296,-8.31802,0.0],[112.08997,-8.31482,0.0],[112.10632,-8.31777,0.0],[112.11038,-8.31237,0.0],[112.11398,-8.31625,0.0],[112.12285,-8.31522,0.0],[112.12459,-8.3217,0.0],[112.12984,-8.32551,0.0],[112.13498,-8.31862,0.0],[112.14048,-8.31833,0.0],[112.13902,-8.31638,0.0],[112.14057,-8.31466,0.0],[112.14086,-8.31605,0.0],[112.14041,-8.3164,0.0],[112.14057,-8.31753,0.0],[112.14472,-8.31613,0.0],[112.14537,-8.31914,0.0],[112.1501,-8.32137,0.0],[112.15553,-8.32862,0.0],[112.16115,-8.32587,0.0],[112.16688,-8.32755,0.0],[112.17014,-8.32027,0.0],[112.18213,-8.32634,0.0],[112.18519,-8.32314,0.0],[112.18915,-8.32356,0.0],[112.19049,-8.32702,0.0],[112.19442,-8.32324,0.0],[112.19467,-8.32677,0.0],[112.20314,-8.32451,0.0],[112.20887,-8.32987,0.0],[112.21656,-8.32594,0.0],[112.22338,-8.33248,0.0],[112.21824,-8.33927,0.0],[112.22085,-8.34247,0.0],[112.23005,-8.34327,0.0],[112.23117,-8.3464,0.0],[112.23919,-8.34416,0.0],[112.24108,-8.34705,0.0],[112.25464,-8.34294,0.0],[112.26346,-8.3503,0.0],[112.26389,-8.34729,0.0],[112.26623,-8.3491,0.0],[112.27168,-8.34393,0.0],[112.2739,-8.33826,0.0],[112.27991,-8.33754,0.0],[112.28596,-8.33193,0.0],[112.29635,-8.33125,0.0],[112.30033,-8.336,0.0],[112.30522,-8.33474,0.0],[112.30894,-8.33697,0.0],[112.30818,-8.34042,0.0],[112.31198,-8.33911,0.0],[112.31631,-8.34252,0.0],[112.31899,-8.33413,0.0],[112.32834,-8.33161,0.0],[112.33464,-8.33328,0.0],[112.33709,-8.34229,0.0],[112.3478,-8.34123,0.0],[112.34995,-8.34604,0.0],[112.34639,-8.34983,0.0],[112.34885,-8.35146,0.0],[112.3599,-8.34841,0.0],[112.36424,-8.32839,0.0],[112.37015,-8.32352,0.0],[112.37064,-8.31257,0.0],[112.37636,-8.30872,0.0],[112.37795,-8.29918,0.0],[112.38843,-8.28534,0.0],[112.38324,-8.26646,0.0],[112.38212,-8.24526,0.0],[112.37814,-8.24011,0.0],[112.37886,-8.23752,0.0],[112.38766,-8.23621,0.0],[112.38924,-8.21524,0.0],[112.38295,-8.20785,0.0],[112.38516,-8.20578,0.0],[112.38271,-8.19125,0.0],[112.3672,-8.18347,0.0],[112.36681,-8.17488,0.0],[112.3728,-8.16998,0.0],[112.38327,-8.16902,0.0],[112.39206,-8.16176,0.0],[112.39583,-8.16482,0.0],[112.41186,-8.16033,0.0],[112.41553,-8.16635,0.0],[112.4177,-8.15975,0.0],[112.43065,-8.15893,0.0],[112.44017,-8.14882,0.0],[112.44741,-8.14805,0.0],[112.45462,-8.14173,0.0],[112.45346,-8.13355,0.0],[112.45777,-8.12647,0.0],[112.45916,-8.11494,0.0],[112.45317,-8.09772,0.0],[112.45814,-8.07082,0.0],[112.45343,-8.05695,0.0],[112.4664,-8.0249,0.0],[112.4745,-8.0138,0.0],[112.47297,-8.00293,0.0],[112.46838,-7.99942,0.0],[112.47801,-7.9706,0.0],[112.4773,-7.9643,0.0],[112.46529,-7.95595,0.0],[112.46425,-7.95158,0.0],[112.46789,-7.94708,0.0]],[[112.18491,-8.05644,0.0],[112.18898,-8.05811,0.0],[112.18729,-8.06545,0.0],[112.1985,-8.06537,0.0],[112.19085,-8.08533,0.0],[112.20051,-8.09282,0.0],[112.19378,-8.10064,0.0],[112.18453,-8.10471,0.0],[112.1761,-8.12037,0.0],[112.17079,-8.11881,0.0],[112.16766,-8.13137,0.0],[112.15645,-8.13487,0.0],[112.15961,-8.12664,0.0],[112.14898,-8.12757,0.0],[112.15028,-8.12119,0.0],[112.14222,-8.11778,0.0],[112.14756,-8.10947,0.0],[112.1439,-8.11134,0.0],[112.14364,-8.10756,0.0],[112.14087,-8.1112,0.0],[112.13594,-8.10904,0.0],[112.1416,-8.09994,0.0],[112.13206,-8.09108,0.0],[112.1335,-8.08363,0.0],[112.14427,-8.07668,0.0],[112.15142,-8.08254,0.0],[112.1576,-8.0832,0.0],[112.15706,-8.0862,0.0],[112.16132,-8.08492,0.0],[112.16842,-8.0734,0.0],[112.17213,-8.05819,0.0],[112.18107,-8.0609,0.0],[112.18491,-8.05644,0.0]]]]}},{"id":"3","type":"Feature","properties":{"WADMKK":"Bojonegoro","KDPKAB":"35.22","WADMPR":"Jawa Timur"},"geometry":{"type":"Polygon","coordinates":[[[112.1522,-7.10942,0.0],[112.14623,-7.10673,0.0],[112.1512,-7.10077,0.0],[112.147,-7.10151,0.0],[112.14429,-7.10628,0.0],[112.13129,-7.09702,0.0],[112.12712,-7.09953,0.0],[112.12715,-7.10681,0.0],[112.12186,-7.10768,0.0],[112.11742,-7.09758,0.0],[112.12452,-7.09146,0.0],[112.12291,-7.0884,0.0],[112.08563,-7.08557,0.0],[112.08277,-7.06592,0.0],[112.06578,-7.07233,0.0],[112.05471,-7.0728,0.0],[112.04131,-7.08174,0.0],[112.03952,-7.07931,0.0],[112.0449,-7.07569,0.0],[112.04429,-7.07123,0.0],[112.03872,-7.07135,0.0],[112.03132,-7.07905,0.0],[112.02614,-7.06934,0.0],[112.01789,-7.06803,0.0],[112.0154,-7.07439,0.0],[112.02041,-7.08736,0.0],[112.01296,-7.09373,0.0],[112.0063,-7.09343,0.0],[112.01443,-7.10216,0.0],[112.00701,-7.10445,0.0],[112.00323,-7.10925,0.0],[112.01095,-7.12515,0.0],[112.01056,-7.13027,0.0],[112.00654,-7.13128,0.0],[111.99897,-7.12498,0.0],[111.99955,-7.11574,0.0],[111.99507,-7.11445,0.0],[111.99366,-7.12776,0.0],[111.98477,-7.1426,0.0],[111.98433,-7.16301,0.0],[111.98059,-7.16504,0.0],[111.97784,-7.16263,0.0],[111.97997,-7.15012,0.0],[111.97461,-7.14158,0.0],[111.95354,-7.13173,0.0],[111.94257,-7.15489,0.0],[111.93336,-7.16019,0.0],[111.93027,-7.15651,0.0],[111.93243,-7.14144,0.0],[111.93043,-7.13278,0.0],[111.92068,-7.13207,0.0],[111.91116,-7.13801,0.0],[111.89921,-7.13633,0.0],[111.90031,-7.12876,0.0],[111.88635,-7.12173,0.0],[111.88368,-7.12217,0.0],[111.88165,-7.13153,0.0],[111.87669,-7.13118,0.0],[111.87793,-7.13327,0.0],[111.86713,-7.12626,0.0],[111.86669,-7.12917,0.0],[111.86452,-7.1241,0.0],[111.86199,-7.1297,0.0],[111.86016,-7.12388,0.0],[111.85605,-7.12532,0.0],[111.85657,-7.11512,0.0],[111.82424,-7.10043,0.0],[111.81655,-7.08716,0.0],[111.80184,-7.08371,0.0],[111.79709,-7.08618,0.0],[111.79333,-7.08197,0.0],[111.77487,-7.08198,0.0],[111.76601,-7.08383,0.0],[111.76246,-7.08785,0.0],[111.73624,-7.07783,0.0],[111.72665,-7.08395,0.0],[111.71785,-7.07814,0.0],[111.71185,-7.08095,0.0],[111.69413,-7.06865,0.0],[111.69121,-7.06284,0.0],[111.69384,-7.05413,0.0],[111.67504,-7.04823,0.0],[111.6715,-7.04086,0.0],[111.65757,-7.03698,0.0],[111.65477,-7.02489,0.0],[111.6563,-7.01349,0.0],[111.65139,-6.9998,0.0],[111.62727,-6.99164,0.0],[111.62215,-6.98635,0.0],[111.61323,-7.0067,0.0],[111.61612,-7.03228,0.0],[111.61353,-7.03503,0.0],[111.61873,-7.04009,0.0],[111.61826,-7.05005,0.0],[111.62743,-7.05381,0.0],[111.62496,-7.0591,0.0],[111.6299,-7.05954,0.0],[111.62544,-7.07081,0.0],[111.62812,-7.07542,0.0],[111.62576,-7.07281,0.0],[111.62442,-7.07565,0.0],[111.61912,-7.07346,0.0],[111.61437,-7.07871,0.0],[111.61638,-7.08231,0.0],[111.61264,-7.08219,0.0],[111.61693,-7.09768,0.0],[111.6139,-7.0988,0.0],[111.622,-7.10843,0.0],[111.61341,-7.11068,0.0],[111.61368,-7.12263,0.0],[111.6115,-7.12156,0.0],[111.61169,-7.12555,0.0],[111.60605,-7.12791,0.0],[111.60925,-7.13233,0.0],[111.60773,-7.13718,0.0],[111.61093,-7.1355,0.0],[111.60985,-7.1384,0.0],[111.61213,-7.13845,0.0],[111.61183,-7.1408,0.0],[111.60895,-7.13953,0.0],[111.61056,-7.14346,0.0],[111.60566,-7.14348,0.0],[111.6071,-7.14683,0.0],[111.59866,-7.14534,0.0],[111.59881,-7.15494,0.0],[111.58415,-7.17071,0.0],[111.58722,-7.18556,0.0],[111.56577,-7.18733,0.0],[111.5639,-7.19051,0.0],[111.56928,-7.19878,0.0],[111.56682,-7.2065,0.0],[111.55892,-7.20611,0.0],[111.55565,-7.20172,0.0],[111.54976,-7.20463,0.0],[111.54304,-7.21381,0.0],[111.53667,-7.21592,0.0],[111.54305,-7.2241,0.0],[111.54164,-7.22751,0.0],[111.52801,-7.22714,0.0],[111.52244,-7.23704,0.0],[111.51378,-7.23861,0.0],[111.50275,-7.24826,0.0],[111.48784,-7.24293,0.0],[111.48574,-7.25115,0.0],[111.49029,-7.26043,0.0],[111.48638,-7.2603,0.0],[111.47725,-7.2519,0.0],[111.46872,-7.26248,0.0],[111.46164,-7.26242,0.0],[111.45572,-7.2583,0.0],[111.45644,-7.24966,0.0],[111.45161,-7.24813,0.0],[111.45143,-7.27413,0.0],[111.44808,-7.27595,0.0],[111.44366,-7.26799,0.0],[111.43851,-7.26889,0.0],[111.43887,-7.27353,0.0],[111.44439,-7.27865,0.0],[111.44193,-7.28959,0.0],[111.42356,-7.31018,0.0],[111.43284,-7.31492,0.0],[111.44767,-7.31354,0.0],[111.45764,-7.32156,0.0],[111.44616,-7.33705,0.0],[111.45016,-7.3403,0.0],[111.46082,-7.34111,0.0],[111.46274,-7.34553,0.0],[111.45239,-7.34298,0.0],[111.44553,-7.34513,0.0],[111.44177,-7.34997,0.0],[111.44493,-7.3611,0.0],[111.45689,-7.35184,0.0],[111.46093,-7.35486,0.0],[111.46258,-7.36302,0.0],[111.47209,-7.35741,0.0],[111.47572,-7.35964,0.0],[111.48515,-7.35818,0.0],[111.49629,-7.36118,0.0],[111.49696,-7.36445,0.0],[111.51354,-7.3629,0.0],[111.52415,-7.37168,0.0],[111.5426,-7.37081,0.0],[111.54687,-7.36922,0.0],[111.55373,-7.35865,0.0],[111.56081,-7.35996,0.0],[111.56284,-7.35755,0.0],[111.56647,-7.35995,0.0],[111.56714,-7.35531,0.0],[111.57491,-7.34856,0.0],[111.58014,-7.35471,0.0],[111.58349,-7.35293,0.0],[111.61379,-7.36981,0.0],[111.61628,-7.3794,0.0],[111.63072,-7.38974,0.0],[111.65471,-7.39913,0.0],[111.68454,-7.41662,0.0],[111.71619,-7.44289,0.0],[111.74586,-7.45477,0.0],[111.76978,-7.4695,0.0],[111.80041,-7.4611,0.0],[111.80525,-7.45431,0.0],[111.81487,-7.45068,0.0],[111.821,-7.43955,0.0],[111.8446,-7.43983,0.0],[111.86157,-7.43591,0.0],[111.87763,-7.44097,0.0],[111.88238,-7.43736,0.0],[111.89392,-7.43773,0.0],[111.90536,-7.43332,0.0],[111.94036,-7.44012,0.0],[111.95981,-7.42688,0.0],[111.95769,-7.41828,0.0],[111.94243,-7.41096,0.0],[111.94318,-7.40631,0.0],[111.95071,-7.40741,0.0],[111.95802,-7.41332,0.0],[111.97126,-7.40498,0.0],[111.98404,-7.40743,0.0],[111.99867,-7.40338,0.0],[112.01965,-7.40983,0.0],[112.02024,-7.39991,0.0],[112.02419,-7.39559,0.0],[112.03518,-7.40184,0.0],[112.048,-7.39952,0.0],[112.0463,-7.39378,0.0],[112.06929,-7.39702,0.0],[112.07561,-7.38395,0.0],[112.08015,-7.38398,0.0],[112.08488,-7.37849,0.0],[112.08601,-7.36938,0.0],[112.08933,-7.36849,0.0],[112.089,-7.35847,0.0],[112.08446,-7.35663,0.0],[112.085,-7.35029,0.0],[112.07983,-7.34679,0.0],[112.07674,-7.33662,0.0],[112.07256,-7.33325,0.0],[112.07484,-7.32525,0.0],[112.07832,-7.32418,0.0],[112.07707,-7.31338,0.0],[112.07973,-7.31343,0.0],[112.08406,-7.3057,0.0],[112.08587,-7.30781,0.0],[112.09003,-7.304,0.0],[112.08727,-7.30294,0.0],[112.09002,-7.29808,0.0],[112.08531,-7.2884,0.0],[112.08903,-7.28699,0.0],[112.08617,-7.28354,0.0],[112.09116,-7.28222,0.0],[112.09442,-7.26932,0.0],[112.08757,-7.26703,0.0],[112.08434,-7.25958,0.0],[112.08385,-7.25499,0.0],[112.08809,-7.25298,0.0],[112.08385,-7.25,0.0],[112.08691,-7.24715,0.0],[112.08498,-7.24236,0.0],[112.08947,-7.23888,0.0],[112.08708,-7.22966,0.0],[112.09258,-7.22307,0.0],[112.09686,-7.22838,0.0],[112.10953,-7.22236,0.0],[112.11376,-7.21311,0.0],[112.11858,-7.21192,0.0],[112.11708,-7.20693,0.0],[112.12112,-7.20563,0.0],[112.11919,-7.20431,0.0],[112.12417,-7.18579,0.0],[112.13012,-7.18341,0.0],[112.13663,-7.16486,0.0],[112.13997,-7.16275,0.0],[112.13961,-7.15799,0.0],[112.15147,-7.15791,0.0],[112.1517,-7.14947,0.0],[112.16007,-7.1417,0.0],[112.16146,-7.12268,0.0],[112.16568,-7.11784,0.0],[112.16408,-7.11287,0.0],[112.1541,-7.11981,0.0],[112.1522,-7.10942,0.0]]]}},{"id":"4","type":"Feature","properties":{"WADMKK":"Bondowoso","KDPKAB":"35.11","WADMPR":"Jawa Timur"},"geometry":{"type":"Polygon","coordinates":[[[114.22434,-7.98666,0.0],[114.21169,-7.97776,0.0],[114.17454,-7.9694,0.0],[114.14115,-7.98139,0.0],[114.12764,-7.99302,0.0],[114.12755,-7.97611,0.0],[114.11351,-7.94208,0.0],[114.11563,-7.936,0.0],[114.11114,-7.9096,0.0],[114.10272,-7.89922,0.0],[114.10225,-7.89248,0.0],[114.09253,-7.87544,0.0],[114.0956,-7.84062,0.0],[114.08916,-7.82427,0.0],[114.08844,-7.80274,0.0],[114.08061,-7.79554,0.0],[114.07489,-7.78317,0.0],[114.07935,-7.77071,0.0],[114.07472,-7.76974,0.0],[114.07133,-7.76126,0.0],[114.06628,-7.75937,0.0],[114.05074,-7.76074,0.0],[114.04966,-7.75854,0.0],[114.03132,-7.75786,0.0],[114.03007,-7.76022,0.0],[114.0149,-7.761,0.0],[114.00782,-7.75502,0.0],[114.00124,-7.77017,0.0],[113.99241,-7.77779,0.0],[113.98346,-7.77251,0.0],[113.95962,-7.77013,0.0],[113.95084,-7.76523,0.0],[113.9409,-7.77549,0.0],[113.9357,-7.77671,0.0],[113.9378,-7.78614,0.0],[113.93481,-7.79274,0.0],[113.91823,-7.78881,0.0],[113.9169,-7.79249,0.0],[113.9055,-7.79564,0.0],[113.90399,-7.80361,0.0],[113.89672,-7.79828,0.0],[113.88292,-7.79709,0.0],[113.87729,-7.79108,0.0],[113.8722,-7.79754,0.0],[113.86449,-7.79331,0.0],[113.85325,-7.79436,0.0],[113.8343,-7.81313,0.0],[113.82143,-7.81097,0.0],[113.80158,-7.81653,0.0],[113.79994,-7.80779,0.0],[113.79343,-7.80281,0.0],[113.7604,-7.79215,0.0],[113.76075,-7.79685,0.0],[113.74736,-7.79625,0.0],[113.74404,-7.78967,0.0],[113.73972,-7.7889,0.0],[113.73938,-7.80445,0.0],[113.73368,-7.80932,0.0],[113.73136,-7.81993,0.0],[113.73275,-7.8361,0.0],[113.72607,-7.85432,0.0],[113.72703,-7.86066,0.0],[113.72093,-7.87228,0.0],[113.72246,-7.87903,0.0],[113.70711,-7.8854,0.0],[113.69985,-7.89935,0.0],[113.68909,-7.90315,0.0],[113.68485,-7.91033,0.0],[113.67332,-7.91893,0.0],[113.66292,-7.92159,0.0],[113.66044,-7.93846,0.0],[113.63713,-7.94959,0.0],[113.62326,-7.9622,0.0],[113.62927,-7.96741,0.0],[113.62952,-7.97246,0.0],[113.63567,-7.96558,0.0],[113.64603,-7.97415,0.0],[113.66143,-7.96637,0.0],[113.67013,-7.96798,0.0],[113.67162,-7.98578,0.0],[113.68724,-8.01151,0.0],[113.71019,-8.01122,0.0],[113.72024,-8.02168,0.0],[113.72619,-8.02357,0.0],[113.73961,-8.04679,0.0],[113.74612,-8.05134,0.0],[113.74756,-8.06498,0.0],[113.75197,-8.06012,0.0],[113.74925,-8.04943,0.0],[113.75298,-8.0526,0.0],[113.7563,-8.04738,0.0],[113.76022,-8.05079,0.0],[113.77288,-8.03677,0.0],[113.7819,-8.05014,0.0],[113.79178,-8.05135,0.0],[113.80219,-8.05767,0.0],[113.81259,-8.04613,0.0],[113.8441,-8.04726,0.0],[113.85702,-8.0417,0.0],[113.85832,-8.03894,0.0],[113.85128,-8.03378,0.0],[113.85154,-8.03091,0.0],[113.84741,-8.03053,0.0],[113.84376,-8.0206,0.0],[113.85328,-8.02415,0.0],[113.8552,-8.01933,0.0],[113.85782,-8.01866,0.0],[113.85948,-8.02714,0.0],[113.87203,-8.03253,0.0],[113.87279,-8.02782,0.0],[113.88497,-8.0299,0.0],[113.88544,-8.01899,0.0],[113.89322,-8.01549,0.0],[113.91861,-8.02497,0.0],[113.95865,-8.05507,0.0],[113.97085,-8.0552,0.0],[113.99156,-8.07003,0.0],[114.00285,-8.0743,0.0],[114.01473,-8.08691,0.0],[114.01557,-8.09311,0.0],[114.02535,-8.10491,0.0],[114.02763,-8.1127,0.0],[114.03988,-8.11351,0.0],[114.0473,-8.12622,0.0],[114.05327,-8.12816,0.0],[114.06287,-8.12193,0.0],[114.07912,-8.12665,0.0],[114.09174,-8.11615,0.0],[114.11658,-8.11438,0.0],[114.12885,-8.10969,0.0],[114.13525,-8.10291,0.0],[114.14649,-8.10101,0.0],[114.15328,-8.10542,0.0],[114.17255,-8.10724,0.0],[114.17646,-8.12032,0.0],[114.18438,-8.12091,0.0],[114.19521,-8.10356,0.0],[114.21375,-8.09978,0.0],[114.21745,-8.09269,0.0],[114.21975,-8.07374,0.0],[114.23114,-8.07043,0.0],[114.24672,-8.05467,0.0],[114.24876,-8.04565,0.0],[114.23582,-8.03121,0.0],[114.24071,-8.01344,0.0],[114.22434,-7.98666,0.0]]]}},{"id":"5","type":"Feature","properties":{"WADMKK":"Gresik","KDPKAB":"35.25","WADMPR":"Jawa Timur"},"geometry":{"type":"MultiPolygon","coordinates":[[[[112.55635,-6.84704,0.0],[112.55475,-6.84977,0.0],[112.54932,-6.84765,0.0],[112.5491,-6.85242,0.0],[112.53858,-6.85772,0.0],[112.53071,-6.85822,0.0],[112.53132,-6.86076,0.0],[112.522,-6.86663,0.0],[112.52188,-6.87171,0.0],[112.54178,-6.87755,0.0],[112.54014,-6.88431,0.0],[112.5274,-6.89819,0.0],[112.52829,-6.90208,0.0],[112.51972,-6.90592,0.0],[112.50419,-6.90673,0.0],[112.49361,-6.89926,0.0],[112.4909,-6.90423,0.0],[112.48219,-6.89808,0.0],[112.47873,-6.90028,0.0],[112.47342,-6.89791,0.0],[112.47385,-6.8938,0.0],[112.46773,-6.89338,0.0],[112.45781,-6.88557,0.0],[112.45843,-6.88259,0.0],[112.45838,-6.88228,0.0],[112.45782,-6.88136,0.0],[112.45621,-6.88472,0.0],[112.45747,-6.88083,0.0],[112.4532,-6.88341,0.0],[112.44619,-6.87404,0.0],[112.44003,-6.87429,0.0],[112.44069,-6.88269,0.0],[112.44329,-6.87995,0.0],[112.44845,-6.88481,0.0],[112.43699,-6.90175,0.0],[112.42979,-6.90191,0.0],[112.42407,-6.91087,0.0],[112.42138,-6.9245,0.0],[112.43006,-6.93007,0.0],[112.42412,-6.94007,0.0],[112.42534,-6.95153,0.0],[112.4124,-6.95189,0.0],[112.40516,-6.96046,0.0],[112.39434,-6.95511,0.0],[112.38713,-6.95894,0.0],[112.37678,-6.95274,0.0],[112.36708,-6.97775,0.0],[112.36731,-6.98774,0.0],[112.37196,-6.9846,0.0],[112.38229,-6.98864,0.0],[112.39119,-6.98576,0.0],[112.39873,-6.99342,0.0],[112.4048,-6.9909,0.0],[112.41721,-6.99382,0.0],[112.42792,-7.00239,0.0],[112.45219,-7.00112,0.0],[112.44862,-7.013,0.0],[112.45099,-7.01541,0.0],[112.45701,-7.01481,0.0],[112.46073,-7.0084,0.0],[112.48107,-7.00288,0.0],[112.48312,-7.00373,0.0],[112.48036,-7.01066,0.0],[112.48877,-7.0073,0.0],[112.4955,-7.0085,0.0],[112.49837,-7.00979,0.0],[112.49746,-7.01723,0.0],[112.50137,-7.01085,0.0],[112.51176,-7.01271,0.0],[112.50947,-7.01986,0.0],[112.4967,-7.0246,0.0],[112.49851,-7.03082,0.0],[112.51922,-7.04706,0.0],[112.52262,-7.04573,0.0],[112.52358,-7.03897,0.0],[112.54143,-7.05343,0.0],[112.54418,-7.05315,0.0],[112.54534,-7.04749,0.0],[112.55248,-7.05053,0.0],[112.5459,-7.05695,0.0],[112.54644,-7.06654,0.0],[112.54196,-7.06623,0.0],[112.53754,-7.08102,0.0],[112.53529,-7.07908,0.0],[112.53174,-7.08203,0.0],[112.53052,-7.08935,0.0],[112.53562,-7.09614,0.0],[112.51643,-7.10276,0.0],[112.51725,-7.10747,0.0],[112.50133,-7.10681,0.0],[112.4956,-7.11993,0.0],[112.49812,-7.12553,0.0],[112.49436,-7.12295,0.0],[112.48764,-7.12878,0.0],[112.48682,-7.12606,0.0],[112.48426,-7.12838,0.0],[112.476,-7.12566,0.0],[112.47,-7.15888,0.0],[112.47867,-7.16472,0.0],[112.5059,-7.16361,0.0],[112.50371,-7.1722,0.0],[112.50739,-7.17507,0.0],[112.50385,-7.17812,0.0],[112.50152,-7.19182,0.0],[112.47902,-7.19788,0.0],[112.4746,-7.20407,0.0],[112.46736,-7.20165,0.0],[112.46398,-7.20861,0.0],[112.45566,-7.2072,0.0],[112.45524,-7.2114,0.0],[112.44627,-7.21354,0.0],[112.4371,-7.22105,0.0],[112.43478,-7.22849,0.0],[112.4191,-7.23179,0.0],[112.41419,-7.23745,0.0],[112.41602,-7.24215,0.0],[112.41323,-7.2493,0.0],[112.39689,-7.26475,0.0],[112.41241,-7.27291,0.0],[112.40711,-7.29106,0.0],[112.41163,-7.29628,0.0],[112.41073,-7.3045,0.0],[112.40338,-7.31145,0.0],[112.39195,-7.31314,0.0],[112.38884,-7.32148,0.0],[112.37045,-7.32165,0.0],[112.3713,-7.32651,0.0],[112.37562,-7.32372,0.0],[112.37546,-7.32783,0.0],[112.38365,-7.3286,0.0],[112.3851,-7.33105,0.0],[112.3823,-7.33064,0.0],[112.38193,-7.33327,0.0],[112.38854,-7.33096,0.0],[112.3912,-7.33351,0.0],[112.39866,-7.32015,0.0],[112.40108,-7.31908,0.0],[112.40412,-7.32282,0.0],[112.402,-7.31931,0.0],[112.4078,-7.31772,0.0],[112.40426,-7.31663,0.0],[112.41109,-7.31185,0.0],[112.41075,-7.31657,0.0],[112.41324,-7.31325,0.0],[112.41643,-7.31537,0.0],[112.41487,-7.31073,0.0],[112.41884,-7.31389,0.0],[112.42292,-7.31231,0.0],[112.42155,-7.31718,0.0],[112.42892,-7.31081,0.0],[112.43279,-7.31445,0.0],[112.43794,-7.31172,0.0],[112.4418,-7.31421,0.0],[112.44043,-7.31171,0.0],[112.44447,-7.31167,0.0],[112.44173,-7.3097,0.0],[112.44745,-7.30314,0.0],[112.44756,-7.3065,0.0],[112.45073,-7.30545,0.0],[112.45208,-7.30981,0.0],[112.45721,-7.30894,0.0],[112.45881,-7.31211,0.0],[112.46738,-7.31096,0.0],[112.46931,-7.30395,0.0],[112.47829,-7.30487,0.0],[112.47977,-7.32838,0.0],[112.47628,-7.3296,0.0],[112.48556,-7.34022,0.0],[112.48081,-7.34915,0.0],[112.47301,-7.35321,0.0],[112.47307,-7.35638,0.0],[112.47803,-7.3577,0.0],[112.47993,-7.36498,0.0],[112.4741,-7.37206,0.0],[112.47793,-7.37938,0.0],[112.47569,-7.38519,0.0],[112.48357,-7.39542,0.0],[112.48522,-7.40385,0.0],[112.49362,-7.39938,0.0],[112.49461,-7.40852,0.0],[112.507,-7.40674,0.0],[112.52506,-7.39724,0.0],[112.52923,-7.40367,0.0],[112.53387,-7.40081,0.0],[112.54396,-7.40471,0.0],[112.56628,-7.39792,0.0],[112.56789,-7.38794,0.0],[112.57181,-7.39199,0.0],[112.57937,-7.38367,0.0],[112.58356,-7.38338,0.0],[112.58851,-7.3703,0.0],[112.59683,-7.37217,0.0],[112.61824,-7.36636,0.0],[112.63024,-7.36779,0.0],[112.64271,-7.36081,0.0],[112.65342,-7.36218,0.0],[112.6586,-7.35402,0.0],[112.66459,-7.35144,0.0],[112.66502,-7.34057,0.0],[112.65776,-7.3305,0.0],[112.65413,-7.334,0.0],[112.64819,-7.33347,0.0],[112.65099,-7.32517,0.0],[112.64924,-7.31456,0.0],[112.63008,-7.31461,0.0],[112.6278,-7.29058,0.0],[112.62175,-7.28263,0.0],[112.63309,-7.26428,0.0],[112.63112,-7.26028,0.0],[112.61834,-7.25772,0.0],[112.61259,-7.24967,0.0],[112.60413,-7.24957,0.0],[112.60179,-7.24625,0.0],[112.60719,-7.23723,0.0],[112.60459,-7.2329,0.0],[112.60006,-7.23239,0.0],[112.59695,-7.22347,0.0],[112.59177,-7.22347,0.0],[112.59011,-7.21515,0.0],[112.59425,-7.21543,0.0],[112.59579,-7.22098,0.0],[112.59922,-7.22331,0.0],[112.5975,-7.21956,0.0],[112.60113,-7.21619,0.0],[112.59473,-7.21458,0.0],[112.60091,-7.2129,0.0],[112.59617,-7.2066,0.0],[112.59762,-7.20384,0.0],[112.60162,-7.20256,0.0],[112.60524,-7.20766,0.0],[112.60799,-7.20234,0.0],[112.61034,-7.20799,0.0],[112.61281,-7.20553,0.0],[112.60987,-7.20187,0.0],[112.61354,-7.20085,0.0],[112.61497,-7.20776,0.0],[112.62028,-7.20172,0.0],[112.62102,-7.20864,0.0],[112.62528,-7.20606,0.0],[112.62554,-7.2012,0.0],[112.62153,-7.20101,0.0],[112.62672,-7.19635,0.0],[112.64006,-7.19245,0.0],[112.64759,-7.19525,0.0],[112.66321,-7.19325,0.0],[112.66689,-7.18208,0.0],[112.67628,-7.18212,0.0],[112.67404,-7.17447,0.0],[112.66963,-7.17405,0.0],[112.67127,-7.17074,0.0],[112.66655,-7.1709,0.0],[112.67105,-7.16854,0.0],[112.66684,-7.16908,0.0],[112.66789,-7.16389,0.0],[112.66391,-7.16555,0.0],[112.66282,-7.16327,0.0],[112.66394,-7.1649,0.0],[112.66851,-7.16276,0.0],[112.66622,-7.15949,0.0],[112.66038,-7.16241,0.0],[112.66648,-7.15788,0.0],[112.66046,-7.15816,0.0],[112.66301,-7.15564,0.0],[112.65899,-7.14786,0.0],[112.65224,-7.1466,0.0],[112.65686,-7.14412,0.0],[112.64748,-7.14202,0.0],[112.65224,-7.14021,0.0],[112.64944,-7.14028,0.0],[112.64894,-7.13505,0.0],[112.6406,-7.13793,0.0],[112.63955,-7.13771,0.0],[112.65012,-7.13356,0.0],[112.64778,-7.12824,0.0],[112.63017,-7.13628,0.0],[112.62486,-7.12858,0.0],[112.62544,-7.1261,0.0],[112.63384,-7.12582,0.0],[112.63354,-7.12368,0.0],[112.64642,-7.12365,0.0],[112.63313,-7.12344,0.0],[112.63244,-7.12097,0.0],[112.63931,-7.12079,0.0],[112.6408,-7.12052,0.0],[112.62525,-7.11975,0.0],[112.62255,-7.11119,0.0],[112.64636,-7.11275,0.0],[112.64762,-7.11145,0.0],[112.64738,-7.10834,0.0],[112.64142,-7.10727,0.0],[112.63591,-7.1117,0.0],[112.62262,-7.11083,0.0],[112.62696,-7.09851,0.0],[112.63433,-7.098,0.0],[112.63785,-7.06929,0.0],[112.63687,-7.07144,0.0],[112.63264,-7.06999,0.0],[112.63415,-7.06492,0.0],[112.63857,-7.05819,0.0],[112.64214,-7.05649,0.0],[112.64782,-7.05933,0.0],[112.65067,-7.05611,0.0],[112.653,-7.04183,0.0],[112.6427,-7.03225,0.0],[112.64534,-7.02851,0.0],[112.64324,-7.02643,0.0],[112.65037,-7.01866,0.0],[112.62941,-7.00916,0.0],[112.61529,-6.99323,0.0],[112.60726,-6.97555,0.0],[112.60668,-6.96265,0.0],[112.60344,-6.96162,0.0],[112.59408,-6.93769,0.0],[112.59266,-6.92901,0.0],[112.59601,-6.91752,0.0],[112.59659,-6.91768,0.0],[112.59673,-6.9169,0.0],[112.59691,-6.91681,0.0],[112.59705,-6.91785,0.0],[112.59747,-6.91704,0.0],[112.59819,-6.9177,0.0],[112.59881,-6.91742,0.0],[112.59947,-6.91768,0.0],[112.60066,-6.92528,0.0],[112.60826,-6.92575,0.0],[112.61949,-6.91375,0.0],[112.61704,-6.89083,0.0],[112.61339,-6.8903,0.0],[112.60896,-6.88003,0.0],[112.60617,-6.88085,0.0],[112.60694,-6.87652,0.0],[112.58351,-6.88993,0.0],[112.57537,-6.87889,0.0],[112.57632,-6.87015,0.0],[112.57369,-6.86607,0.0],[112.57759,-6.85085,0.0],[112.57225,-6.84845,0.0],[112.56718,-6.85627,0.0],[112.55635,-6.84704,0.0]]],[[[112.64816,-7.08763,0.0],[112.64845,-7.08078,0.0],[112.63912,-7.08116,0.0],[112.6385,-7.09244,0.0],[112.64816,-7.08763,0.0]]],[[[112.7076,-5.87086,0.0],[112.70476,-5.8717,0.0],[112.70793,-5.87133,0.0],[112.7076,-5.87086,0.0]]],[[[112.69063,-5.86753,0.0],[112.6901,-5.86811,0.0],[112.69081,-5.86794,0.0],[112.69063,-5.86753,0.0]]],[[[112.62445,-5.8605,0.0],[112.62517,-5.86049,0.0],[112.6245,-5.8602,0.0],[112.62445,-5.8605,0.0]]],[[[112.68945,-5.8669,0.0],[112.68605,-5.85861,0.0],[112.6856,-5.8687,0.0],[112.68945,-5.8669,0.0]]],[[[112.7679,-5.81231,0.0],[112.76867,-5.81194,0.0],[112.76884,-5.81079,0.0],[112.7679,-5.81231,0.0]]],[[[112.77748,-5.8029,0.0],[112.77837,-5.80276,0.0],[112.77844,-5.80254,0.0],[112.77748,-5.8029,0.0]]],[[[112.76873,-5.79516,0.0],[112.77031,-5.80364,0.0],[112.77507,-5.80496,0.0],[112.7761,-5.80336,0.0],[112.76873,-5.79516,0.0]]],[[[112.58097,-5.77561,0.0],[112.58181,-5.77504,0.0],[112.58042,-5.77494,0.0],[112.58097,-5.77561,0.0]]],[[[112.58834,-5.76746,0.0],[112.58093,-5.76864,0.0],[112.58628,-5.77517,0.0],[112.58558,-5.76912,0.0],[112.58834,-5.76746,0.0]]],[[[112.60757,-5.73775,0.0],[112.60524,-5.73745,0.0],[112.60601,-5.73911,0.0],[112.60757,-5.73775,0.0]]],[[[112.70412,-5.73461,0.0],[112.70373,-5.7338,0.0],[112.70387,-5.73482,0.0],[112.70412,-5.73461,0.0]]],[[[112.68781,-5.72289,0.0],[112.68612,-5.71575,0.0],[112.6744,-5.72275,0.0],[112.67544,-5.73306,0.0],[112.67026,-5.73721,0.0],[112.65703,-5.73022,0.0],[112.64677,-5.73021,0.0],[112.63663,-5.73623,0.0],[112.62823,-5.74739,0.0],[112.61291,-5.75053,0.0],[112.61061,-5.77171,0.0],[112.60389,-5.77365,0.0],[112.59778,-5.76893,0.0],[112.59006,-5.77563,0.0],[112.589,-5.78708,0.0],[112.57932,-5.78936,0.0],[112.58484,-5.79534,0.0],[112.58248,-5.80585,0.0],[112.57645,-5.80754,0.0],[112.57232,-5.80368,0.0],[112.56955,-5.80923,0.0],[112.58,-5.8147,0.0],[112.57452,-5.82715,0.0],[112.58473,-5.83178,0.0],[112.58195,-5.83798,0.0],[112.5788,-5.83695,0.0],[112.57623,-5.84496,0.0],[112.58269,-5.84353,0.0],[112.59165,-5.85561,0.0],[112.59967,-5.85354,0.0],[112.60921,-5.85831,0.0],[112.62108,-5.85571,0.0],[112.62268,-5.86046,0.0],[112.61867,-5.86788,0.0],[112.6207,-5.87144,0.0],[112.62455,-5.86649,0.0],[112.62298,-5.86051,0.0],[112.62475,-5.85945,0.0],[112.62617,-5.86103,0.0],[112.62746,-5.85977,0.0],[112.6261,-5.85218,0.0],[112.63295,-5.84428,0.0],[112.64252,-5.84603,0.0],[112.64192,-5.85295,0.0],[112.64299,-5.84617,0.0],[112.64479,-5.85085,0.0],[112.64881,-5.84884,0.0],[112.64711,-5.85369,0.0],[112.64895,-5.84896,0.0],[112.65173,-5.85265,0.0],[112.65599,-5.85198,0.0],[112.65578,-5.85656,0.0],[112.65777,-5.85275,0.0],[112.66508,-5.85059,0.0],[112.67013,-5.85539,0.0],[112.67849,-5.85182,0.0],[112.68509,-5.85587,0.0],[112.69238,-5.85444,0.0],[112.69482,-5.85072,0.0],[112.70098,-5.85218,0.0],[112.70412,-5.8462,0.0],[112.71312,-5.84658,0.0],[112.71921,-5.84189,0.0],[112.72117,-5.83288,0.0],[112.72526,-5.8349,0.0],[112.73298,-5.83228,0.0],[112.73275,-5.82343,0.0],[112.72761,-5.81735,0.0],[112.73137,-5.81215,0.0],[112.73206,-5.80017,0.0],[112.74147,-5.78848,0.0],[112.73039,-5.77178,0.0],[112.73561,-5.76522,0.0],[112.73136,-5.75948,0.0],[112.72847,-5.76194,0.0],[112.72423,-5.76002,0.0],[112.72625,-5.73707,0.0],[112.72053,-5.73781,0.0],[112.71284,-5.73155,0.0],[112.7044,-5.7354,0.0],[112.68781,-5.72289,0.0]]]]}},{"id":"6","type":"Feature","properties":{"WADMKK":null,"KDPKAB":null,"WADMPR":"Jawa Timur"},"geometry":{"type":"Polygon","coordinates":[[[112.88237,-7.57793,0.0],[112.87444,-7.56716,0.0],[112.86975,-7.56437,0.0],[112.87137,-7.57613,0.0],[112.88237,-7.57793,0.0]]]}},{"id":"7","type":"Feature","properties":{"WADMKK":null,"KDPKAB":" ","WADMPR":"Jawa Timur"},"geometry":{"type":"Polygon","coordinates":[[[112.66615,-7.19735,0.0],[112.66598,-7.19254,0.0],[112.66565,-7.19175,0.0],[112.66367,-7.19315,0.0],[112.66615,-7.19735,0.0]]]}},{"id":"8","type":"Feature","properties":{"WADMKK":"Jember","KDPKAB":"35.09","WADMPR":"Jawa Timur"},"geometry":{"type":"MultiPolygon","coordinates":[[[[113.81788,-8.56213,0.0],[113.81815,-8.56209,0.0],[113.81807,-8.56203,0.0],[113.81788,-8.56213,0.0]]],[[[113.81154,-8.56159,0.0],[113.81157,-8.56133,0.0],[113.81131,-8.56151,0.0],[113.81154,-8.56159,0.0]]],[[[113.81311,-8.56146,0.0],[113.81324,-8.56137,0.0],[113.8131,-8.56123,0.0],[113.81311,-8.56146,0.0]]],[[[113.81371,-8.5603,0.0],[113.81399,-8.55968,0.0],[113.81361,-8.56027,0.0],[113.81371,-8.5603,0.0]]],[[[113.81598,-8.55911,0.0],[113.81647,-8.55922,0.0],[113.81638,-8.55894,0.0],[113.81598,-8.55911,0.0]]],[[[113.81674,-8.55982,0.0],[113.81742,-8.55916,0.0],[113.81674,-8.55893,0.0],[113.81674,-8.55982,0.0]]],[[[113.80055,-8.55954,0.0],[113.80125,-8.55942,0.0],[113.80081,-8.55882,0.0],[113.80055,-8.55954,0.0]]],[[[113.81779,-8.55861,0.0],[113.81748,-8.55848,0.0],[113.81764,-8.55872,0.0],[113.81779,-8.55861,0.0]]],[[[113.80706,-8.55878,0.0],[113.80729,-8.55826,0.0],[113.80683,-8.55819,0.0],[113.80706,-8.55878,0.0]]],[[[113.80676,-8.55755,0.0],[113.80693,-8.5572,0.0],[113.80672,-8.5573,0.0],[113.80676,-8.55755,0.0]]],[[[113.80855,-8.55736,0.0],[113.80918,-8.5571,0.0],[113.80834,-8.55701,0.0],[113.80855,-8.55736,0.0]]],[[[113.80415,-8.5536,0.0],[113.8037,-8.5531,0.0],[113.80353,-8.55336,0.0],[113.80415,-8.5536,0.0]]],[[[113.80027,-8.54991,0.0],[113.80156,-8.54969,0.0],[113.8012,-8.54916,0.0],[113.80027,-8.54991,0.0]]],[[[113.74285,-8.54627,0.0],[113.7443,-8.5453,0.0],[113.74422,-8.54521,0.0],[113.74285,-8.54627,0.0]]],[[[113.8235,-8.54353,0.0],[113.8238,-8.54324,0.0],[113.82359,-8.54308,0.0],[113.8235,-8.54353,0.0]]],[[[113.74694,-8.54441,0.0],[113.74659,-8.54267,0.0],[113.74426,-8.54474,0.0],[113.74694,-8.54441,0.0]]],[[[113.83522,-8.53968,0.0],[113.83453,-8.53897,0.0],[113.83411,-8.53943,0.0],[113.83522,-8.53968,0.0]]],[[[113.83056,-8.53486,0.0],[113.83082,-8.53424,0.0],[113.83053,-8.53407,0.0],[113.83056,-8.53486,0.0]]],[[[113.70294,-8.53199,0.0],[113.70275,-8.53157,0.0],[113.70211,-8.53204,0.0],[113.70294,-8.53199,0.0]]],[[[113.70893,-8.53146,0.0],[113.70386,-8.53273,0.0],[113.70987,-8.53318,0.0],[113.70893,-8.53146,0.0]]],[[[113.71253,-8.52862,0.0],[113.71272,-8.52846,0.0],[113.71261,-8.52838,0.0],[113.71253,-8.52862,0.0]]],[[[113.75571,-8.52261,0.0],[113.75588,-8.52236,0.0],[113.75557,-8.52241,0.0],[113.75571,-8.52261,0.0]]],[[[113.75481,-8.52102,0.0],[113.75531,-8.52074,0.0],[113.75479,-8.52091,0.0],[113.75481,-8.52102,0.0]]],[[[113.78926,-8.51493,0.0],[113.79102,-8.51302,0.0],[113.78867,-8.51464,0.0],[113.78926,-8.51493,0.0]]],[[[113.31437,-8.5081,0.0],[113.31496,-8.50785,0.0],[113.31473,-8.5073,0.0],[113.31437,-8.5081,0.0]]],[[[113.66488,-8.50706,0.0],[113.66484,-8.50662,0.0],[113.66467,-8.507,0.0],[113.66488,-8.50706,0.0]]],[[[113.29862,-8.50667,0.0],[113.29924,-8.50562,0.0],[113.29857,-8.50482,0.0],[113.29862,-8.50667,0.0]]],[[[113.68724,-8.50493,0.0],[113.68764,-8.50456,0.0],[113.68724,-8.50433,0.0],[113.68724,-8.50493,0.0]]],[[[113.33312,-8.50412,0.0],[113.3335,-8.50409,0.0],[113.33342,-8.50396,0.0],[113.33312,-8.50412,0.0]]],[[[113.66648,-8.50397,0.0],[113.66596,-8.50361,0.0],[113.6661,-8.50467,0.0],[113.66648,-8.50397,0.0]]],[[[113.71487,-8.50451,0.0],[113.71443,-8.50328,0.0],[113.71321,-8.50473,0.0],[113.71487,-8.50451,0.0]]],[[[113.63323,-8.50455,0.0],[113.63367,-8.50299,0.0],[113.63284,-8.5033,0.0],[113.63323,-8.50455,0.0]]],[[[113.27881,-8.50219,0.0],[113.27787,-8.50106,0.0],[113.27762,-8.50219,0.0],[113.27881,-8.50219,0.0]]],[[[113.66477,-8.50045,0.0],[113.66525,-8.50003,0.0],[113.66449,-8.50013,0.0],[113.66477,-8.50045,0.0]]],[[[113.66187,-8.50181,0.0],[113.66143,-8.49988,0.0],[113.66046,-8.50344,0.0],[113.66187,-8.50181,0.0]]],[[[113.61585,-8.50022,0.0],[113.61625,-8.50006,0.0],[113.61631,-8.49962,0.0],[113.61585,-8.50022,0.0]]],[[[113.61515,-8.49955,0.0],[113.61446,-8.49947,0.0],[113.61444,-8.49952,0.0],[113.61515,-8.49955,0.0]]],[[[113.61601,-8.49943,0.0],[113.6161,-8.49949,0.0],[113.61615,-8.49942,0.0],[113.61601,-8.49943,0.0]]],[[[113.6142,-8.49944,0.0],[113.61439,-8.49947,0.0],[113.61434,-8.49939,0.0],[113.6142,-8.49944,0.0]]],[[[113.61616,-8.49937,0.0],[113.61631,-8.49939,0.0],[113.61631,-8.49933,0.0],[113.61616,-8.49937,0.0]]],[[[113.61773,-8.49962,0.0],[113.6171,-8.4995,0.0],[113.61753,-8.50024,0.0],[113.61773,-8.49962,0.0]]],[[[113.61676,-8.49918,0.0],[113.61631,-8.4993,0.0],[113.61668,-8.49941,0.0],[113.61676,-8.49918,0.0]]],[[[113.61679,-8.49908,0.0],[113.6169,-8.49908,0.0],[113.6169,-8.49904,0.0],[113.61679,-8.49908,0.0]]],[[[113.61732,-8.49874,0.0],[113.61749,-8.49889,0.0],[113.61751,-8.49878,0.0],[113.61732,-8.49874,0.0]]],[[[113.66142,-8.49945,0.0],[113.66261,-8.499,0.0],[113.66248,-8.49868,0.0],[113.66142,-8.49945,0.0]]],[[[113.27423,-8.49865,0.0],[113.27439,-8.49836,0.0],[113.27429,-8.49829,0.0],[113.27423,-8.49865,0.0]]],[[[113.61902,-8.49853,0.0],[113.61847,-8.4968,0.0],[113.61772,-8.49857,0.0],[113.61902,-8.49853,0.0]]],[[[113.6457,-8.49585,0.0],[113.64614,-8.49597,0.0],[113.64588,-8.49561,0.0],[113.6457,-8.49585,0.0]]],[[[113.64495,-8.49603,0.0],[113.64541,-8.49567,0.0],[113.64504,-8.49563,0.0],[113.64495,-8.49603,0.0]]],[[[113.40497,-8.49366,0.0],[113.40425,-8.49352,0.0],[113.40494,-8.49396,0.0],[113.40497,-8.49366,0.0]]],[[[113.26905,-8.49401,0.0],[113.26738,-8.49181,0.0],[113.26824,-8.49428,0.0],[113.26905,-8.49401,0.0]]],[[[113.41415,-8.4745,0.0],[113.41518,-8.47435,0.0],[113.41396,-8.47435,0.0],[113.41415,-8.4745,0.0]]],[[[113.6235,-8.47255,0.0],[113.62412,-8.4723,0.0],[113.62366,-8.47186,0.0],[113.6235,-8.47255,0.0]]],[[[113.62334,-8.47177,0.0],[113.62378,-8.4716,0.0],[113.62339,-8.4713,0.0],[113.62334,-8.47177,0.0]]],[[[113.62406,-8.46966,0.0],[113.62391,-8.4695,0.0],[113.62374,-8.46958,0.0],[113.62406,-8.46966,0.0]]],[[[113.26777,-8.46926,0.0],[113.26834,-8.46882,0.0],[113.2682,-8.46877,0.0],[113.26777,-8.46926,0.0]]],[[[113.58259,-8.44488,0.0],[113.58336,-8.44453,0.0],[113.58262,-8.44453,0.0],[113.58259,-8.44488,0.0]]],[[[113.29625,-8.44444,0.0],[113.29122,-8.44572,0.0],[113.29429,-8.45108,0.0],[113.28785,-8.46148,0.0],[113.26889,-8.46756,0.0],[113.2633,-8.48659,0.0],[113.27059,-8.49016,0.0],[113.26899,-8.49689,0.0],[113.27553,-8.4968,0.0],[113.27914,-8.50037,0.0],[113.28664,-8.49882,0.0],[113.29014,-8.50576,0.0],[113.29528,-8.50521,0.0],[113.29418,-8.50804,0.0],[113.29956,-8.50245,0.0],[113.30713,-8.50906,0.0],[113.31282,-8.49923,0.0],[113.31449,-8.50101,0.0],[113.3102,-8.50927,0.0],[113.32722,-8.50181,0.0],[113.33088,-8.50356,0.0],[113.34141,-8.50016,0.0],[113.35093,-8.50507,0.0],[113.36127,-8.49854,0.0],[113.36447,-8.50182,0.0],[113.36529,-8.49902,0.0],[113.36905,-8.50062,0.0],[113.375,-8.49598,0.0],[113.37585,-8.49858,0.0],[113.38028,-8.49505,0.0],[113.3949,-8.49347,0.0],[113.39934,-8.49634,0.0],[113.40425,-8.49339,0.0],[113.40191,-8.48923,0.0],[113.4073,-8.49273,0.0],[113.4104,-8.49069,0.0],[113.41235,-8.47275,0.0],[113.41618,-8.47481,0.0],[113.42036,-8.46969,0.0],[113.41656,-8.46798,0.0],[113.41359,-8.47049,0.0],[113.41091,-8.46705,0.0],[113.40428,-8.47201,0.0],[113.40635,-8.46568,0.0],[113.40338,-8.46703,0.0],[113.40246,-8.46001,0.0],[113.39735,-8.45505,0.0],[113.39029,-8.45378,0.0],[113.38743,-8.45831,0.0],[113.37174,-8.45863,0.0],[113.36808,-8.45055,0.0],[113.35942,-8.45303,0.0],[113.35318,-8.44911,0.0],[113.34955,-8.45484,0.0],[113.34251,-8.45802,0.0],[113.33218,-8.44849,0.0],[113.32597,-8.45283,0.0],[113.3165,-8.45278,0.0],[113.30361,-8.44984,0.0],[113.29625,-8.44444,0.0]]],[[[113.57973,-8.44471,0.0],[113.58005,-8.44432,0.0],[113.57954,-8.44453,0.0],[113.57973,-8.44471,0.0]]],[[[113.58956,-8.4436,0.0],[113.59024,-8.44348,0.0],[113.58967,-8.44309,0.0],[113.58956,-8.4436,0.0]]],[[[113.60436,-8.44379,0.0],[113.60503,-8.44289,0.0],[113.60351,-8.44362,0.0],[113.60436,-8.44379,0.0]]],[[[113.58905,-8.44294,0.0],[113.58958,-8.44277,0.0],[113.58924,-8.44259,0.0],[113.58905,-8.44294,0.0]]],[[[113.59129,-8.44305,0.0],[113.59069,-8.44248,0.0],[113.59004,-8.44278,0.0],[113.59129,-8.44305,0.0]]],[[[113.59283,-8.44248,0.0],[113.5924,-8.4422,0.0],[113.59212,-8.44226,0.0],[113.59283,-8.44248,0.0]]],[[[113.58981,-8.44167,0.0],[113.59073,-8.44142,0.0],[113.59068,-8.44131,0.0],[113.58981,-8.44167,0.0]]],[[[113.58021,-8.44168,0.0],[113.57838,-8.44078,0.0],[113.57832,-8.44185,0.0],[113.58021,-8.44168,0.0]]],[[[113.5492,-8.43972,0.0],[113.54928,-8.43957,0.0],[113.54909,-8.43964,0.0],[113.5492,-8.43972,0.0]]],[[[113.54888,-8.43954,0.0],[113.54901,-8.43949,0.0],[113.54886,-8.43941,0.0],[113.54888,-8.43954,0.0]]],[[[113.54999,-8.43845,0.0],[113.5494,-8.4386,0.0],[113.54952,-8.43873,0.0],[113.54999,-8.43845,0.0]]],[[[113.55147,-8.43795,0.0],[113.55055,-8.43828,0.0],[113.55146,-8.43822,0.0],[113.55147,-8.43795,0.0]]],[[[113.55219,-8.437,0.0],[113.55256,-8.43729,0.0],[113.55256,-8.43722,0.0],[113.55219,-8.437,0.0]]],[[[113.5547,-8.43685,0.0],[113.55489,-8.4364,0.0],[113.55466,-8.4365,0.0],[113.5547,-8.43685,0.0]]],[[[113.55395,-8.43613,0.0],[113.55426,-8.43605,0.0],[113.55399,-8.43594,0.0],[113.55395,-8.43613,0.0]]],[[[113.55586,-8.43609,0.0],[113.55623,-8.43598,0.0],[113.55603,-8.43592,0.0],[113.55586,-8.43609,0.0]]],[[[113.55785,-8.43587,0.0],[113.55847,-8.43514,0.0],[113.55771,-8.43577,0.0],[113.55785,-8.43587,0.0]]],[[[113.55672,-8.43507,0.0],[113.55631,-8.43453,0.0],[113.5559,-8.43485,0.0],[113.55672,-8.43507,0.0]]],[[[113.54745,-8.43391,0.0],[113.54787,-8.4336,0.0],[113.54728,-8.43347,0.0],[113.54745,-8.43391,0.0]]],[[[113.54737,-8.43267,0.0],[113.54733,-8.43236,0.0],[113.5471,-8.43246,0.0],[113.54737,-8.43267,0.0]]],[[[113.53517,-8.43223,0.0],[113.53564,-8.43255,0.0],[113.53585,-8.4324,0.0],[113.53517,-8.43223,0.0]]],[[[113.53986,-8.43253,0.0],[113.53979,-8.4318,0.0],[113.53927,-8.43215,0.0],[113.53986,-8.43253,0.0]]],[[[113.53731,-8.43271,0.0],[113.53587,-8.43298,0.0],[113.53698,-8.4337,0.0],[113.53731,-8.43271,0.0]]],[[[113.53608,-8.4304,0.0],[113.53477,-8.43055,0.0],[113.53616,-8.4305,0.0],[113.53608,-8.4304,0.0]]],[[[113.5271,-8.43031,0.0],[113.52784,-8.43003,0.0],[113.52717,-8.43008,0.0],[113.5271,-8.43031,0.0]]],[[[113.52959,-8.42955,0.0],[113.53007,-8.429,0.0],[113.52959,-8.42841,0.0],[113.52959,-8.42955,0.0]]],[[[113.51653,-8.42581,0.0],[113.51626,-8.4257,0.0],[113.51601,-8.42589,0.0],[113.51653,-8.42581,0.0]]],[[[113.50394,-8.42396,0.0],[113.50421,-8.42375,0.0],[113.50374,-8.42392,0.0],[113.50394,-8.42396,0.0]]],[[[113.48025,-8.4143,0.0],[113.4805,-8.41393,0.0],[113.48019,-8.41414,0.0],[113.48025,-8.4143,0.0]]],[[[113.47804,-8.41011,0.0],[113.47896,-8.40987,0.0],[113.4782,-8.40973,0.0],[113.47804,-8.41011,0.0]]],[[[113.47433,-8.39753,0.0],[113.47483,-8.39762,0.0],[113.47475,-8.39742,0.0],[113.47433,-8.39753,0.0]]],[[[113.47453,-8.39608,0.0],[113.47474,-8.39613,0.0],[113.47459,-8.39587,0.0],[113.47453,-8.39608,0.0]]],[[[113.67013,-7.96798,0.0],[113.66143,-7.96637,0.0],[113.66042,-7.9689,0.0],[113.65054,-7.97017,0.0],[113.64846,-7.97368,0.0],[113.63858,-7.97195,0.0],[113.62887,-7.97566,0.0],[113.61397,-7.99214,0.0],[113.61371,-7.98876,0.0],[113.60539,-7.98999,0.0],[113.6022,-7.97794,0.0],[113.59527,-7.97603,0.0],[113.59116,-7.97639,0.0],[113.59033,-7.9834,0.0],[113.58028,-7.98443,0.0],[113.57462,-7.98008,0.0],[113.56284,-7.98271,0.0],[113.55949,-7.99469,0.0],[113.54284,-8.00046,0.0],[113.53979,-8.00661,0.0],[113.53309,-8.00918,0.0],[113.51465,-8.0015,0.0],[113.50729,-8.00542,0.0],[113.49933,-8.00213,0.0],[113.49463,-8.00496,0.0],[113.49242,-7.99893,0.0],[113.4822,-7.99401,0.0],[113.48157,-8.0095,0.0],[113.47507,-8.02033,0.0],[113.47591,-8.02549,0.0],[113.46543,-8.0275,0.0],[113.45403,-8.01954,0.0],[113.45038,-8.01998,0.0],[113.44926,-8.02606,0.0],[113.44485,-8.02518,0.0],[113.44021,-8.01522,0.0],[113.42277,-8.00779,0.0],[113.41719,-8.00938,0.0],[113.41219,-8.00517,0.0],[113.40663,-8.008,0.0],[113.405,-8.00346,0.0],[113.39727,-8.00362,0.0],[113.39098,-7.99717,0.0],[113.37893,-8.02046,0.0],[113.37531,-8.02319,0.0],[113.37178,-8.02146,0.0],[113.36666,-8.0277,0.0],[113.36104,-8.02781,0.0],[113.35508,-8.0352,0.0],[113.35468,-8.04297,0.0],[113.34869,-8.05473,0.0],[113.35007,-8.06342,0.0],[113.35734,-8.07256,0.0],[113.35717,-8.07843,0.0],[113.36674,-8.0859,0.0],[113.36298,-8.09148,0.0],[113.36416,-8.10078,0.0],[113.36193,-8.10072,0.0],[113.36837,-8.11087,0.0],[113.36234,-8.11815,0.0],[113.36749,-8.12011,0.0],[113.37015,-8.12775,0.0],[113.376,-8.13102,0.0],[113.37236,-8.14637,0.0],[113.37911,-8.14866,0.0],[113.37953,-8.15776,0.0],[113.37495,-8.16503,0.0],[113.36599,-8.16836,0.0],[113.36799,-8.18514,0.0],[113.36072,-8.18934,0.0],[113.35326,-8.2036,0.0],[113.34814,-8.20734,0.0],[113.33337,-8.20827,0.0],[113.32684,-8.22126,0.0],[113.31306,-8.22883,0.0],[113.31173,-8.23372,0.0],[113.31558,-8.23822,0.0],[113.31982,-8.26509,0.0],[113.3121,-8.2921,0.0],[113.30354,-8.30721,0.0],[113.31589,-8.31144,0.0],[113.3598,-8.35122,0.0],[113.38887,-8.40042,0.0],[113.41868,-8.38278,0.0],[113.43163,-8.37902,0.0],[113.45209,-8.37801,0.0],[113.47285,-8.38351,0.0],[113.47638,-8.38754,0.0],[113.4753,-8.39808,0.0],[113.47971,-8.40157,0.0],[113.48041,-8.41104,0.0],[113.48584,-8.41566,0.0],[113.49482,-8.41279,0.0],[113.50503,-8.41928,0.0],[113.50484,-8.42297,0.0],[113.50862,-8.41998,0.0],[113.5231,-8.42886,0.0],[113.52913,-8.42925,0.0],[113.52979,-8.42695,0.0],[113.54943,-8.43016,0.0],[113.55322,-8.43623,0.0],[113.55367,-8.42986,0.0],[113.55742,-8.42667,0.0],[113.56974,-8.42529,0.0],[113.58126,-8.43186,0.0],[113.57969,-8.43793,0.0],[113.58384,-8.44022,0.0],[113.58266,-8.44403,0.0],[113.59253,-8.43645,0.0],[113.59978,-8.43551,0.0],[113.6245,-8.44646,0.0],[113.62772,-8.45096,0.0],[113.62532,-8.45312,0.0],[113.6248,-8.45437,0.0],[113.63907,-8.4546,0.0],[113.64334,-8.46416,0.0],[113.63681,-8.46987,0.0],[113.63795,-8.47514,0.0],[113.64645,-8.47798,0.0],[113.65007,-8.48447,0.0],[113.64454,-8.48997,0.0],[113.64655,-8.49441,0.0],[113.65637,-8.49337,0.0],[113.66083,-8.49776,0.0],[113.66947,-8.49788,0.0],[113.67328,-8.49188,0.0],[113.68122,-8.49347,0.0],[113.6842,-8.49113,0.0],[113.68957,-8.50502,0.0],[113.6953,-8.49991,0.0],[113.69503,-8.4951,0.0],[113.70325,-8.49046,0.0],[113.70071,-8.48686,0.0],[113.7032,-8.48247,0.0],[113.71026,-8.48153,0.0],[113.71817,-8.48492,0.0],[113.72223,-8.49667,0.0],[113.71715,-8.50836,0.0],[113.71973,-8.51203,0.0],[113.71306,-8.51509,0.0],[113.71261,-8.52824,0.0],[113.71625,-8.52712,0.0],[113.72154,-8.51775,0.0],[113.72408,-8.51702,0.0],[113.72559,-8.5206,0.0],[113.73183,-8.51481,0.0],[113.73481,-8.52574,0.0],[113.73877,-8.52604,0.0],[113.74977,-8.51811,0.0],[113.75612,-8.51857,0.0],[113.76179,-8.51451,0.0],[113.75505,-8.51002,0.0],[113.75887,-8.50218,0.0],[113.76176,-8.50348,0.0],[113.76501,-8.50039,0.0],[113.76798,-8.50466,0.0],[113.78083,-8.49552,0.0],[113.78514,-8.49514,0.0],[113.78781,-8.49856,0.0],[113.78663,-8.49272,0.0],[113.79204,-8.48773,0.0],[113.80757,-8.4954,0.0],[113.81244,-8.50231,0.0],[113.8059,-8.50762,0.0],[113.8109,-8.51312,0.0],[113.81037,-8.51684,0.0],[113.80445,-8.5204,0.0],[113.80816,-8.52044,0.0],[113.80902,-8.53318,0.0],[113.81514,-8.5334,0.0],[113.81656,-8.53617,0.0],[113.81288,-8.53804,0.0],[113.81494,-8.54162,0.0],[113.80744,-8.54736,0.0],[113.80589,-8.55429,0.0],[113.81474,-8.55837,0.0],[113.8156,-8.54613,0.0],[113.82177,-8.54161,0.0],[113.82541,-8.54265,0.0],[113.82964,-8.52721,0.0],[113.83737,-8.52987,0.0],[113.83529,-8.53375,0.0],[113.83875,-8.53612,0.0],[113.83413,-8.5414,0.0],[113.83741,-8.54729,0.0],[113.83448,-8.55039,0.0],[113.83759,-8.55368,0.0],[113.8439,-8.5459,0.0],[113.85512,-8.51963,0.0],[113.85552,-8.51553,0.0],[113.84314,-8.50353,0.0],[113.84221,-8.49446,0.0],[113.85465,-8.42998,0.0],[113.87437,-8.41642,0.0],[113.88196,-8.41727,0.0],[113.89041,-8.4104,0.0],[113.90033,-8.42397,0.0],[113.89924,-8.43443,0.0],[113.91027,-8.44197,0.0],[113.93442,-8.42324,0.0],[113.93744,-8.40913,0.0],[113.94727,-8.40182,0.0],[113.92367,-8.38426,0.0],[113.92775,-8.37671,0.0],[113.92165,-8.3699,0.0],[113.92253,-8.36346,0.0],[113.91871,-8.35849,0.0],[113.92122,-8.35732,0.0],[113.9159,-8.35317,0.0],[113.91582,-8.34812,0.0],[113.91151,-8.35002,0.0],[113.90901,-8.34686,0.0],[113.91333,-8.33994,0.0],[113.92422,-8.33491,0.0],[113.92837,-8.31996,0.0],[113.92115,-8.30845,0.0],[113.92538,-8.29423,0.0],[113.93436,-8.28136,0.0],[113.935,-8.2708,0.0],[113.94977,-8.26072,0.0],[113.9536,-8.24884,0.0],[113.96285,-8.24042,0.0],[113.9667,-8.23227,0.0],[113.96531,-8.22553,0.0],[113.96812,-8.22061,0.0],[113.95752,-8.20649,0.0],[113.97075,-8.18959,0.0],[113.99028,-8.18295,0.0],[114.02205,-8.14187,0.0],[114.02692,-8.13942,0.0],[114.03566,-8.14102,0.0],[114.04112,-8.13718,0.0],[114.04685,-8.12425,0.0],[114.03988,-8.11351,0.0],[114.02763,-8.1127,0.0],[114.02535,-8.10491,0.0],[114.01557,-8.09311,0.0],[114.01473,-8.08691,0.0],[114.00285,-8.0743,0.0],[113.99156,-8.07003,0.0],[113.97085,-8.0552,0.0],[113.95865,-8.05507,0.0],[113.91861,-8.02497,0.0],[113.89322,-8.01549,0.0],[113.88544,-8.01899,0.0],[113.88497,-8.0299,0.0],[113.87279,-8.02782,0.0],[113.87203,-8.03253,0.0],[113.85948,-8.02714,0.0],[113.85782,-8.01866,0.0],[113.85328,-8.02415,0.0],[113.84376,-8.0206,0.0],[113.84741,-8.03053,0.0],[113.85154,-8.03091,0.0],[113.85128,-8.03378,0.0],[113.85832,-8.03894,0.0],[113.85702,-8.0417,0.0],[113.8441,-8.04726,0.0],[113.81259,-8.04613,0.0],[113.80219,-8.05767,0.0],[113.79178,-8.05135,0.0],[113.7819,-8.05014,0.0],[113.77288,-8.03677,0.0],[113.76022,-8.05079,0.0],[113.7563,-8.04738,0.0],[113.75298,-8.0526,0.0],[113.74925,-8.04943,0.0],[113.75197,-8.06012,0.0],[113.74756,-8.06498,0.0],[113.74612,-8.05134,0.0],[113.73961,-8.04679,0.0],[113.72619,-8.02357,0.0],[113.72024,-8.02168,0.0],[113.71019,-8.01122,0.0],[113.68724,-8.01151,0.0],[113.67162,-7.98578,0.0],[113.67013,-7.96798,0.0]]]]}},{"id":"9","type":"Feature","properties":{"WADMKK":"Jombang","KDPKAB":"35.17","WADMPR":"Jawa Timur"},"geometry":{"type":"Polygon","coordinates":[[[112.3458,-7.34506,0.0],[112.3289,-7.34398,0.0],[112.30778,-7.35184,0.0],[112.30642,-7.35671,0.0],[112.3146,-7.36026,0.0],[112.31189,-7.36528,0.0],[112.30632,-7.36448,0.0],[112.30565,-7.35784,0.0],[112.3025,-7.35713,0.0],[112.29336,-7.3647,0.0],[112.29483,-7.35951,0.0],[112.27546,-7.3569,0.0],[112.2521,-7.36342,0.0],[112.22726,-7.35043,0.0],[112.21156,-7.34856,0.0],[112.203,-7.34998,0.0],[112.20039,-7.35336,0.0],[112.18712,-7.35218,0.0],[112.16968,-7.35718,0.0],[112.15243,-7.36677,0.0],[112.13776,-7.36793,0.0],[112.12302,-7.37348,0.0],[112.10645,-7.38382,0.0],[112.09714,-7.38482,0.0],[112.08954,-7.38159,0.0],[112.08613,-7.38442,0.0],[112.07572,-7.38387,0.0],[112.06922,-7.39716,0.0],[112.07233,-7.39957,0.0],[112.06874,-7.40322,0.0],[112.07159,-7.4062,0.0],[112.06264,-7.41729,0.0],[112.06328,-7.42134,0.0],[112.06777,-7.42653,0.0],[112.06827,-7.43566,0.0],[112.074,-7.43642,0.0],[112.07315,-7.44122,0.0],[112.07741,-7.44356,0.0],[112.08089,-7.45221,0.0],[112.07616,-7.46011,0.0],[112.07959,-7.47367,0.0],[112.08356,-7.47468,0.0],[112.09359,-7.46925,0.0],[112.093,-7.46507,0.0],[112.09828,-7.46401,0.0],[112.09813,-7.46098,0.0],[112.10385,-7.46323,0.0],[112.10448,-7.45983,0.0],[112.11241,-7.46518,0.0],[112.11662,-7.45934,0.0],[112.12357,-7.46243,0.0],[112.12519,-7.45207,0.0],[112.12794,-7.45798,0.0],[112.1344,-7.46082,0.0],[112.13969,-7.45889,0.0],[112.15093,-7.46205,0.0],[112.15224,-7.46602,0.0],[112.15485,-7.46325,0.0],[112.15923,-7.47067,0.0],[112.15713,-7.47192,0.0],[112.15936,-7.47919,0.0],[112.1643,-7.47854,0.0],[112.16427,-7.48981,0.0],[112.1691,-7.48964,0.0],[112.16622,-7.49564,0.0],[112.15209,-7.50611,0.0],[112.15079,-7.52925,0.0],[112.14422,-7.53535,0.0],[112.13414,-7.53534,0.0],[112.11161,-7.5659,0.0],[112.11522,-7.57958,0.0],[112.11048,-7.59315,0.0],[112.11661,-7.60372,0.0],[112.13918,-7.61163,0.0],[112.15142,-7.61019,0.0],[112.16542,-7.61298,0.0],[112.18241,-7.63231,0.0],[112.18512,-7.64124,0.0],[112.19458,-7.65372,0.0],[112.21784,-7.67607,0.0],[112.21498,-7.68905,0.0],[112.23305,-7.70134,0.0],[112.23325,-7.70708,0.0],[112.25231,-7.72607,0.0],[112.26702,-7.72806,0.0],[112.26699,-7.72251,0.0],[112.3018,-7.72682,0.0],[112.31836,-7.73756,0.0],[112.34863,-7.74879,0.0],[112.3612,-7.76116,0.0],[112.37528,-7.76397,0.0],[112.39693,-7.77597,0.0],[112.40861,-7.77339,0.0],[112.41805,-7.76422,0.0],[112.43021,-7.77079,0.0],[112.43629,-7.76536,0.0],[112.44248,-7.77621,0.0],[112.45562,-7.77922,0.0],[112.44778,-7.76477,0.0],[112.44812,-7.74302,0.0],[112.43859,-7.73287,0.0],[112.4304,-7.70005,0.0],[112.41168,-7.67354,0.0],[112.41,-7.64498,0.0],[112.40276,-7.64195,0.0],[112.38967,-7.65075,0.0],[112.38796,-7.64444,0.0],[112.38342,-7.64364,0.0],[112.37992,-7.63441,0.0],[112.38705,-7.6216,0.0],[112.38726,-7.61431,0.0],[112.38104,-7.594,0.0],[112.37567,-7.5863,0.0],[112.3766,-7.57735,0.0],[112.37163,-7.57164,0.0],[112.37526,-7.563,0.0],[112.36931,-7.56127,0.0],[112.36848,-7.55615,0.0],[112.36368,-7.55281,0.0],[112.36478,-7.54385,0.0],[112.37046,-7.54026,0.0],[112.36667,-7.52419,0.0],[112.37393,-7.52552,0.0],[112.37523,-7.51186,0.0],[112.37802,-7.51218,0.0],[112.37493,-7.50848,0.0],[112.37675,-7.49725,0.0],[112.37428,-7.4872,0.0],[112.38438,-7.47898,0.0],[112.38892,-7.48097,0.0],[112.3903,-7.47011,0.0],[112.39967,-7.46483,0.0],[112.40326,-7.46699,0.0],[112.40489,-7.46132,0.0],[112.39827,-7.4576,0.0],[112.38125,-7.4589,0.0],[112.35117,-7.45486,0.0],[112.34137,-7.45978,0.0],[112.33267,-7.45443,0.0],[112.33421,-7.44701,0.0],[112.33783,-7.44741,0.0],[112.34059,-7.4407,0.0],[112.34593,-7.4416,0.0],[112.34123,-7.43729,0.0],[112.34129,-7.43225,0.0],[112.34631,-7.4178,0.0],[112.34921,-7.41858,0.0],[112.35294,-7.41325,0.0],[112.34592,-7.40994,0.0],[112.34903,-7.40391,0.0],[112.34755,-7.39791,0.0],[112.34062,-7.38816,0.0],[112.33407,-7.38882,0.0],[112.3319,-7.38,0.0],[112.33219,-7.3708,0.0],[112.33567,-7.36974,0.0],[112.33549,-7.36359,0.0],[112.3458,-7.34506,0.0]],[[112.3293,-7.34596,0.0],[112.33258,-7.34812,0.0],[112.33212,-7.35024,0.0],[112.33063,-7.35079,0.0],[112.3293,-7.34596,0.0]]]}},{"id":"10","type":"Feature","properties":{"WADMKK":"Kediri","KDPKAB":"35.06","WADMPR":"Jawa Timur"},"geometry":{"type":"Polygon","coordinates":[[[112.41734,-7.76445,0.0],[112.40861,-7.77339,0.0],[112.39726,-7.77607,0.0],[112.37528,-7.76397,0.0],[112.3612,-7.76116,0.0],[112.34863,-7.74879,0.0],[112.31836,-7.73756,0.0],[112.3018,-7.72682,0.0],[112.26699,-7.72251,0.0],[112.26616,-7.72826,0.0],[112.25185,-7.72583,0.0],[112.23325,-7.70708,0.0],[112.23305,-7.70134,0.0],[112.21498,-7.68905,0.0],[112.21784,-7.67607,0.0],[112.19458,-7.65372,0.0],[112.18512,-7.64124,0.0],[112.18241,-7.63231,0.0],[112.16542,-7.61298,0.0],[112.15142,-7.61019,0.0],[112.13918,-7.61163,0.0],[112.1215,-7.60674,0.0],[112.11048,-7.59315,0.0],[112.10909,-7.6039,0.0],[112.10309,-7.60947,0.0],[112.09835,-7.64411,0.0],[112.08548,-7.65815,0.0],[112.08278,-7.67291,0.0],[112.07587,-7.67876,0.0],[112.07631,-7.7015,0.0],[112.06578,-7.71166,0.0],[112.05907,-7.72352,0.0],[112.04909,-7.72627,0.0],[112.02722,-7.72569,0.0],[112.02061,-7.74254,0.0],[112.02228,-7.76195,0.0],[112.0097,-7.76,0.0],[112.00224,-7.75235,0.0],[112.00118,-7.7445,0.0],[111.99824,-7.74292,0.0],[111.99756,-7.7293,0.0],[111.98825,-7.7238,0.0],[111.98224,-7.71096,0.0],[111.98506,-7.68636,0.0],[111.9813,-7.68333,0.0],[111.95411,-7.67961,0.0],[111.95245,-7.68648,0.0],[111.94998,-7.68592,0.0],[111.94576,-7.69404,0.0],[111.94231,-7.69405,0.0],[111.93185,-7.70877,0.0],[111.92805,-7.72256,0.0],[111.9003,-7.73973,0.0],[111.88571,-7.75486,0.0],[111.88157,-7.7636,0.0],[111.86278,-7.77603,0.0],[111.82472,-7.81122,0.0],[111.81401,-7.81297,0.0],[111.81329,-7.82266,0.0],[111.7992,-7.83657,0.0],[111.79717,-7.8479,0.0],[111.80199,-7.85629,0.0],[111.80271,-7.86567,0.0],[111.81037,-7.86643,0.0],[111.83038,-7.87744,0.0],[111.85125,-7.90086,0.0],[111.86303,-7.90766,0.0],[111.87824,-7.93287,0.0],[111.88363,-7.94791,0.0],[111.9026,-7.95707,0.0],[111.91004,-7.95612,0.0],[111.91683,-7.96115,0.0],[111.91779,-7.95656,0.0],[111.92289,-7.95686,0.0],[111.92768,-7.96294,0.0],[111.9452,-7.95352,0.0],[111.94659,-7.96089,0.0],[111.94387,-7.96449,0.0],[111.95036,-7.97476,0.0],[111.95261,-7.9886,0.0],[111.95649,-7.99015,0.0],[111.95674,-7.99774,0.0],[111.96172,-7.99861,0.0],[111.96389,-8.00717,0.0],[111.97625,-8.01255,0.0],[111.97771,-7.99782,0.0],[111.98124,-7.99686,0.0],[112.01306,-7.99833,0.0],[112.01423,-8.00172,0.0],[112.03683,-7.99326,0.0],[112.09274,-7.991,0.0],[112.09629,-7.98908,0.0],[112.09736,-7.98304,0.0],[112.09625,-7.97001,0.0],[112.10955,-7.96946,0.0],[112.13343,-7.97604,0.0],[112.15024,-7.9772,0.0],[112.17843,-7.9741,0.0],[112.20133,-7.96404,0.0],[112.22138,-7.96159,0.0],[112.2402,-7.95143,0.0],[112.24243,-7.94748,0.0],[112.25139,-7.94476,0.0],[112.25719,-7.94405,0.0],[112.25946,-7.94738,0.0],[112.28243,-7.939,0.0],[112.29293,-7.94038,0.0],[112.30614,-7.93607,0.0],[112.30658,-7.9293,0.0],[112.31382,-7.9205,0.0],[112.31247,-7.90276,0.0],[112.32326,-7.8922,0.0],[112.32598,-7.87287,0.0],[112.3182,-7.86147,0.0],[112.32125,-7.85545,0.0],[112.31731,-7.84686,0.0],[112.31935,-7.83908,0.0],[112.30763,-7.83892,0.0],[112.30686,-7.79928,0.0],[112.30038,-7.78927,0.0],[112.29607,-7.7889,0.0],[112.29269,-7.78128,0.0],[112.28829,-7.77955,0.0],[112.28887,-7.77585,0.0],[112.28743,-7.77204,0.0],[112.28784,-7.77067,0.0],[112.29941,-7.76939,0.0],[112.31046,-7.77675,0.0],[112.32864,-7.77729,0.0],[112.33936,-7.77444,0.0],[112.33965,-7.76805,0.0],[112.34946,-7.76156,0.0],[112.36676,-7.76838,0.0],[112.38186,-7.7849,0.0],[112.38902,-7.78293,0.0],[112.39622,-7.78539,0.0],[112.41161,-7.77661,0.0],[112.41734,-7.76445,0.0]],[[112.00948,-7.77188,0.0],[112.00793,-7.78164,0.0],[112.00254,-7.78431,0.0],[112.00234,-7.7884,0.0],[112.01591,-7.79082,0.0],[112.01916,-7.80003,0.0],[112.0313,-7.80029,0.0],[112.02929,-7.80959,0.0],[112.03769,-7.81054,0.0],[112.03328,-7.81883,0.0],[112.0427,-7.82043,0.0],[112.04302,-7.82675,0.0],[112.0558,-7.83152,0.0],[112.05587,-7.83437,0.0],[112.05779,-7.83155,0.0],[112.06697,-7.83589,0.0],[112.07048,-7.82955,0.0],[112.07695,-7.83219,0.0],[112.07572,-7.83742,0.0],[112.08194,-7.8448,0.0],[112.07755,-7.84961,0.0],[112.06927,-7.84396,0.0],[112.0689,-7.85156,0.0],[112.06578,-7.85456,0.0],[112.07121,-7.8617,0.0],[112.07428,-7.8758,0.0],[112.06945,-7.87501,0.0],[112.06674,-7.8681,0.0],[112.05781,-7.86432,0.0],[112.05131,-7.86515,0.0],[112.04828,-7.87281,0.0],[112.03063,-7.86741,0.0],[112.02377,-7.86225,0.0],[112.02485,-7.8592,0.0],[111.9984,-7.85178,0.0],[112.00805,-7.84037,0.0],[111.99767,-7.83743,0.0],[111.98701,-7.83958,0.0],[111.98353,-7.83728,0.0],[111.98393,-7.82625,0.0],[111.97658,-7.82866,0.0],[111.97304,-7.82307,0.0],[111.95809,-7.82286,0.0],[111.95548,-7.80632,0.0],[111.9628,-7.80293,0.0],[111.96661,-7.79595,0.0],[111.97397,-7.79546,0.0],[111.97415,-7.79253,0.0],[111.9813,-7.79378,0.0],[111.9832,-7.78213,0.0],[111.99266,-7.78406,0.0],[111.99238,-7.77694,0.0],[111.99707,-7.77596,0.0],[111.99865,-7.77144,0.0],[112.00948,-7.77188,0.0]]]}},{"id":"11","type":"Feature","properties":{"WADMKK":"Kota Batu","KDPKAB":"35.79","WADMPR":"Jawa Timur"},"geometry":{"type":"Polygon","coordinates":[[[112.58977,-7.76496,0.0],[112.58756,-7.75355,0.0],[112.58199,-7.75146,0.0],[112.57484,-7.73258,0.0],[112.56174,-7.73787,0.0],[112.52791,-7.73507,0.0],[112.52485,-7.73964,0.0],[112.5144,-7.74171,0.0],[112.51237,-7.75155,0.0],[112.49843,-7.75529,0.0],[112.49041,-7.76406,0.0],[112.49138,-7.78574,0.0],[112.49776,-7.79629,0.0],[112.49961,-7.81566,0.0],[112.49365,-7.82753,0.0],[112.49673,-7.83642,0.0],[112.49296,-7.84548,0.0],[112.49462,-7.85399,0.0],[112.48681,-7.85867,0.0],[112.48778,-7.87759,0.0],[112.47892,-7.88624,0.0],[112.47734,-7.89202,0.0],[112.48291,-7.90569,0.0],[112.48405,-7.92418,0.0],[112.47463,-7.93937,0.0],[112.48445,-7.93124,0.0],[112.49895,-7.93198,0.0],[112.52694,-7.92539,0.0],[112.54139,-7.92631,0.0],[112.5415,-7.923,0.0],[112.55723,-7.91903,0.0],[112.56711,-7.91291,0.0],[112.57491,-7.91476,0.0],[112.57503,-7.91805,0.0],[112.58017,-7.91752,0.0],[112.58247,-7.90932,0.0],[112.59505,-7.90595,0.0],[112.59558,-7.90301,0.0],[112.58334,-7.88847,0.0],[112.57569,-7.88671,0.0],[112.57247,-7.88918,0.0],[112.56435,-7.87948,0.0],[112.56477,-7.85288,0.0],[112.5692,-7.84656,0.0],[112.57331,-7.82632,0.0],[112.57167,-7.81714,0.0],[112.57827,-7.80658,0.0],[112.58037,-7.78819,0.0],[112.58471,-7.78055,0.0],[112.58339,-7.77091,0.0],[112.58977,-7.76496,0.0]]]}},{"id":"12","type":"Feature","properties":{"WADMKK":"Kota Blitar","KDPKAB":"35.72","WADMPR":"Jawa Timur"},"geometry":{"type":"Polygon","coordinates":[[[112.18898,-8.05811,0.0],[112.18217,-8.05733,0.0],[112.18107,-8.0609,0.0],[112.17213,-8.05819,0.0],[112.16842,-8.0734,0.0],[112.16132,-8.08492,0.0],[112.15706,-8.0862,0.0],[112.1576,-8.0832,0.0],[112.15142,-8.08254,0.0],[112.14427,-8.07668,0.0],[112.1335,-8.08363,0.0],[112.13206,-8.09108,0.0],[112.1416,-8.09994,0.0],[112.13594,-8.10904,0.0],[112.14087,-8.1112,0.0],[112.14364,-8.10756,0.0],[112.1439,-8.11134,0.0],[112.14756,-8.10947,0.0],[112.14222,-8.11778,0.0],[112.15028,-8.12119,0.0],[112.14898,-8.12757,0.0],[112.15961,-8.12664,0.0],[112.15645,-8.13487,0.0],[112.16766,-8.13137,0.0],[112.17079,-8.11881,0.0],[112.1761,-8.12037,0.0],[112.18453,-8.10471,0.0],[112.19378,-8.10064,0.0],[112.20051,-8.09282,0.0],[112.19085,-8.08533,0.0],[112.1985,-8.06537,0.0],[112.18729,-8.06545,0.0],[112.18898,-8.05811,0.0]]]}},{"id":"13","type":"Feature","properties":{"WADMKK":"Kota Kediri","KDPKAB":"35.71","WADMPR":"Jawa Timur"},"geometry":{"type":"Polygon","coordinates":[[[112.00948,-7.77188,0.0],[111.99865,-7.77144,0.0],[111.99707,-7.77596,0.0],[111.99238,-7.77694,0.0],[111.99266,-7.78406,0.0],[111.9832,-7.78213,0.0],[111.9813,-7.79378,0.0],[111.97415,-7.79253,0.0],[111.97397,-7.79546,0.0],[111.96661,-7.79595,0.0],[111.9628,-7.80293,0.0],[111.95548,-7.80632,0.0],[111.95809,-7.82286,0.0],[111.97304,-7.82307,0.0],[111.97658,-7.82866,0.0],[111.98393,-7.82625,0.0],[111.98353,-7.83728,0.0],[111.98701,-7.83958,0.0],[111.99767,-7.83743,0.0],[112.00805,-7.84037,0.0],[111.9984,-7.85178,0.0],[112.02485,-7.8592,0.0],[112.02377,-7.86225,0.0],[112.03063,-7.86741,0.0],[112.04828,-7.87281,0.0],[112.05131,-7.86515,0.0],[112.05781,-7.86432,0.0],[112.06674,-7.8681,0.0],[112.06945,-7.87501,0.0],[112.07428,-7.8758,0.0],[112.07121,-7.8617,0.0],[112.06578,-7.85456,0.0],[112.0689,-7.85156,0.0],[112.06927,-7.84396,0.0],[112.07755,-7.84961,0.0],[112.08194,-7.8448,0.0],[112.07572,-7.83742,0.0],[112.07695,-7.83219,0.0],[112.07048,-7.82955,0.0],[112.06697,-7.83589,0.0],[112.05779,-7.83155,0.0],[112.05587,-7.83437,0.0],[112.0558,-7.83152,0.0],[112.04302,-7.82675,0.0],[112.0427,-7.82043,0.0],[112.03328,-7.81883,0.0],[112.03769,-7.81054,0.0],[112.02929,-7.80959,0.0],[112.0313,-7.80029,0.0],[112.01916,-7.80003,0.0],[112.01591,-7.79082,0.0],[112.00234,-7.7884,0.0],[112.00254,-7.78431,0.0],[112.00793,-7.78164,0.0],[112.00948,-7.77188,0.0]]]}},{"id":"14","type":"Feature","properties":{"WADMKK":"Kota Madiun","KDPKAB":"35.77","WADMPR":"Jawa Timur"},"geometry":{"type":"MultiPolygon","coordinates":[[[[111.55132,-7.59493,0.0],[111.53316,-7.60267,0.0],[111.53405,-7.59953,0.0],[111.5204,-7.59715,0.0],[111.51198,-7.60821,0.0],[111.50376,-7.60628,0.0],[111.50017,-7.60838,0.0],[111.50229,-7.6204,0.0],[111.49568,-7.6247,0.0],[111.50043,-7.62636,0.0],[111.49569,-7.63771,0.0],[111.49835,-7.63913,0.0],[111.49686,-7.6451,0.0],[111.49917,-7.64073,0.0],[111.50761,-7.64103,0.0],[111.51064,-7.63414,0.0],[111.51247,-7.65212,0.0],[111.50958,-7.65617,0.0],[111.51272,-7.66132,0.0],[111.52908,-7.66427,0.0],[111.53307,-7.66343,0.0],[111.53346,-7.6603,0.0],[111.54424,-7.65907,0.0],[111.53893,-7.64864,0.0],[111.53971,-7.64638,0.0],[111.54612,-7.64783,0.0],[111.55125,-7.64234,0.0],[111.55274,-7.62716,0.0],[111.54863,-7.62597,0.0],[111.55901,-7.60507,0.0],[111.55803,-7.59632,0.0],[111.55132,-7.59493,0.0]]],[[[111.50708,-7.67764,0.0],[111.50789,-7.67518,0.0],[111.51365,-7.67592,0.0],[111.51538,-7.67128,0.0],[111.5155,-7.66382,0.0],[111.51179,-7.66157,0.0],[111.50393,-7.67292,0.0],[111.50708,-7.67764,0.0]]],[[[111.50493,-7.64617,0.0],[111.49873,-7.64747,0.0],[111.50496,-7.64934,0.0],[111.50493,-7.64617,0.0]]],[[[111.50708,-7.67764,0.0],[111.50874,-7.68051,0.0],[111.51018,-7.67843,0.0],[111.50708,-7.67764,0.0]]]]}},{"id":"15","type":"Feature","properties":{"WADMKK":"Kota Malang","KDPKAB":"35.73","WADMPR":"Jawa Timur"},"geometry":{"type":"Polygon","coordinates":[[[112.63998,-7.92157,0.0],[112.63021,-7.91085,0.0],[112.62547,-7.91109,0.0],[112.61736,-7.9193,0.0],[112.61015,-7.91769,0.0],[112.6131,-7.92522,0.0],[112.60147,-7.92114,0.0],[112.60027,-7.9241,0.0],[112.59206,-7.9175,0.0],[112.5934,-7.92333,0.0],[112.60004,-7.92626,0.0],[112.5982,-7.93725,0.0],[112.57385,-7.93538,0.0],[112.56895,-7.93895,0.0],[112.58047,-7.9437,0.0],[112.58105,-7.94976,0.0],[112.58852,-7.95046,0.0],[112.5891,-7.95416,0.0],[112.599,-7.95854,0.0],[112.59805,-7.96318,0.0],[112.60333,-7.97053,0.0],[112.59111,-7.97406,0.0],[112.59749,-7.97909,0.0],[112.59687,-7.98379,0.0],[112.57928,-7.97902,0.0],[112.57647,-7.98375,0.0],[112.58275,-7.98705,0.0],[112.5915,-7.98597,0.0],[112.58924,-7.99234,0.0],[112.59971,-7.99747,0.0],[112.6014,-7.99551,0.0],[112.59736,-8.00597,0.0],[112.60435,-8.00892,0.0],[112.60648,-8.01345,0.0],[112.61215,-8.01346,0.0],[112.61463,-8.00886,0.0],[112.61866,-8.01099,0.0],[112.61371,-8.02111,0.0],[112.63087,-8.03496,0.0],[112.63169,-8.04599,0.0],[112.64227,-8.0498,0.0],[112.64545,-8.04815,0.0],[112.64584,-8.05157,0.0],[112.64766,-8.04842,0.0],[112.65468,-8.04909,0.0],[112.65615,-8.04465,0.0],[112.66006,-8.04414,0.0],[112.66181,-8.03962,0.0],[112.66521,-8.04075,0.0],[112.66977,-8.03216,0.0],[112.67315,-8.03137,0.0],[112.67681,-8.02565,0.0],[112.67244,-8.02322,0.0],[112.67208,-8.009,0.0],[112.67879,-8.01038,0.0],[112.67914,-8.00576,0.0],[112.68315,-8.00546,0.0],[112.69377,-7.9817,0.0],[112.69037,-7.98019,0.0],[112.69006,-7.97557,0.0],[112.67877,-7.97659,0.0],[112.67648,-7.97225,0.0],[112.66803,-7.96899,0.0],[112.66319,-7.97101,0.0],[112.66369,-7.96819,0.0],[112.65741,-7.96517,0.0],[112.66362,-7.95883,0.0],[112.66392,-7.94816,0.0],[112.66889,-7.94624,0.0],[112.66481,-7.9409,0.0],[112.66288,-7.92691,0.0],[112.64984,-7.91938,0.0],[112.6502,-7.91699,0.0],[112.64707,-7.91753,0.0],[112.64601,-7.91401,0.0],[112.63998,-7.92157,0.0]]]}},{"id":"16","type":"Feature","properties":{"WADMKK":"Sampang","KDPKAB":"35.27","WADMPR":"Jawa Timur"},"geometry":{"type":"MultiPolygon","coordinates":[[[[113.41678,-6.88678,0.0],[113.38587,-6.88688,0.0],[113.37933,-6.88985,0.0],[113.32325,-6.88805,0.0],[113.31035,-6.89333,0.0],[113.29622,-6.88925,0.0],[113.2823,-6.89217,0.0],[113.227,-6.89091,0.0],[113.19862,-6.89742,0.0],[113.19008,-6.89295,0.0],[113.17924,-6.89397,0.0],[113.16749,-6.89025,0.0],[113.15934,-6.89444,0.0],[113.14941,-6.89114,0.0],[113.13612,-6.89446,0.0],[113.12469,-6.89296,0.0],[113.12867,-6.89802,0.0],[113.12668,-6.90613,0.0],[113.12087,-6.90549,0.0],[113.11807,-6.90857,0.0],[113.11836,-6.9323,0.0],[113.10219,-6.93815,0.0],[113.09701,-6.93572,0.0],[113.09606,-6.94258,0.0],[113.10163,-6.9531,0.0],[113.09936,-6.95726,0.0],[113.10373,-6.95677,0.0],[113.10259,-6.9641,0.0],[113.10928,-6.97419,0.0],[113.10717,-6.97837,0.0],[113.10933,-6.98592,0.0],[113.11256,-6.98347,0.0],[113.12179,-6.98556,0.0],[113.12616,-6.97692,0.0],[113.13456,-6.97867,0.0],[113.14183,-6.9858,0.0],[113.14184,-6.98954,0.0],[113.14744,-6.99001,0.0],[113.14624,-6.99791,0.0],[113.14079,-6.99976,0.0],[113.13845,-7.00597,0.0],[113.14233,-7.0114,0.0],[113.13717,-7.01657,0.0],[113.13041,-7.03535,0.0],[113.11057,-7.02935,0.0],[113.11233,-7.05802,0.0],[113.11731,-7.06147,0.0],[113.1158,-7.06386,0.0],[113.12196,-7.07463,0.0],[113.1198,-7.08068,0.0],[113.10996,-7.07849,0.0],[113.10783,-7.08101,0.0],[113.11204,-7.09449,0.0],[113.10814,-7.09752,0.0],[113.10938,-7.10051,0.0],[113.11547,-7.10161,0.0],[113.11259,-7.10595,0.0],[113.11543,-7.11579,0.0],[113.10776,-7.11313,0.0],[113.10784,-7.10764,0.0],[113.10623,-7.12447,0.0],[113.10322,-7.12846,0.0],[113.09785,-7.12719,0.0],[113.09308,-7.13272,0.0],[113.09596,-7.14823,0.0],[113.09317,-7.15053,0.0],[113.09765,-7.1569,0.0],[113.08685,-7.1564,0.0],[113.08156,-7.15125,0.0],[113.07286,-7.1492,0.0],[113.06751,-7.1638,0.0],[113.06176,-7.16576,0.0],[113.05733,-7.16367,0.0],[113.05497,-7.17476,0.0],[113.04989,-7.17837,0.0],[113.04837,-7.18439,0.0],[113.06017,-7.18934,0.0],[113.06014,-7.19785,0.0],[113.05397,-7.19708,0.0],[113.04528,-7.20096,0.0],[113.04082,-7.21436,0.0],[113.10032,-7.22904,0.0],[113.13244,-7.22253,0.0],[113.15012,-7.22407,0.0],[113.14982,-7.21651,0.0],[113.14463,-7.21548,0.0],[113.14442,-7.21123,0.0],[113.15321,-7.20549,0.0],[113.16728,-7.21413,0.0],[113.16649,-7.22137,0.0],[113.17189,-7.22749,0.0],[113.19837,-7.22092,0.0],[113.22506,-7.21975,0.0],[113.26172,-7.2245,0.0],[113.27458,-7.21546,0.0],[113.27962,-7.21518,0.0],[113.31546,-7.21875,0.0],[113.32681,-7.21366,0.0],[113.34837,-7.21476,0.0],[113.34856,-7.21855,0.0],[113.35398,-7.21895,0.0],[113.35497,-7.21533,0.0],[113.39341,-7.21765,0.0],[113.3968,-7.19964,0.0],[113.38843,-7.19744,0.0],[113.38609,-7.18997,0.0],[113.38242,-7.18895,0.0],[113.37899,-7.21087,0.0],[113.37671,-7.19907,0.0],[113.37193,-7.19462,0.0],[113.38144,-7.17866,0.0],[113.37891,-7.16506,0.0],[113.38128,-7.1533,0.0],[113.37626,-7.14717,0.0],[113.36867,-7.15175,0.0],[113.36103,-7.15002,0.0],[113.36064,-7.14462,0.0],[113.36741,-7.13745,0.0],[113.36449,-7.13114,0.0],[113.36721,-7.129,0.0],[113.36662,-7.11727,0.0],[113.37003,-7.11233,0.0],[113.36277,-7.10686,0.0],[113.36327,-7.10158,0.0],[113.3846,-7.08886,0.0],[113.38687,-7.0844,0.0],[113.38023,-7.0774,0.0],[113.38973,-7.07623,0.0],[113.39528,-7.07067,0.0],[113.39555,-7.06243,0.0],[113.3921,-7.05684,0.0],[113.39738,-7.0554,0.0],[113.39523,-7.05167,0.0],[113.39716,-7.03919,0.0],[113.39245,-7.03477,0.0],[113.3945,-7.03048,0.0],[113.40265,-7.02811,0.0],[113.42146,-7.01143,0.0],[113.42283,-7.00855,0.0],[113.41955,-7.00484,0.0],[113.42339,-6.99803,0.0],[113.42001,-6.99469,0.0],[113.4211,-6.98921,0.0],[113.42511,-6.9816,0.0],[113.42917,-6.98028,0.0],[113.4344,-6.96138,0.0],[113.44841,-6.95141,0.0],[113.46,-6.95071,0.0],[113.4611,-6.9355,0.0],[113.46601,-6.93513,0.0],[113.46791,-6.92924,0.0],[113.47228,-6.93113,0.0],[113.47784,-6.92432,0.0],[113.47603,-6.90818,0.0],[113.48331,-6.89996,0.0],[113.48017,-6.89507,0.0],[113.41678,-6.88678,0.0]]],[[[113.20498,-7.30706,0.0],[113.20271,-7.31028,0.0],[113.21389,-7.31455,0.0],[113.22432,-7.31087,0.0],[113.20498,-7.30706,0.0]]]]}},{"id":"17","type":"Feature","properties":{"WADMKK":"Sidoarjo","KDPKAB":"35.15","WADMPR":"Jawa Timur"},"geometry":{"type":"Polygon","coordinates":[[[112.8696,-7.57163,0.0],[112.86858,-7.56257,0.0],[112.87785,-7.56382,0.0],[112.87308,-7.55434,0.0],[112.86759,-7.55271,0.0],[112.86958,-7.54278,0.0],[112.86613,-7.54051,0.0],[112.87313,-7.53803,0.0],[112.86803,-7.53347,0.0],[112.87007,-7.53271,0.0],[112.86117,-7.52703,0.0],[112.86265,-7.52371,0.0],[112.85801,-7.52521,0.0],[112.85786,-7.52226,0.0],[112.86149,-7.52128,0.0],[112.83655,-7.51057,0.0],[112.82675,-7.49563,0.0],[112.82173,-7.4947,0.0],[112.81821,-7.48047,0.0],[112.81298,-7.47875,0.0],[112.81877,-7.47212,0.0],[112.8282,-7.47363,0.0],[112.83556,-7.485,0.0],[112.84114,-7.48108,0.0],[112.83422,-7.42588,0.0],[112.83688,-7.40933,0.0],[112.83149,-7.40491,0.0],[112.83439,-7.40272,0.0],[112.83632,-7.38881,0.0],[112.83248,-7.384,0.0],[112.83638,-7.37872,0.0],[112.84053,-7.33051,0.0],[112.83335,-7.33235,0.0],[112.82732,-7.34317,0.0],[112.81252,-7.34639,0.0],[112.78334,-7.34545,0.0],[112.77956,-7.34477,0.0],[112.77742,-7.34009,0.0],[112.77017,-7.33921,0.0],[112.76806,-7.34158,0.0],[112.76636,-7.33833,0.0],[112.75541,-7.33674,0.0],[112.75346,-7.34223,0.0],[112.74303,-7.34082,0.0],[112.74198,-7.3452,0.0],[112.7258,-7.34834,0.0],[112.71603,-7.33996,0.0],[112.70428,-7.33651,0.0],[112.67864,-7.35035,0.0],[112.66236,-7.35161,0.0],[112.65342,-7.36218,0.0],[112.64271,-7.36081,0.0],[112.63024,-7.36779,0.0],[112.61824,-7.36636,0.0],[112.59683,-7.37217,0.0],[112.58893,-7.37011,0.0],[112.58356,-7.38338,0.0],[112.57937,-7.38367,0.0],[112.57181,-7.39199,0.0],[112.56789,-7.38794,0.0],[112.56628,-7.39792,0.0],[112.54396,-7.40471,0.0],[112.53387,-7.40081,0.0],[112.52923,-7.40367,0.0],[112.52506,-7.39724,0.0],[112.507,-7.40674,0.0],[112.48506,-7.40922,0.0],[112.48354,-7.41704,0.0],[112.47388,-7.42421,0.0],[112.47347,-7.42911,0.0],[112.46326,-7.43148,0.0],[112.45945,-7.43716,0.0],[112.45669,-7.44697,0.0],[112.46864,-7.44529,0.0],[112.47954,-7.45343,0.0],[112.48234,-7.45241,0.0],[112.48859,-7.45995,0.0],[112.57063,-7.47975,0.0],[112.58263,-7.49266,0.0],[112.60241,-7.50075,0.0],[112.6308,-7.53307,0.0],[112.64689,-7.53826,0.0],[112.64974,-7.54473,0.0],[112.66377,-7.55726,0.0],[112.66311,-7.56019,0.0],[112.66963,-7.56239,0.0],[112.67658,-7.55274,0.0],[112.67431,-7.55019,0.0],[112.68396,-7.54665,0.0],[112.68518,-7.5507,0.0],[112.6892,-7.55167,0.0],[112.69099,-7.54628,0.0],[112.7057,-7.54504,0.0],[112.71001,-7.54861,0.0],[112.71189,-7.55737,0.0],[112.71974,-7.56151,0.0],[112.7239,-7.56895,0.0],[112.73901,-7.57323,0.0],[112.77094,-7.5748,0.0],[112.76996,-7.5714,0.0],[112.77406,-7.57147,0.0],[112.78318,-7.56307,0.0],[112.79049,-7.56443,0.0],[112.79826,-7.56119,0.0],[112.79846,-7.55831,0.0],[112.80144,-7.56205,0.0],[112.80684,-7.555,0.0],[112.81164,-7.55459,0.0],[112.8129,-7.55867,0.0],[112.81673,-7.55887,0.0],[112.83203,-7.55237,0.0],[112.83579,-7.55434,0.0],[112.83752,-7.5682,0.0],[112.84511,-7.57743,0.0],[112.8696,-7.57163,0.0]]]}},{"id":"18","type":"Feature","properties":{"WADMKK":"Situbondo","KDPKAB":"35.12","WADMPR":"Jawa Timur"},"geometry":{"type":"MultiPolygon","coordinates":[[[[114.43567,-7.67977,0.0],[114.4359,-7.67941,0.0],[114.43554,-7.67962,0.0],[114.43567,-7.67977,0.0]]],[[[114.04659,-7.60901,0.0],[114.03708,-7.60467,0.0],[114.04152,-7.60727,0.0],[114.03915,-7.61042,0.0],[114.03619,-7.60861,0.0],[114.02837,-7.61205,0.0],[114.03313,-7.60583,0.0],[114.00328,-7.63632,0.0],[113.99622,-7.6366,0.0],[113.98247,-7.64905,0.0],[113.97218,-7.6516,0.0],[113.95581,-7.67767,0.0],[113.94978,-7.6812,0.0],[113.94457,-7.67552,0.0],[113.94031,-7.67676,0.0],[113.93361,-7.69733,0.0],[113.92752,-7.69324,0.0],[113.93419,-7.69801,0.0],[113.93092,-7.70084,0.0],[113.92371,-7.69726,0.0],[113.92623,-7.69932,0.0],[113.92643,-7.70114,0.0],[113.92225,-7.69736,0.0],[113.92043,-7.70084,0.0],[113.91501,-7.69685,0.0],[113.90469,-7.69945,0.0],[113.89629,-7.69678,0.0],[113.88614,-7.68826,0.0],[113.87454,-7.68673,0.0],[113.86818,-7.68007,0.0],[113.8618,-7.6848,0.0],[113.84123,-7.68454,0.0],[113.83087,-7.68847,0.0],[113.82678,-7.69544,0.0],[113.81704,-7.69936,0.0],[113.81151,-7.71167,0.0],[113.79581,-7.72754,0.0],[113.78561,-7.73291,0.0],[113.77138,-7.73322,0.0],[113.76358,-7.73801,0.0],[113.75107,-7.73568,0.0],[113.72533,-7.72222,0.0],[113.71344,-7.7083,0.0],[113.68824,-7.72627,0.0],[113.68607,-7.72411,0.0],[113.68282,-7.72875,0.0],[113.67651,-7.72872,0.0],[113.66671,-7.73689,0.0],[113.65545,-7.73274,0.0],[113.6499,-7.72436,0.0],[113.64317,-7.72569,0.0],[113.636,-7.72185,0.0],[113.61913,-7.72003,0.0],[113.61097,-7.72308,0.0],[113.59824,-7.71544,0.0],[113.5907,-7.71661,0.0],[113.58828,-7.72653,0.0],[113.57931,-7.72592,0.0],[113.5727,-7.74263,0.0],[113.57639,-7.7562,0.0],[113.59049,-7.76354,0.0],[113.60071,-7.7753,0.0],[113.60609,-7.79894,0.0],[113.59215,-7.80541,0.0],[113.61173,-7.82405,0.0],[113.60292,-7.84307,0.0],[113.60934,-7.85311,0.0],[113.60881,-7.86045,0.0],[113.61817,-7.8748,0.0],[113.61509,-7.88713,0.0],[113.62345,-7.89554,0.0],[113.62222,-7.90694,0.0],[113.62627,-7.91645,0.0],[113.62552,-7.92374,0.0],[113.61888,-7.92862,0.0],[113.61869,-7.93892,0.0],[113.61104,-7.94903,0.0],[113.6147,-7.95314,0.0],[113.62262,-7.95316,0.0],[113.61566,-7.95815,0.0],[113.62378,-7.96146,0.0],[113.63713,-7.94959,0.0],[113.66044,-7.93846,0.0],[113.66292,-7.92159,0.0],[113.67332,-7.91893,0.0],[113.68485,-7.91033,0.0],[113.68909,-7.90315,0.0],[113.69985,-7.89935,0.0],[113.70711,-7.8854,0.0],[113.72246,-7.87903,0.0],[113.72093,-7.87228,0.0],[113.72703,-7.86066,0.0],[113.72607,-7.85432,0.0],[113.73275,-7.8361,0.0],[113.73136,-7.81993,0.0],[113.73368,-7.80932,0.0],[113.73938,-7.80445,0.0],[113.73972,-7.7889,0.0],[113.74404,-7.78967,0.0],[113.74736,-7.79625,0.0],[113.76075,-7.79685,0.0],[113.7604,-7.79215,0.0],[113.79343,-7.80281,0.0],[113.79994,-7.80779,0.0],[113.80158,-7.81653,0.0],[113.82143,-7.81097,0.0],[113.8343,-7.81313,0.0],[113.85325,-7.79436,0.0],[113.86449,-7.79331,0.0],[113.8722,-7.79754,0.0],[113.87729,-7.79108,0.0],[113.88292,-7.79709,0.0],[113.89672,-7.79828,0.0],[113.90399,-7.80361,0.0],[113.9055,-7.79564,0.0],[113.9169,-7.79249,0.0],[113.91823,-7.78881,0.0],[113.93481,-7.79274,0.0],[113.9378,-7.78614,0.0],[113.9357,-7.77671,0.0],[113.9409,-7.77549,0.0],[113.95084,-7.76523,0.0],[113.95962,-7.77013,0.0],[113.98346,-7.77251,0.0],[113.99241,-7.77779,0.0],[114.00124,-7.77017,0.0],[114.00782,-7.75502,0.0],[114.0149,-7.761,0.0],[114.03007,-7.76022,0.0],[114.03132,-7.75786,0.0],[114.04966,-7.75854,0.0],[114.05074,-7.76074,0.0],[114.06628,-7.75937,0.0],[114.07133,-7.76126,0.0],[114.07472,-7.76974,0.0],[114.07935,-7.77071,0.0],[114.07489,-7.78317,0.0],[114.08061,-7.79554,0.0],[114.08844,-7.80274,0.0],[114.08916,-7.82427,0.0],[114.0956,-7.84062,0.0],[114.09253,-7.87544,0.0],[114.10225,-7.89248,0.0],[114.10272,-7.89922,0.0],[114.11114,-7.9096,0.0],[114.11563,-7.936,0.0],[114.11351,-7.94208,0.0],[114.12755,-7.97611,0.0],[114.12764,-7.99302,0.0],[114.14115,-7.98139,0.0],[114.17454,-7.9694,0.0],[114.21169,-7.97776,0.0],[114.22434,-7.98666,0.0],[114.24969,-7.93936,0.0],[114.27132,-7.91959,0.0],[114.27131,-7.91491,0.0],[114.27843,-7.90945,0.0],[114.28313,-7.89724,0.0],[114.29913,-7.88575,0.0],[114.30673,-7.88527,0.0],[114.33002,-7.90178,0.0],[114.33284,-7.90692,0.0],[114.34055,-7.90592,0.0],[114.34438,-7.91142,0.0],[114.35743,-7.91284,0.0],[114.36529,-7.91821,0.0],[114.39653,-7.9268,0.0],[114.41322,-7.94018,0.0],[114.41952,-7.93451,0.0],[114.42402,-7.93542,0.0],[114.42108,-7.92574,0.0],[114.42402,-7.9165,0.0],[114.43716,-7.90931,0.0],[114.44386,-7.89906,0.0],[114.46351,-7.88985,0.0],[114.46211,-7.86919,0.0],[114.45709,-7.86302,0.0],[114.46464,-7.85568,0.0],[114.45784,-7.84749,0.0],[114.46704,-7.83463,0.0],[114.46377,-7.83251,0.0],[114.4647,-7.8252,0.0],[114.45781,-7.81084,0.0],[114.45472,-7.80988,0.0],[114.45267,-7.80319,0.0],[114.44756,-7.8055,0.0],[114.44807,-7.80058,0.0],[114.44357,-7.79889,0.0],[114.43875,-7.78955,0.0],[114.43013,-7.79241,0.0],[114.40379,-7.77002,0.0],[114.39299,-7.77095,0.0],[114.38089,-7.7607,0.0],[114.37852,-7.75329,0.0],[114.37851,-7.75707,0.0],[114.37548,-7.75681,0.0],[114.37141,-7.75043,0.0],[114.36386,-7.74969,0.0],[114.36672,-7.75393,0.0],[114.37268,-7.75418,0.0],[114.37124,-7.75772,0.0],[114.35633,-7.75551,0.0],[114.32839,-7.75836,0.0],[114.319,-7.75627,0.0],[114.30955,-7.74629,0.0],[114.29255,-7.74721,0.0],[114.28298,-7.73438,0.0],[114.25816,-7.71763,0.0],[114.24002,-7.69796,0.0],[114.20809,-7.71783,0.0],[114.19446,-7.70862,0.0],[114.18552,-7.71311,0.0],[114.16561,-7.71533,0.0],[114.1353,-7.71399,0.0],[114.12378,-7.70766,0.0],[114.11758,-7.70972,0.0],[114.10751,-7.70689,0.0],[114.10115,-7.70235,0.0],[114.08719,-7.67764,0.0],[114.06849,-7.63695,0.0],[114.04659,-7.60901,0.0]]]]}},{"id":"19","type":"Feature","properties":{"WADMKK":"Sumenep","KDPKAB":"35.29","WADMPR":"Jawa Timur"},"geometry":{"type":"MultiPolygon","coordinates":[[[[113.90947,-6.86372,0.0],[113.88572,-6.86589,0.0],[113.8694,-6.87187,0.0],[113.8535,-6.87232,0.0],[113.79573,-6.88586,0.0],[113.77283,-6.8831,0.0],[113.76304,-6.88598,0.0],[113.74474,-6.88412,0.0],[113.7217,-6.88742,0.0],[113.68272,-6.88214,0.0],[113.64253,-6.88758,0.0],[113.6356,-6.91716,0.0],[113.64317,-6.9159,0.0],[113.64972,-6.91965,0.0],[113.63878,-6.92977,0.0],[113.63842,-6.93905,0.0],[113.63155,-6.93873,0.0],[113.62538,-6.94843,0.0],[113.62329,-6.96086,0.0],[113.6265,-6.96484,0.0],[113.61266,-6.96728,0.0],[113.60841,-6.97378,0.0],[113.61236,-6.981,0.0],[113.6092,-7.00044,0.0],[113.61898,-7.00956,0.0],[113.59226,-7.00944,0.0],[113.59223,-7.01662,0.0],[113.58024,-7.01847,0.0],[113.57624,-7.03136,0.0],[113.57821,-7.04112,0.0],[113.58208,-7.04356,0.0],[113.59225,-7.03869,0.0],[113.60491,-7.04255,0.0],[113.59115,-7.06117,0.0],[113.5999,-7.0629,0.0],[113.62135,-7.08525,0.0],[113.62271,-7.10402,0.0],[113.61144,-7.10557,0.0],[113.60202,-7.12845,0.0],[113.6381,-7.12325,0.0],[113.64384,-7.1296,0.0],[113.65382,-7.12769,0.0],[113.67149,-7.11142,0.0],[113.68336,-7.10856,0.0],[113.71554,-7.11236,0.0],[113.724,-7.11617,0.0],[113.7462,-7.11577,0.0],[113.77057,-7.12335,0.0],[113.79646,-7.12491,0.0],[113.81121,-7.12844,0.0],[113.81597,-7.13311,0.0],[113.89185,-7.13283,0.0],[113.89483,-7.12274,0.0],[113.88869,-7.11572,0.0],[113.88809,-7.10453,0.0],[113.86877,-7.09617,0.0],[113.87834,-7.07677,0.0],[113.90672,-7.04754,0.0],[113.91565,-7.04315,0.0],[113.92812,-7.0468,0.0],[113.9411,-7.05729,0.0],[113.94791,-7.05218,0.0],[113.94512,-7.04306,0.0],[113.92016,-7.03035,0.0],[113.9236,-7.01817,0.0],[113.93966,-7.02317,0.0],[113.94205,-7.02744,0.0],[113.93883,-7.03535,0.0],[113.9447,-7.03846,0.0],[113.94902,-7.03401,0.0],[113.95037,-7.0347,0.0],[113.94676,-7.04186,0.0],[113.96001,-7.03842,0.0],[113.96171,-7.04069,0.0],[113.98895,-7.00828,0.0],[113.99495,-7.00733,0.0],[113.99502,-7.00976,0.0],[113.99917,-7.00596,0.0],[114.012,-7.00539,0.0],[114.03219,-7.00915,0.0],[114.04298,-7.0078,0.0],[114.0598,-7.00305,0.0],[114.09297,-6.97996,0.0],[114.11319,-6.98247,0.0],[114.12464,-6.97749,0.0],[114.10611,-6.94101,0.0],[114.0916,-6.92933,0.0],[113.96729,-6.87309,0.0],[113.90947,-6.86372,0.0]]],[[[113.66403,-7.25202,0.0],[113.66683,-7.24954,0.0],[113.66741,-7.24859,0.0],[113.66403,-7.25202,0.0]]],[[[113.72798,-7.25031,0.0],[113.72642,-7.24887,0.0],[113.72453,-7.24801,0.0],[113.72447,-7.25117,0.0],[113.72798,-7.25031,0.0]]],[[[113.69767,-7.24178,0.0],[113.698,-7.24173,0.0],[113.69765,-7.24149,0.0],[113.69767,-7.24178,0.0]]],[[[113.67439,-7.23861,0.0],[113.67347,-7.23826,0.0],[113.67406,-7.23972,0.0],[113.67439,-7.23861,0.0]]],[[[113.78063,-7.21006,0.0],[113.75479,-7.20603,0.0],[113.74939,-7.21855,0.0],[113.75945,-7.21834,0.0],[113.77282,-7.22804,0.0],[113.78129,-7.22917,0.0],[113.79292,-7.23589,0.0],[113.81225,-7.22073,0.0],[113.80983,-7.21592,0.0],[113.80381,-7.21404,0.0],[113.79257,-7.21623,0.0],[113.78063,-7.21006,0.0]]],[[[114.04607,-7.20634,0.0],[114.04796,-7.2033,0.0],[114.04708,-7.20143,0.0],[114.04488,-7.20446,0.0],[114.04607,-7.20634,0.0]]],[[[113.92259,-7.17397,0.0],[113.91367,-7.18001,0.0],[113.89714,-7.18411,0.0],[113.88341,-7.19328,0.0],[113.88218,-7.20554,0.0],[113.88693,-7.2118,0.0],[113.89067,-7.21214,0.0],[113.92924,-7.20361,0.0],[113.93574,-7.20883,0.0],[113.94701,-7.2297,0.0],[113.95463,-7.23225,0.0],[113.95415,-7.22476,0.0],[113.94388,-7.22007,0.0],[113.93941,-7.21445,0.0],[113.94018,-7.19954,0.0],[113.92936,-7.18552,0.0],[113.92675,-7.17502,0.0],[113.92259,-7.17397,0.0]]],[[[114.61135,-7.16619,0.0],[114.61261,-7.16174,0.0],[114.60726,-7.16483,0.0],[114.60503,-7.17103,0.0],[114.61775,-7.16895,0.0],[114.61678,-7.16467,0.0],[114.61135,-7.16619,0.0]]],[[[114.67653,-7.15839,0.0],[114.65834,-7.16282,0.0],[114.65672,-7.17005,0.0],[114.68552,-7.16407,0.0],[114.67653,-7.15839,0.0]]],[[[115.86887,-7.15644,0.0],[115.87021,-7.15688,0.0],[115.8699,-7.15493,0.0],[115.86887,-7.15644,0.0]]],[[[115.84008,-7.15218,0.0],[115.84079,-7.15077,0.0],[115.83945,-7.15155,0.0],[115.84008,-7.15218,0.0]]],[[[115.85983,-7.15221,0.0],[115.86459,-7.14814,0.0],[115.85694,-7.14502,0.0],[115.85485,-7.14911,0.0],[115.85983,-7.15221,0.0]]],[[[115.85459,-7.14582,0.0],[115.85055,-7.14255,0.0],[115.85194,-7.14785,0.0],[115.85459,-7.14582,0.0]]],[[[115.84143,-7.14099,0.0],[115.84047,-7.14463,0.0],[115.8417,-7.14593,0.0],[115.84338,-7.14406,0.0],[115.84143,-7.14099,0.0]]],[[[115.84152,-7.13997,0.0],[115.83975,-7.13564,0.0],[115.83496,-7.13818,0.0],[115.83622,-7.14024,0.0],[115.84152,-7.13997,0.0]]],[[[114.77364,-7.1325,0.0],[114.76914,-7.12906,0.0],[114.76813,-7.12932,0.0],[114.76908,-7.13278,0.0],[114.77275,-7.13312,0.0],[114.77364,-7.1325,0.0]]],[[[114.57603,-7.12854,0.0],[114.5658,-7.13289,0.0],[114.54776,-7.12856,0.0],[114.523,-7.13329,0.0],[114.51396,-7.13558,0.0],[114.51593,-7.1417,0.0],[114.50768,-7.14431,0.0],[114.49939,-7.14291,0.0],[114.50191,-7.1391,0.0],[114.49912,-7.13576,0.0],[114.48109,-7.13821,0.0],[114.47599,-7.14109,0.0],[114.47498,-7.14764,0.0],[114.48155,-7.15755,0.0],[114.49635,-7.15893,0.0],[114.50861,-7.15448,0.0],[114.51038,-7.15336,0.0],[114.50596,-7.15297,0.0],[114.50801,-7.14952,0.0],[114.50471,-7.14646,0.0],[114.50885,-7.14638,0.0],[114.50713,-7.14505,0.0],[114.55146,-7.1418,0.0],[114.55757,-7.14889,0.0],[114.57268,-7.15712,0.0],[114.57565,-7.16636,0.0],[114.58683,-7.16237,0.0],[114.59811,-7.16404,0.0],[114.6014,-7.15985,0.0],[114.60425,-7.16222,0.0],[114.61594,-7.15302,0.0],[114.61364,-7.14878,0.0],[114.61516,-7.1487,0.0],[114.61656,-7.14718,0.0],[114.6121,-7.1464,0.0],[114.61317,-7.1393,0.0],[114.60499,-7.13786,0.0],[114.60394,-7.13518,0.0],[114.59541,-7.13702,0.0],[114.59019,-7.13246,0.0],[114.5782,-7.13334,0.0],[114.57603,-7.12854,0.0]]],[[[114.58663,-7.12869,0.0],[114.58486,-7.12621,0.0],[114.57965,-7.12971,0.0],[114.58056,-7.13025,0.0],[114.58663,-7.12869,0.0]]],[[[115.7659,-7.12027,0.0],[115.76243,-7.12196,0.0],[115.76061,-7.12939,0.0],[115.771,-7.12809,0.0],[115.77081,-7.12385,0.0],[115.7659,-7.12027,0.0]]],[[[115.76734,-7.12004,0.0],[115.76779,-7.11958,0.0],[115.76734,-7.11964,0.0],[115.76734,-7.12004,0.0]]],[[[114.53445,-7.11987,0.0],[114.53284,-7.12258,0.0],[114.53764,-7.12523,0.0],[114.53874,-7.12194,0.0],[114.53445,-7.11987,0.0]]],[[[114.78433,-7.1201,0.0],[114.77942,-7.11478,0.0],[114.77383,-7.12311,0.0],[114.77547,-7.13366,0.0],[114.78433,-7.1201,0.0]]],[[[115.76416,-7.11604,0.0],[115.75612,-7.11502,0.0],[115.75746,-7.11796,0.0],[115.76416,-7.11604,0.0]]],[[[115.76145,-7.10585,0.0],[115.75727,-7.11218,0.0],[115.77039,-7.11535,0.0],[115.77044,-7.10966,0.0],[115.76145,-7.10585,0.0]]],[[[114.79569,-7.1055,0.0],[114.79293,-7.10525,0.0],[114.79439,-7.108,0.0],[114.79569,-7.1055,0.0]]],[[[114.70032,-7.10696,0.0],[114.70223,-7.10463,0.0],[114.69983,-7.10296,0.0],[114.69646,-7.10545,0.0],[114.70032,-7.10696,0.0]]],[[[115.75803,-7.10379,0.0],[115.7589,-7.10322,0.0],[115.75808,-7.10267,0.0],[115.75803,-7.10379,0.0]]],[[[115.89777,-7.1805,0.0],[115.90679,-7.1026,0.0],[115.8913,-7.11004,0.0],[115.89912,-7.11634,0.0],[115.8964,-7.13244,0.0],[115.89224,-7.13834,0.0],[115.88998,-7.1321,0.0],[115.89325,-7.12617,0.0],[115.88812,-7.12029,0.0],[115.87048,-7.13173,0.0],[115.87344,-7.15151,0.0],[115.87991,-7.15986,0.0],[115.88293,-7.16068,0.0],[115.88727,-7.15413,0.0],[115.88763,-7.14689,0.0],[115.89242,-7.14992,0.0],[115.8898,-7.15732,0.0],[115.89302,-7.1589,0.0],[115.8852,-7.16448,0.0],[115.87228,-7.15668,0.0],[115.86903,-7.16322,0.0],[115.86057,-7.15814,0.0],[115.84318,-7.1627,0.0],[115.83704,-7.15669,0.0],[115.83555,-7.14894,0.0],[115.8205,-7.14803,0.0],[115.80892,-7.15389,0.0],[115.80852,-7.14671,0.0],[115.80461,-7.14477,0.0],[115.80209,-7.14793,0.0],[115.79357,-7.13884,0.0],[115.79872,-7.12819,0.0],[115.7959,-7.12734,0.0],[115.79834,-7.12563,0.0],[115.79697,-7.12104,0.0],[115.78284,-7.10951,0.0],[115.77899,-7.11052,0.0],[115.77674,-7.11675,0.0],[115.78051,-7.1194,0.0],[115.77722,-7.12484,0.0],[115.77893,-7.129,0.0],[115.77145,-7.13671,0.0],[115.77707,-7.1425,0.0],[115.77423,-7.14418,0.0],[115.77538,-7.15002,0.0],[115.76989,-7.14869,0.0],[115.77197,-7.14288,0.0],[115.76293,-7.12939,0.0],[115.76082,-7.13502,0.0],[115.75224,-7.14133,0.0],[115.75337,-7.14588,0.0],[115.74159,-7.15461,0.0],[115.75701,-7.17322,0.0],[115.81471,-7.19602,0.0],[115.82805,-7.206,0.0],[115.87965,-7.20208,0.0],[115.89343,-7.19247,0.0],[115.89777,-7.1805,0.0]]],[[[114.68714,-7.09728,0.0],[114.68457,-7.09217,0.0],[114.67629,-7.09733,0.0],[114.68313,-7.09927,0.0],[114.68714,-7.09728,0.0]]],[[[115.76174,-7.08466,0.0],[115.75495,-7.08648,0.0],[115.75412,-7.09539,0.0],[115.74855,-7.10066,0.0],[115.75532,-7.10799,0.0],[115.75728,-7.09878,0.0],[115.76368,-7.09777,0.0],[115.76613,-7.09212,0.0],[115.76174,-7.08466,0.0]]],[[[115.19561,-7.09266,0.0],[115.20099,-7.08726,0.0],[115.19775,-7.08251,0.0],[115.1925,-7.0884,0.0],[115.19561,-7.09266,0.0]]],[[[114.64855,-7.08618,0.0],[114.65091,-7.07924,0.0],[114.64591,-7.07329,0.0],[114.64373,-7.08064,0.0],[114.64855,-7.08618,0.0]]],[[[114.57412,-7.07649,0.0],[114.57863,-7.0711,0.0],[114.57129,-7.07598,0.0],[114.57412,-7.07649,0.0]]],[[[115.71034,-7.05941,0.0],[115.68612,-7.05646,0.0],[115.68427,-7.06336,0.0],[115.68978,-7.0705,0.0],[115.70523,-7.07398,0.0],[115.71205,-7.06945,0.0],[115.71034,-7.05941,0.0]]],[[[113.95153,-7.05536,0.0],[113.94052,-7.06203,0.0],[113.93627,-7.06873,0.0],[113.94156,-7.08963,0.0],[113.94857,-7.08817,0.0],[113.96046,-7.09635,0.0],[113.96974,-7.09762,0.0],[113.98681,-7.10625,0.0],[114.01237,-7.10513,0.0],[114.04669,-7.113,0.0],[114.06472,-7.11034,0.0],[114.05594,-7.08334,0.0],[114.04897,-7.0744,0.0],[114.01413,-7.06969,0.0],[113.97849,-7.0725,0.0],[113.9592,-7.06558,0.0],[113.95153,-7.05536,0.0]]],[[[114.33132,-7.05543,0.0],[114.29804,-7.06205,0.0],[114.27564,-7.08266,0.0],[114.27084,-7.09407,0.0],[114.27646,-7.11074,0.0],[114.29516,-7.14241,0.0],[114.3125,-7.15945,0.0],[114.36341,-7.17908,0.0],[114.39028,-7.18025,0.0],[114.40507,-7.17081,0.0],[114.40727,-7.16527,0.0],[114.39614,-7.15793,0.0],[114.39164,-7.13286,0.0],[114.37586,-7.11513,0.0],[114.37295,-7.09178,0.0],[114.3405,-7.06011,0.0],[114.33132,-7.05543,0.0]]],[[[115.59367,-7.05363,0.0],[115.59485,-7.05307,0.0],[115.59473,-7.05269,0.0],[115.59367,-7.05363,0.0]]],[[[115.80042,-7.0574,0.0],[115.80178,-7.05856,0.0],[115.80426,-7.05157,0.0],[115.80042,-7.0574,0.0]]],[[[115.60218,-7.05464,0.0],[115.59685,-7.05026,0.0],[115.59636,-7.05348,0.0],[115.60218,-7.05464,0.0]]],[[[115.59897,-7.04836,0.0],[115.60033,-7.04778,0.0],[115.59959,-7.04579,0.0],[115.59897,-7.04836,0.0]]],[[[115.66965,-7.05826,0.0],[115.65959,-7.04054,0.0],[115.64976,-7.04446,0.0],[115.64834,-7.05505,0.0],[115.65344,-7.06432,0.0],[115.66799,-7.06652,0.0],[115.67518,-7.06205,0.0],[115.66965,-7.05826,0.0]]],[[[115.63385,-7.05646,0.0],[115.63657,-7.0364,0.0],[115.63161,-7.03397,0.0],[115.62702,-7.03728,0.0],[115.62724,-7.04223,0.0],[115.61349,-7.03726,0.0],[115.60656,-7.03995,0.0],[115.60043,-7.03662,0.0],[115.59559,-7.04037,0.0],[115.60017,-7.04368,0.0],[115.60086,-7.04762,0.0],[115.59987,-7.05066,0.0],[115.60282,-7.05245,0.0],[115.6069,-7.04853,0.0],[115.61817,-7.04716,0.0],[115.61325,-7.05541,0.0],[115.61677,-7.05874,0.0],[115.61547,-7.06227,0.0],[115.62566,-7.06498,0.0],[115.63599,-7.06083,0.0],[115.63385,-7.05646,0.0]]],[[[115.53338,-7.03412,0.0],[115.53385,-7.0339,0.0],[115.53322,-7.03369,0.0],[115.53338,-7.03412,0.0]]],[[[115.81331,-7.03879,0.0],[115.81668,-7.03412,0.0],[115.81638,-7.03232,0.0],[115.81095,-7.03572,0.0],[115.81331,-7.03879,0.0]]],[[[115.69777,-7.02713,0.0],[115.69617,-7.02032,0.0],[115.69025,-7.02324,0.0],[115.69229,-7.0254,0.0],[115.69777,-7.02713,0.0]]],[[[115.50124,-7.01426,0.0],[115.50239,-7.01409,0.0],[115.502,-7.01342,0.0],[115.50124,-7.01426,0.0]]],[[[115.55448,-7.0125,0.0],[115.5438,-7.00984,0.0],[115.54035,-7.01406,0.0],[115.54147,-7.02788,0.0],[115.54833,-7.0264,0.0],[115.55509,-7.01818,0.0],[115.55448,-7.0125,0.0]]],[[[115.69172,-7.01081,0.0],[115.69024,-7.00932,0.0],[115.69002,-7.00986,0.0],[115.69172,-7.01081,0.0]]],[[[115.54161,-7.01118,0.0],[115.54211,-7.00879,0.0],[115.53929,-7.01051,0.0],[115.54161,-7.01118,0.0]]],[[[115.66194,-7.01099,0.0],[115.6639,-7.00928,0.0],[115.66205,-7.00715,0.0],[115.66034,-7.00857,0.0],[115.66194,-7.01099,0.0]]],[[[115.59492,-7.00386,0.0],[115.59809,-7.00444,0.0],[115.59862,-7.00175,0.0],[115.59492,-7.00386,0.0]]],[[[115.70624,-7.01096,0.0],[115.7119,-7.00473,0.0],[115.70882,-7.00066,0.0],[115.70468,-7.00397,0.0],[115.70624,-7.01096,0.0]]],[[[115.60531,-7.00246,0.0],[115.60222,-7.00058,0.0],[115.60168,-7.00199,0.0],[115.60531,-7.00246,0.0]]],[[[115.58743,-6.99969,0.0],[115.58875,-6.99898,0.0],[115.58751,-6.99851,0.0],[115.58743,-6.99969,0.0]]],[[[115.60117,-6.99452,0.0],[115.60137,-6.99545,0.0],[115.60187,-6.99472,0.0],[115.60117,-6.99452,0.0]]],[[[114.4897,-6.99944,0.0],[114.49558,-6.99169,0.0],[114.49228,-6.9856,0.0],[114.48514,-6.99978,0.0],[114.4897,-6.99944,0.0]]],[[[115.58478,-6.98602,0.0],[115.57888,-6.98574,0.0],[115.57785,-6.99135,0.0],[115.58513,-6.99552,0.0],[115.5876,-6.98972,0.0],[115.58478,-6.98602,0.0]]],[[[115.54499,-6.9988,0.0],[115.54292,-6.98155,0.0],[115.53783,-6.988,0.0],[115.52867,-6.9904,0.0],[115.52698,-6.99642,0.0],[115.51693,-6.99987,0.0],[115.51952,-7.00573,0.0],[115.51944,-7.00674,0.0],[115.51737,-7.00254,0.0],[115.50436,-7.01424,0.0],[115.5169,-7.0177,0.0],[115.52866,-7.0341,0.0],[115.53383,-7.03337,0.0],[115.53842,-7.02274,0.0],[115.53621,-7.00749,0.0],[115.54092,-7.00865,0.0],[115.53601,-7.0025,0.0],[115.54066,-6.99023,0.0],[115.54499,-6.9988,0.0]]],[[[115.2925,-6.97769,0.0],[115.29549,-6.97673,0.0],[115.29144,-6.9767,0.0],[115.2925,-6.97769,0.0]]],[[[115.46669,-6.97757,0.0],[115.46225,-6.97204,0.0],[115.46454,-6.97705,0.0],[115.45742,-6.98099,0.0],[115.45508,-6.97678,0.0],[115.44928,-6.97665,0.0],[115.45128,-6.98297,0.0],[115.43014,-6.97872,0.0],[115.42563,-6.98351,0.0],[115.42774,-6.99295,0.0],[115.43365,-6.99903,0.0],[115.44689,-7.00376,0.0],[115.47569,-7.00617,0.0],[115.4633,-6.98841,0.0],[115.46669,-6.97757,0.0]]],[[[115.25432,-6.96888,0.0],[115.24439,-6.97056,0.0],[115.24731,-6.97678,0.0],[115.26177,-6.98507,0.0],[115.26313,-6.9756,0.0],[115.25432,-6.96888,0.0]]],[[[115.75842,-6.9664,0.0],[115.74969,-6.96957,0.0],[115.74809,-6.97136,0.0],[115.75798,-6.97606,0.0],[115.76172,-6.97017,0.0],[115.75842,-6.9664,0.0]]],[[[114.18258,-6.9677,0.0],[114.17553,-6.96475,0.0],[114.16907,-6.96914,0.0],[114.16141,-6.99616,0.0],[114.16297,-7.00052,0.0],[114.1777,-7.00511,0.0],[114.18244,-7.00258,0.0],[114.18724,-6.97524,0.0],[114.18258,-6.9677,0.0]]],[[[115.3218,-6.96982,0.0],[115.32504,-6.96743,0.0],[115.32518,-6.9642,0.0],[115.3218,-6.96982,0.0]]],[[[115.556,-6.96342,0.0],[115.5534,-6.96387,0.0],[115.55229,-6.96834,0.0],[115.55545,-6.96759,0.0],[115.556,-6.96342,0.0]]],[[[114.43677,-6.96854,0.0],[114.43248,-6.9626,0.0],[114.42844,-6.96993,0.0],[114.43203,-6.98071,0.0],[114.43677,-6.96854,0.0]]],[[[115.49611,-6.96453,0.0],[115.50099,-6.96432,0.0],[115.50004,-6.96265,0.0],[115.49611,-6.96453,0.0]]],[[[115.70703,-6.96703,0.0],[115.70941,-6.96499,0.0],[115.7099,-6.96213,0.0],[115.70703,-6.96703,0.0]]],[[[115.41595,-6.98494,0.0],[115.41763,-6.98169,0.0],[115.41428,-6.97418,0.0],[115.41813,-6.96601,0.0],[115.41511,-6.9599,0.0],[115.41137,-6.96497,0.0],[115.41247,-6.97424,0.0],[115.40895,-6.97907,0.0],[115.41184,-6.98448,0.0],[115.41595,-6.98494,0.0]]],[[[115.25953,-6.96982,0.0],[115.26086,-6.96721,0.0],[115.25494,-6.96117,0.0],[115.24969,-6.96038,0.0],[115.25953,-6.96982,0.0]]],[[[115.30896,-6.96378,0.0],[115.30793,-6.96066,0.0],[115.30532,-6.9596,0.0],[115.30612,-6.96279,0.0],[115.30896,-6.96378,0.0]]],[[[115.52459,-6.95926,0.0],[115.52555,-6.95852,0.0],[115.5245,-6.95838,0.0],[115.52459,-6.95926,0.0]]],[[[115.50743,-6.95944,0.0],[115.50401,-6.95715,0.0],[115.5032,-6.95842,0.0],[115.50743,-6.95944,0.0]]],[[[115.43628,-6.95811,0.0],[115.43821,-6.95761,0.0],[115.4376,-6.95663,0.0],[115.43628,-6.95811,0.0]]],[[[115.49771,-6.95713,0.0],[115.50263,-6.95633,0.0],[115.49828,-6.95426,0.0],[115.49771,-6.95713,0.0]]],[[[115.52479,-6.95751,0.0],[115.5228,-6.95299,0.0],[115.51815,-6.96027,0.0],[115.52085,-6.96042,0.0],[115.52479,-6.95751,0.0]]],[[[115.50138,-6.95133,0.0],[115.50147,-6.95098,0.0],[115.50111,-6.95129,0.0],[115.50138,-6.95133,0.0]]],[[[115.50376,-6.95094,0.0],[115.50152,-6.95336,0.0],[115.50168,-6.95401,0.0],[115.50451,-6.95391,0.0],[115.50376,-6.95094,0.0]]],[[[115.50078,-6.95091,0.0],[115.50124,-6.95092,0.0],[115.50125,-6.95069,0.0],[115.50078,-6.95091,0.0]]],[[[115.50036,-6.95078,0.0],[115.50073,-6.95059,0.0],[115.5005,-6.95051,0.0],[115.50036,-6.95078,0.0]]],[[[115.91416,-6.95001,0.0],[115.90099,-6.95191,0.0],[115.90254,-6.96144,0.0],[115.92555,-6.95931,0.0],[115.92827,-6.96024,0.0],[115.92726,-6.96409,0.0],[115.92866,-6.9604,0.0],[115.9354,-6.96134,0.0],[115.93129,-6.95487,0.0],[115.91416,-6.95001,0.0]]],[[[115.50554,-6.95065,0.0],[115.50895,-6.95075,0.0],[115.50794,-6.94887,0.0],[115.50554,-6.95065,0.0]]],[[[115.41669,-6.94756,0.0],[115.41365,-6.94862,0.0],[115.41632,-6.95367,0.0],[115.41526,-6.94985,0.0],[115.41669,-6.94756,0.0]]],[[[115.51736,-6.94671,0.0],[115.50982,-6.94722,0.0],[115.50888,-6.94875,0.0],[115.51249,-6.95207,0.0],[115.51469,-6.94931,0.0],[115.51791,-6.95262,0.0],[115.52236,-6.95046,0.0],[115.51736,-6.94671,0.0]]],[[[115.46135,-6.94869,0.0],[115.46135,-6.9459,0.0],[115.45787,-6.94777,0.0],[115.46135,-6.94869,0.0]]],[[[115.36377,-6.94512,0.0],[115.3653,-6.9446,0.0],[115.36452,-6.94381,0.0],[115.36377,-6.94512,0.0]]],[[[115.43283,-6.94675,0.0],[115.43419,-6.94469,0.0],[115.43237,-6.94226,0.0],[115.43283,-6.94675,0.0]]],[[[115.49292,-6.94347,0.0],[115.48599,-6.94396,0.0],[115.48987,-6.94957,0.0],[115.49875,-6.95309,0.0],[115.49292,-6.94347,0.0]]],[[[115.47413,-6.94195,0.0],[115.47402,-6.94541,0.0],[115.48182,-6.94304,0.0],[115.47719,-6.94124,0.0],[115.47413,-6.94195,0.0]]],[[[115.87113,-6.94019,0.0],[115.87134,-6.93996,0.0],[115.8711,-6.93993,0.0],[115.87113,-6.94019,0.0]]],[[[115.58798,-6.94028,0.0],[115.5817,-6.94003,0.0],[115.58222,-6.94442,0.0],[115.57789,-6.94102,0.0],[115.5766,-6.94524,0.0],[115.5722,-6.94541,0.0],[115.57632,-6.96204,0.0],[115.57233,-6.96084,0.0],[115.57042,-6.95574,0.0],[115.56518,-6.96026,0.0],[115.57247,-6.97537,0.0],[115.58395,-6.97427,0.0],[115.59165,-6.97821,0.0],[115.58921,-6.98694,0.0],[115.59251,-6.99068,0.0],[115.58991,-6.99309,0.0],[115.59736,-6.99551,0.0],[115.59793,-6.99235,0.0],[115.60074,-6.99262,0.0],[115.61525,-7.00304,0.0],[115.62384,-7.00087,0.0],[115.632,-7.00551,0.0],[115.64053,-6.99694,0.0],[115.64824,-6.99736,0.0],[115.66811,-7.00485,0.0],[115.6784,-7.0132,0.0],[115.68525,-7.01282,0.0],[115.68383,-7.00052,0.0],[115.67579,-6.99506,0.0],[115.67385,-6.98926,0.0],[115.668,-6.98853,0.0],[115.65539,-6.9797,0.0],[115.64607,-6.96925,0.0],[115.58798,-6.94028,0.0]]],[[[115.87559,-6.93884,0.0],[115.86749,-6.95151,0.0],[115.86874,-6.96146,0.0],[115.87871,-6.95944,0.0],[115.88399,-6.95069,0.0],[115.87559,-6.93884,0.0]]],[[[115.38418,-6.93918,0.0],[115.38688,-6.93718,0.0],[115.38444,-6.93715,0.0],[115.38418,-6.93918,0.0]]],[[[115.78931,-6.93837,0.0],[115.79031,-6.93646,0.0],[115.78863,-6.93717,0.0],[115.77859,-6.96258,0.0],[115.78943,-6.96315,0.0],[115.79442,-6.95757,0.0],[115.79653,-6.94698,0.0],[115.79459,-6.93889,0.0],[115.79386,-6.94241,0.0],[115.78931,-6.93837,0.0]]],[[[115.35856,-6.9361,0.0],[115.3605,-6.9354,0.0],[115.35844,-6.93482,0.0],[115.35856,-6.9361,0.0]]],[[[115.63539,-6.9356,0.0],[115.63757,-6.93627,0.0],[115.63672,-6.93339,0.0],[115.63539,-6.9356,0.0]]],[[[115.38327,-6.93287,0.0],[115.38447,-6.93326,0.0],[115.3843,-6.93173,0.0],[115.38327,-6.93287,0.0]]],[[[115.74538,-6.93601,0.0],[115.74926,-6.93332,0.0],[115.74852,-6.92841,0.0],[115.74538,-6.93601,0.0]]],[[[116.25567,-6.92868,0.0],[116.25223,-6.92852,0.0],[116.25764,-6.9301,0.0],[116.26512,-6.93489,0.0],[116.25341,-6.93034,0.0],[116.23681,-6.93758,0.0],[116.23551,-6.94601,0.0],[116.25054,-6.95002,0.0],[116.26472,-6.94534,0.0],[116.26963,-6.93808,0.0],[116.26245,-6.93167,0.0],[116.25567,-6.92868,0.0]]],[[[115.37078,-6.92881,0.0],[115.37462,-6.92964,0.0],[115.37132,-6.92775,0.0],[115.37078,-6.92881,0.0]]],[[[115.40505,-6.92741,0.0],[115.40604,-6.92752,0.0],[115.40566,-6.92697,0.0],[115.40505,-6.92741,0.0]]],[[[115.20739,-6.92227,0.0],[115.2081,-6.92185,0.0],[115.20753,-6.92168,0.0],[115.20739,-6.92227,0.0]]],[[[115.44008,-6.9231,0.0],[115.43547,-6.92066,0.0],[115.43116,-6.92341,0.0],[115.43566,-6.92997,0.0],[115.43022,-6.93786,0.0],[115.4371,-6.94625,0.0],[115.43819,-6.93487,0.0],[115.43513,-6.93325,0.0],[115.43782,-6.92912,0.0],[115.44043,-6.93022,0.0],[115.44008,-6.9231,0.0]]],[[[115.23626,-6.87332,0.0],[115.23727,-6.874,0.0],[115.23704,-6.87314,0.0],[115.23626,-6.87332,0.0]]],[[[115.21689,-6.84568,0.0],[115.22114,-6.84376,0.0],[115.2192,-6.83906,0.0],[115.21618,-6.84309,0.0],[115.21689,-6.84568,0.0]]],[[[115.31847,-6.83431,0.0],[115.2462,-6.82705,0.0],[115.22735,-6.83773,0.0],[115.22689,-6.84312,0.0],[115.23595,-6.83801,0.0],[115.24839,-6.84445,0.0],[115.25305,-6.86224,0.0],[115.24366,-6.87656,0.0],[115.24244,-6.87295,0.0],[115.23836,-6.8727,0.0],[115.23958,-6.87839,0.0],[115.24233,-6.87888,0.0],[115.23934,-6.88604,0.0],[115.22008,-6.88268,0.0],[115.20657,-6.88967,0.0],[115.19755,-6.92191,0.0],[115.20729,-6.92715,0.0],[115.20601,-6.91822,0.0],[115.21018,-6.92347,0.0],[115.20993,-6.92851,0.0],[115.20477,-6.93096,0.0],[115.20269,-6.93694,0.0],[115.21128,-6.94245,0.0],[115.2243,-6.93473,0.0],[115.22911,-6.93598,0.0],[115.22934,-6.94128,0.0],[115.2357,-6.94431,0.0],[115.24008,-6.93322,0.0],[115.24729,-6.94804,0.0],[115.25326,-6.94514,0.0],[115.25437,-6.94096,0.0],[115.25808,-6.94243,0.0],[115.26243,-6.93585,0.0],[115.26965,-6.93546,0.0],[115.26975,-6.9414,0.0],[115.27509,-6.94312,0.0],[115.27379,-6.94876,0.0],[115.25571,-6.95471,0.0],[115.25907,-6.96263,0.0],[115.26272,-6.96358,0.0],[115.26087,-6.97247,0.0],[115.26423,-6.97625,0.0],[115.26444,-6.99121,0.0],[115.2666,-6.99452,0.0],[115.27345,-6.99408,0.0],[115.27994,-7.00333,0.0],[115.29229,-7.01253,0.0],[115.29203,-7.00528,0.0],[115.30077,-6.99833,0.0],[115.29847,-6.99164,0.0],[115.30051,-6.98836,0.0],[115.28952,-6.98006,0.0],[115.29065,-6.97635,0.0],[115.28599,-6.97007,0.0],[115.30937,-6.97767,0.0],[115.3068,-6.96758,0.0],[115.29809,-6.95614,0.0],[115.30149,-6.95632,0.0],[115.30294,-6.94816,0.0],[115.31111,-6.95571,0.0],[115.31338,-6.95104,0.0],[115.31914,-6.95808,0.0],[115.31798,-6.96208,0.0],[115.32091,-6.95991,0.0],[115.32567,-6.96171,0.0],[115.32529,-6.96969,0.0],[115.32333,-6.97235,0.0],[115.31498,-6.96972,0.0],[115.33324,-6.99567,0.0],[115.34443,-6.99338,0.0],[115.35157,-6.9958,0.0],[115.36186,-6.99185,0.0],[115.38095,-6.99521,0.0],[115.40351,-6.98879,0.0],[115.40179,-6.98193,0.0],[115.39672,-6.97871,0.0],[115.38659,-6.98145,0.0],[115.37484,-6.97335,0.0],[115.38638,-6.97751,0.0],[115.39066,-6.97593,0.0],[115.39195,-6.96985,0.0],[115.3845,-6.96303,0.0],[115.38487,-6.95778,0.0],[115.37607,-6.95123,0.0],[115.3703,-6.95334,0.0],[115.37059,-6.95053,0.0],[115.36195,-6.95523,0.0],[115.35858,-6.95089,0.0],[115.36399,-6.94688,0.0],[115.35666,-6.94363,0.0],[115.35697,-6.94097,0.0],[115.35194,-6.94209,0.0],[115.35067,-6.93651,0.0],[115.3436,-6.93718,0.0],[115.34118,-6.9456,0.0],[115.33669,-6.94766,0.0],[115.33861,-6.93673,0.0],[115.33043,-6.93104,0.0],[115.33858,-6.93209,0.0],[115.33397,-6.9288,0.0],[115.33624,-6.92746,0.0],[115.33365,-6.92007,0.0],[115.33749,-6.9219,0.0],[115.33858,-6.9182,0.0],[115.35205,-6.9246,0.0],[115.34989,-6.91914,0.0],[115.35319,-6.91903,0.0],[115.35374,-6.91582,0.0],[115.35831,-6.9247,0.0],[115.36895,-6.92919,0.0],[115.36517,-6.92472,0.0],[115.36589,-6.92202,0.0],[115.36918,-6.92353,0.0],[115.37003,-6.91585,0.0],[115.36458,-6.91166,0.0],[115.37331,-6.90375,0.0],[115.37222,-6.89943,0.0],[115.37862,-6.89941,0.0],[115.38138,-6.9234,0.0],[115.38385,-6.91081,0.0],[115.38752,-6.90983,0.0],[115.38994,-6.90374,0.0],[115.39775,-6.9073,0.0],[115.39518,-6.91263,0.0],[115.39862,-6.91483,0.0],[115.39717,-6.92376,0.0],[115.39928,-6.92664,0.0],[115.40098,-6.92351,0.0],[115.40657,-6.92415,0.0],[115.40616,-6.9332,0.0],[115.4123,-6.94251,0.0],[115.41695,-6.94196,0.0],[115.40967,-6.93342,0.0],[115.41914,-6.93702,0.0],[115.41764,-6.9289,0.0],[115.42453,-6.93219,0.0],[115.42177,-6.91567,0.0],[115.42599,-6.91893,0.0],[115.43099,-6.91657,0.0],[115.43392,-6.9209,0.0],[115.44138,-6.91907,0.0],[115.44586,-6.9247,0.0],[115.44683,-6.91994,0.0],[115.44411,-6.91706,0.0],[115.44684,-6.91559,0.0],[115.44537,-6.91199,0.0],[115.44909,-6.91104,0.0],[115.45569,-6.91377,0.0],[115.45504,-6.92098,0.0],[115.46195,-6.92177,0.0],[115.45392,-6.93153,0.0],[115.45768,-6.92819,0.0],[115.45903,-6.93353,0.0],[115.46743,-6.93084,0.0],[115.47561,-6.92313,0.0],[115.48037,-6.92627,0.0],[115.47624,-6.93097,0.0],[115.48405,-6.93412,0.0],[115.48538,-6.92745,0.0],[115.48811,-6.93689,0.0],[115.4936,-6.936,0.0],[115.49727,-6.94865,0.0],[115.50224,-6.95055,0.0],[115.50907,-6.94572,0.0],[115.5192,-6.94517,0.0],[115.54816,-6.96606,0.0],[115.55412,-6.95782,0.0],[115.55307,-6.95202,0.0],[115.5631,-6.94809,0.0],[115.56377,-6.94427,0.0],[115.57028,-6.94334,0.0],[115.57231,-6.93437,0.0],[115.57558,-6.93353,0.0],[115.56447,-6.9224,0.0],[115.56313,-6.91358,0.0],[115.55689,-6.9042,0.0],[115.54251,-6.90164,0.0],[115.51798,-6.88121,0.0],[115.43612,-6.84646,0.0],[115.39354,-6.83461,0.0],[115.34212,-6.83219,0.0],[115.31847,-6.83431,0.0]]],[[[115.79843,-6.79663,0.0],[115.79877,-6.79651,0.0],[115.79849,-6.79646,0.0],[115.79843,-6.79663,0.0]]],[[[115.79876,-6.79458,0.0],[115.79915,-6.79439,0.0],[115.79879,-6.7944,0.0],[115.79876,-6.79458,0.0]]],[[[115.65555,-6.72149,0.0],[115.65631,-6.71892,0.0],[115.65586,-6.7182,0.0],[115.65495,-6.71938,0.0],[115.65555,-6.72149,0.0]]],[[[115.63486,-6.67231,0.0],[115.63673,-6.67204,0.0],[115.63629,-6.67023,0.0],[115.63486,-6.67231,0.0]]],[[[115.73674,-6.65521,0.0],[115.73749,-6.65344,0.0],[115.73729,-6.65283,0.0],[115.73674,-6.65521,0.0]]],[[[115.71346,-6.63302,0.0],[115.71536,-6.63328,0.0],[115.71557,-6.63146,0.0],[115.71346,-6.63302,0.0]]],[[[115.51245,-6.60682,0.0],[115.51334,-6.60657,0.0],[115.51306,-6.60505,0.0],[115.51245,-6.60682,0.0]]],[[[115.54418,-6.56257,0.0],[115.54601,-6.56135,0.0],[115.54386,-6.56218,0.0],[115.54418,-6.56257,0.0]]],[[[115.74865,-6.48595,0.0],[115.75095,-6.48478,0.0],[115.74828,-6.48303,0.0],[115.74865,-6.48595,0.0]]],[[[114.41354,-5.53283,0.0],[114.39387,-5.54252,0.0],[114.39733,-5.55085,0.0],[114.39454,-5.56797,0.0],[114.39749,-5.57129,0.0],[114.4061,-5.56928,0.0],[114.41722,-5.57414,0.0],[114.42232,-5.59003,0.0],[114.43484,-5.58804,0.0],[114.44725,-5.57904,0.0],[114.44666,-5.57213,0.0],[114.4506,-5.57149,0.0],[114.44955,-5.56915,0.0],[114.45485,-5.56525,0.0],[114.4508,-5.56138,0.0],[114.45182,-5.547,0.0],[114.43991,-5.54991,0.0],[114.43905,-5.54482,0.0],[114.43632,-5.54738,0.0],[114.43128,-5.54591,0.0],[114.42926,-5.55229,0.0],[114.42174,-5.54595,0.0],[114.41838,-5.55194,0.0],[114.41307,-5.54565,0.0],[114.4155,-5.53638,0.0],[114.41354,-5.53283,0.0]]],[[[114.4168,-5.42818,0.0],[114.41245,-5.42996,0.0],[114.40953,-5.43979,0.0],[114.41425,-5.45015,0.0],[114.42528,-5.46057,0.0],[114.43737,-5.45845,0.0],[114.43982,-5.45323,0.0],[114.43778,-5.44579,0.0],[114.43057,-5.43608,0.0],[114.4168,-5.42818,0.0]]],[[[114.59444,-5.104,0.0],[114.5933,-5.10273,0.0],[114.59324,-5.10328,0.0],[114.59444,-5.104,0.0]]],[[[114.61207,-5.07414,0.0],[114.60947,-5.04297,0.0],[114.60024,-5.04732,0.0],[114.58828,-5.06116,0.0],[114.59379,-5.0751,0.0],[114.58962,-5.09068,0.0],[114.59599,-5.09589,0.0],[114.60416,-5.09693,0.0],[114.60608,-5.08304,0.0],[114.61207,-5.07414,0.0]]]]}},{"id":"20","type":"Feature","properties":{"WADMKK":"Trenggalek","KDPKAB":"35.03","WADMPR":"Jawa Timur"},"geometry":{"type":"MultiPolygon","coordinates":[[[[111.75265,-7.88695,0.0],[111.74818,-7.88001,0.0],[111.74094,-7.87916,0.0],[111.72651,-7.89044,0.0],[111.70743,-7.89736,0.0],[111.70125,-7.89622,0.0],[111.69914,-7.89959,0.0],[111.70499,-7.90202,0.0],[111.70671,-7.90646,0.0],[111.70121,-7.91543,0.0],[111.69426,-7.91813,0.0],[111.68851,-7.93273,0.0],[111.66785,-7.94459,0.0],[111.65928,-7.94514,0.0],[111.65479,-7.9415,0.0],[111.64736,-7.95814,0.0],[111.65237,-7.96389,0.0],[111.6635,-7.96813,0.0],[111.66223,-7.97414,0.0],[111.65641,-7.97579,0.0],[111.65369,-7.98162,0.0],[111.65686,-7.98998,0.0],[111.65324,-8.02054,0.0],[111.64816,-8.0209,0.0],[111.64771,-8.00378,0.0],[111.64145,-8.00535,0.0],[111.63723,-8.00208,0.0],[111.62592,-8.01092,0.0],[111.62318,-8.0065,0.0],[111.61177,-8.01167,0.0],[111.60627,-8.01935,0.0],[111.59046,-8.01938,0.0],[111.58273,-8.02572,0.0],[111.57432,-8.04,0.0],[111.57327,-8.04795,0.0],[111.55723,-8.04993,0.0],[111.55386,-8.05615,0.0],[111.54478,-8.05465,0.0],[111.5353,-8.0597,0.0],[111.53739,-8.06467,0.0],[111.54351,-8.0665,0.0],[111.52687,-8.08106,0.0],[111.52787,-8.10736,0.0],[111.52108,-8.11075,0.0],[111.50714,-8.1064,0.0],[111.4996,-8.11268,0.0],[111.48328,-8.10846,0.0],[111.47943,-8.11723,0.0],[111.48304,-8.12589,0.0],[111.47952,-8.12809,0.0],[111.4808,-8.13601,0.0],[111.47316,-8.15814,0.0],[111.47371,-8.1648,0.0],[111.47867,-8.16576,0.0],[111.47741,-8.17313,0.0],[111.46495,-8.17552,0.0],[111.45856,-8.16878,0.0],[111.45042,-8.16873,0.0],[111.43783,-8.16323,0.0],[111.43278,-8.16985,0.0],[111.42481,-8.17037,0.0],[111.42427,-8.19137,0.0],[111.41858,-8.19033,0.0],[111.40351,-8.19703,0.0],[111.40426,-8.20814,0.0],[111.40891,-8.21266,0.0],[111.40454,-8.2197,0.0],[111.40041,-8.22073,0.0],[111.40082,-8.22704,0.0],[111.39586,-8.22745,0.0],[111.39217,-8.23318,0.0],[111.40639,-8.25838,0.0],[111.40429,-8.27252,0.0],[111.41025,-8.27837,0.0],[111.41578,-8.27624,0.0],[111.41543,-8.26701,0.0],[111.42019,-8.26005,0.0],[111.42255,-8.26157,0.0],[111.42212,-8.25838,0.0],[111.43917,-8.26414,0.0],[111.44231,-8.26218,0.0],[111.44192,-8.26606,0.0],[111.45351,-8.27619,0.0],[111.45513,-8.27401,0.0],[111.45733,-8.27726,0.0],[111.45226,-8.27908,0.0],[111.45029,-8.28385,0.0],[111.45454,-8.28861,0.0],[111.44485,-8.29425,0.0],[111.44986,-8.29678,0.0],[111.44577,-8.30385,0.0],[111.44964,-8.30851,0.0],[111.45788,-8.3104,0.0],[111.45652,-8.31623,0.0],[111.45323,-8.31684,0.0],[111.45537,-8.32003,0.0],[111.46017,-8.31711,0.0],[111.4639,-8.32245,0.0],[111.47837,-8.30533,0.0],[111.48346,-8.30926,0.0],[111.48195,-8.31942,0.0],[111.49087,-8.31373,0.0],[111.49569,-8.31633,0.0],[111.49449,-8.3232,0.0],[111.50495,-8.32217,0.0],[111.5103,-8.32717,0.0],[111.51187,-8.33283,0.0],[111.52939,-8.32978,0.0],[111.53364,-8.33286,0.0],[111.53277,-8.32956,0.0],[111.53781,-8.32716,0.0],[111.53063,-8.3221,0.0],[111.53196,-8.31672,0.0],[111.5371,-8.31648,0.0],[111.53782,-8.31357,0.0],[111.546,-8.31331,0.0],[111.54491,-8.30716,0.0],[111.55373,-8.30609,0.0],[111.56509,-8.30969,0.0],[111.57363,-8.31777,0.0],[111.57161,-8.32552,0.0],[111.56784,-8.32601,0.0],[111.57027,-8.3337,0.0],[111.57607,-8.33319,0.0],[111.57549,-8.33025,0.0],[111.57779,-8.32894,0.0],[111.58759,-8.33428,0.0],[111.58998,-8.33171,0.0],[111.5875,-8.32826,0.0],[111.59049,-8.32551,0.0],[111.59347,-8.32512,0.0],[111.59533,-8.32211,0.0],[111.59889,-8.32188,0.0],[111.60287,-8.32454,0.0],[111.60174,-8.32991,0.0],[111.60554,-8.33943,0.0],[111.61076,-8.33513,0.0],[111.607,-8.33035,0.0],[111.60854,-8.32665,0.0],[111.61243,-8.32073,0.0],[111.61727,-8.31988,0.0],[111.62834,-8.3252,0.0],[111.62718,-8.33516,0.0],[111.63234,-8.33629,0.0],[111.63406,-8.33956,0.0],[111.63308,-8.34332,0.0],[111.62487,-8.3477,0.0],[111.62604,-8.35395,0.0],[111.63475,-8.34743,0.0],[111.64765,-8.35156,0.0],[111.65261,-8.36653,0.0],[111.65722,-8.36278,0.0],[111.65493,-8.36048,0.0],[111.65755,-8.35693,0.0],[111.66731,-8.3558,0.0],[111.67332,-8.37033,0.0],[111.68251,-8.37493,0.0],[111.68847,-8.36628,0.0],[111.70193,-8.38315,0.0],[111.70371,-8.36707,0.0],[111.70765,-8.36955,0.0],[111.71002,-8.36698,0.0],[111.71425,-8.3723,0.0],[111.72405,-8.36868,0.0],[111.7174,-8.36205,0.0],[111.71348,-8.35171,0.0],[111.70773,-8.35036,0.0],[111.70372,-8.34402,0.0],[111.69795,-8.34495,0.0],[111.68842,-8.33526,0.0],[111.69539,-8.3218,0.0],[111.70074,-8.32462,0.0],[111.71319,-8.32237,0.0],[111.71571,-8.31533,0.0],[111.71392,-8.30905,0.0],[111.70656,-8.30287,0.0],[111.71288,-8.29088,0.0],[111.72932,-8.28746,0.0],[111.72711,-8.28911,0.0],[111.73077,-8.28938,0.0],[111.73178,-8.29385,0.0],[111.73167,-8.28885,0.0],[111.73457,-8.29318,0.0],[111.73135,-8.29489,0.0],[111.7384,-8.29639,0.0],[111.73932,-8.30156,0.0],[111.74661,-8.30605,0.0],[111.74854,-8.31291,0.0],[111.74167,-8.32207,0.0],[111.739,-8.33265,0.0],[111.74659,-8.33404,0.0],[111.74932,-8.34092,0.0],[111.75828,-8.33436,0.0],[111.76264,-8.33585,0.0],[111.77041,-8.32779,0.0],[111.78172,-8.32607,0.0],[111.76896,-8.31666,0.0],[111.76944,-8.30863,0.0],[111.77627,-8.30686,0.0],[111.76812,-8.29545,0.0],[111.77074,-8.29226,0.0],[111.77513,-8.29362,0.0],[111.77759,-8.28965,0.0],[111.75884,-8.2902,0.0],[111.75682,-8.28776,0.0],[111.75,-8.28981,0.0],[111.75079,-8.27348,0.0],[111.74572,-8.26441,0.0],[111.74791,-8.25788,0.0],[111.74378,-8.25271,0.0],[111.73396,-8.25313,0.0],[111.72726,-8.24215,0.0],[111.73229,-8.23649,0.0],[111.729,-8.23127,0.0],[111.73288,-8.22767,0.0],[111.7337,-8.21053,0.0],[111.73945,-8.20888,0.0],[111.74013,-8.20318,0.0],[111.73756,-8.20021,0.0],[111.73024,-8.20556,0.0],[111.72381,-8.19418,0.0],[111.71686,-8.19112,0.0],[111.71926,-8.18718,0.0],[111.71556,-8.18348,0.0],[111.72058,-8.17338,0.0],[111.71845,-8.16871,0.0],[111.73361,-8.14221,0.0],[111.74299,-8.13857,0.0],[111.75205,-8.14271,0.0],[111.82228,-8.1347,0.0],[111.83824,-8.12291,0.0],[111.84693,-8.10642,0.0],[111.8426,-8.10385,0.0],[111.84391,-8.09635,0.0],[111.83834,-8.0916,0.0],[111.83565,-8.09469,0.0],[111.81315,-8.08765,0.0],[111.8096,-8.07569,0.0],[111.79761,-8.06732,0.0],[111.79642,-8.06149,0.0],[111.79139,-8.05939,0.0],[111.78022,-8.03923,0.0],[111.75462,-8.03125,0.0],[111.75451,-8.00271,0.0],[111.76054,-7.98794,0.0],[111.75104,-7.97198,0.0],[111.74173,-7.96963,0.0],[111.73811,-7.95845,0.0],[111.7457,-7.94746,0.0],[111.74418,-7.93215,0.0],[111.76123,-7.9229,0.0],[111.75492,-7.91439,0.0],[111.75265,-7.88695,0.0]]],[[[111.70871,-8.40662,0.0],[111.70877,-8.40653,0.0],[111.7087,-8.40653,0.0],[111.70871,-8.40662,0.0]]],[[[111.70749,-8.40002,0.0],[111.70764,-8.39972,0.0],[111.70751,-8.39972,0.0],[111.70749,-8.40002,0.0]]],[[[111.70715,-8.39818,0.0],[111.70674,-8.3984,0.0],[111.70698,-8.39848,0.0],[111.70715,-8.39818,0.0]]],[[[111.74842,-8.38828,0.0],[111.74879,-8.38813,0.0],[111.74858,-8.38797,0.0],[111.74842,-8.38828,0.0]]],[[[111.6682,-8.37775,0.0],[111.66869,-8.37748,0.0],[111.66847,-8.37727,0.0],[111.6682,-8.37775,0.0]]],[[[111.6511,-8.37744,0.0],[111.65167,-8.37671,0.0],[111.65143,-8.3764,0.0],[111.6511,-8.37744,0.0]]],[[[111.65203,-8.38231,0.0],[111.64996,-8.37629,0.0],[111.65061,-8.38416,0.0],[111.65203,-8.38231,0.0]]],[[[111.71374,-8.37289,0.0],[111.71432,-8.37268,0.0],[111.71394,-8.3724,0.0],[111.71374,-8.37289,0.0]]],[[[111.72664,-8.37083,0.0],[111.72507,-8.37113,0.0],[111.72573,-8.37146,0.0],[111.72664,-8.37083,0.0]]],[[[111.66984,-8.36968,0.0],[111.67002,-8.36962,0.0],[111.66995,-8.36956,0.0],[111.66984,-8.36968,0.0]]],[[[111.67172,-8.36951,0.0],[111.67182,-8.3693,0.0],[111.6717,-8.36932,0.0],[111.67172,-8.36951,0.0]]],[[[111.51461,-8.37012,0.0],[111.51328,-8.36888,0.0],[111.51142,-8.37153,0.0],[111.51461,-8.37012,0.0]]],[[[111.66917,-8.36917,0.0],[111.66954,-8.36897,0.0],[111.66934,-8.36875,0.0],[111.66917,-8.36917,0.0]]],[[[111.65464,-8.36638,0.0],[111.65485,-8.36639,0.0],[111.65483,-8.3661,0.0],[111.65464,-8.36638,0.0]]],[[[111.48714,-8.36435,0.0],[111.48743,-8.36425,0.0],[111.48736,-8.36411,0.0],[111.48714,-8.36435,0.0]]],[[[111.48337,-8.3641,0.0],[111.48375,-8.36379,0.0],[111.48327,-8.36407,0.0],[111.48337,-8.3641,0.0]]],[[[111.66799,-8.35987,0.0],[111.66829,-8.35982,0.0],[111.66822,-8.35978,0.0],[111.66799,-8.35987,0.0]]],[[[111.48642,-8.36462,0.0],[111.48487,-8.35781,0.0],[111.48375,-8.36194,0.0],[111.48642,-8.36462,0.0]]],[[[111.65905,-8.35765,0.0],[111.6589,-8.3574,0.0],[111.65887,-8.35757,0.0],[111.65905,-8.35765,0.0]]],[[[111.65847,-8.35755,0.0],[111.65864,-8.3573,0.0],[111.65849,-8.35728,0.0],[111.65847,-8.35755,0.0]]],[[[111.63046,-8.35646,0.0],[111.63028,-8.35654,0.0],[111.63049,-8.35659,0.0],[111.63046,-8.35646,0.0]]],[[[111.63001,-8.35606,0.0],[111.63034,-8.35586,0.0],[111.63032,-8.35568,0.0],[111.63001,-8.35606,0.0]]],[[[111.62561,-8.3573,0.0],[111.62587,-8.3554,0.0],[111.62451,-8.35651,0.0],[111.62561,-8.3573,0.0]]],[[[111.62825,-8.35486,0.0],[111.62843,-8.35502,0.0],[111.6284,-8.35477,0.0],[111.62825,-8.35486,0.0]]],[[[111.6313,-8.35539,0.0],[111.63049,-8.35469,0.0],[111.62989,-8.35538,0.0],[111.6313,-8.35539,0.0]]],[[[111.62726,-8.35463,0.0],[111.62736,-8.35425,0.0],[111.62726,-8.35425,0.0],[111.62726,-8.35463,0.0]]],[[[111.62669,-8.35434,0.0],[111.62683,-8.35424,0.0],[111.62673,-8.35418,0.0],[111.62669,-8.35434,0.0]]],[[[111.62398,-8.34927,0.0],[111.62414,-8.34897,0.0],[111.62382,-8.34917,0.0],[111.62398,-8.34927,0.0]]],[[[111.62416,-8.34884,0.0],[111.62421,-8.34868,0.0],[111.624,-8.34872,0.0],[111.62416,-8.34884,0.0]]],[[[111.7477,-8.34534,0.0],[111.74906,-8.34433,0.0],[111.74895,-8.34374,0.0],[111.7477,-8.34534,0.0]]],[[[111.7535,-8.34015,0.0],[111.7536,-8.34003,0.0],[111.75347,-8.34008,0.0],[111.7535,-8.34015,0.0]]],[[[111.56856,-8.33881,0.0],[111.56864,-8.33866,0.0],[111.56836,-8.33856,0.0],[111.56856,-8.33881,0.0]]],[[[111.56347,-8.33826,0.0],[111.56273,-8.33808,0.0],[111.56255,-8.33847,0.0],[111.56347,-8.33826,0.0]]],[[[111.56782,-8.3381,0.0],[111.56819,-8.33814,0.0],[111.56816,-8.33802,0.0],[111.56782,-8.3381,0.0]]],[[[111.56893,-8.33809,0.0],[111.5695,-8.33804,0.0],[111.56944,-8.33782,0.0],[111.56893,-8.33809,0.0]]],[[[111.56825,-8.33756,0.0],[111.56841,-8.33747,0.0],[111.56811,-8.33729,0.0],[111.56825,-8.33756,0.0]]],[[[111.56914,-8.33752,0.0],[111.56936,-8.33736,0.0],[111.56923,-8.33725,0.0],[111.56914,-8.33752,0.0]]],[[[111.75815,-8.33754,0.0],[111.75866,-8.33752,0.0],[111.75841,-8.33722,0.0],[111.75815,-8.33754,0.0]]],[[[111.56339,-8.33736,0.0],[111.56338,-8.33704,0.0],[111.56321,-8.33712,0.0],[111.56339,-8.33736,0.0]]],[[[111.56913,-8.33696,0.0],[111.56946,-8.3367,0.0],[111.56907,-8.33692,0.0],[111.56913,-8.33696,0.0]]],[[[111.63078,-8.33651,0.0],[111.63093,-8.33629,0.0],[111.63068,-8.33649,0.0],[111.63078,-8.33651,0.0]]],[[[111.56983,-8.33645,0.0],[111.57015,-8.33621,0.0],[111.56982,-8.33625,0.0],[111.56983,-8.33645,0.0]]],[[[111.51642,-8.33558,0.0],[111.51666,-8.33542,0.0],[111.51641,-8.33553,0.0],[111.51642,-8.33558,0.0]]],[[[111.56991,-8.33583,0.0],[111.57038,-8.33553,0.0],[111.57022,-8.33538,0.0],[111.56991,-8.33583,0.0]]],[[[111.56868,-8.33617,0.0],[111.56957,-8.33474,0.0],[111.56732,-8.33584,0.0],[111.56868,-8.33617,0.0]]],[[[111.56951,-8.33473,0.0],[111.56958,-8.33445,0.0],[111.56934,-8.33468,0.0],[111.56951,-8.33473,0.0]]],[[[111.51672,-8.33442,0.0],[111.51693,-8.33479,0.0],[111.51698,-8.33433,0.0],[111.51672,-8.33442,0.0]]],[[[111.57051,-8.33434,0.0],[111.5707,-8.33427,0.0],[111.5705,-8.33429,0.0],[111.57051,-8.33434,0.0]]],[[[111.57193,-8.3344,0.0],[111.57222,-8.33421,0.0],[111.57202,-8.33394,0.0],[111.57193,-8.3344,0.0]]],[[[111.57437,-8.33394,0.0],[111.57446,-8.33359,0.0],[111.57408,-8.33349,0.0],[111.57437,-8.33394,0.0]]],[[[111.53518,-8.33274,0.0],[111.53537,-8.3325,0.0],[111.53526,-8.33247,0.0],[111.53518,-8.33274,0.0]]],[[[111.58998,-8.33236,0.0],[111.59028,-8.33211,0.0],[111.58986,-8.33233,0.0],[111.58998,-8.33236,0.0]]],[[[111.5758,-8.33044,0.0],[111.57596,-8.33042,0.0],[111.57591,-8.33031,0.0],[111.5758,-8.33044,0.0]]],[[[111.47679,-8.32982,0.0],[111.47737,-8.32959,0.0],[111.47708,-8.32931,0.0],[111.47679,-8.32982,0.0]]],[[[111.46198,-8.32914,0.0],[111.46255,-8.32909,0.0],[111.46264,-8.32871,0.0],[111.46198,-8.32914,0.0]]],[[[111.60152,-8.3285,0.0],[111.60189,-8.3285,0.0],[111.60193,-8.32828,0.0],[111.60152,-8.3285,0.0]]],[[[111.46395,-8.32831,0.0],[111.46302,-8.32791,0.0],[111.46227,-8.32837,0.0],[111.46395,-8.32831,0.0]]],[[[111.48083,-8.33004,0.0],[111.47918,-8.32793,0.0],[111.47786,-8.33122,0.0],[111.48083,-8.33004,0.0]]],[[[111.46327,-8.3277,0.0],[111.46349,-8.3275,0.0],[111.46324,-8.32754,0.0],[111.46327,-8.3277,0.0]]],[[[111.50886,-8.32717,0.0],[111.5092,-8.32695,0.0],[111.50902,-8.32664,0.0],[111.50886,-8.32717,0.0]]],[[[111.50769,-8.3267,0.0],[111.50786,-8.32683,0.0],[111.50781,-8.32642,0.0],[111.50769,-8.3267,0.0]]],[[[111.5902,-8.32612,0.0],[111.59034,-8.32605,0.0],[111.59022,-8.32599,0.0],[111.5902,-8.32612,0.0]]],[[[111.53699,-8.32501,0.0],[111.53799,-8.32497,0.0],[111.53777,-8.32458,0.0],[111.53699,-8.32501,0.0]]],[[[111.43733,-8.32349,0.0],[111.43793,-8.32328,0.0],[111.43789,-8.32305,0.0],[111.43733,-8.32349,0.0]]],[[[111.46319,-8.32347,0.0],[111.46373,-8.32304,0.0],[111.46288,-8.32331,0.0],[111.46319,-8.32347,0.0]]],[[[111.73834,-8.32353,0.0],[111.73849,-8.32301,0.0],[111.73816,-8.32294,0.0],[111.73834,-8.32353,0.0]]],[[[111.45603,-8.32154,0.0],[111.45623,-8.32106,0.0],[111.456,-8.32089,0.0],[111.45603,-8.32154,0.0]]],[[[111.46771,-8.32051,0.0],[111.46829,-8.3204,0.0],[111.468,-8.31991,0.0],[111.46771,-8.32051,0.0]]],[[[111.45632,-8.31961,0.0],[111.45671,-8.31961,0.0],[111.45633,-8.31948,0.0],[111.45632,-8.31961,0.0]]],[[[111.48797,-8.31792,0.0],[111.48847,-8.31782,0.0],[111.4885,-8.31764,0.0],[111.48797,-8.31792,0.0]]],[[[111.53656,-8.31694,0.0],[111.53699,-8.31677,0.0],[111.53656,-8.31689,0.0],[111.53656,-8.31694,0.0]]],[[[111.45223,-8.3173,0.0],[111.45223,-8.31677,0.0],[111.45214,-8.31729,0.0],[111.45223,-8.3173,0.0]]],[[[111.48119,-8.3162,0.0],[111.48147,-8.31593,0.0],[111.48123,-8.31574,0.0],[111.48119,-8.3162,0.0]]],[[[111.53861,-8.31423,0.0],[111.53882,-8.31415,0.0],[111.53874,-8.31405,0.0],[111.53861,-8.31423,0.0]]],[[[111.54616,-8.31413,0.0],[111.54568,-8.31442,0.0],[111.5463,-8.31432,0.0],[111.54616,-8.31413,0.0]]],[[[111.54555,-8.3138,0.0],[111.54569,-8.31358,0.0],[111.54554,-8.31367,0.0],[111.54555,-8.3138,0.0]]],[[[111.54393,-8.31357,0.0],[111.54358,-8.31342,0.0],[111.54342,-8.31354,0.0],[111.54393,-8.31357,0.0]]],[[[111.74383,-8.30847,0.0],[111.74389,-8.30774,0.0],[111.74381,-8.30775,0.0],[111.74383,-8.30847,0.0]]],[[[111.44541,-8.30697,0.0],[111.44598,-8.30685,0.0],[111.44552,-8.30669,0.0],[111.44541,-8.30697,0.0]]],[[[111.73115,-8.29925,0.0],[111.73236,-8.29679,0.0],[111.73136,-8.29729,0.0],[111.73115,-8.29925,0.0]]],[[[111.44521,-8.29778,0.0],[111.44279,-8.29563,0.0],[111.44246,-8.29578,0.0],[111.44264,-8.29694,0.0],[111.44521,-8.29778,0.0]]],[[[111.44176,-8.29593,0.0],[111.44193,-8.29564,0.0],[111.44145,-8.29535,0.0],[111.44176,-8.29593,0.0]]],[[[111.44363,-8.29009,0.0],[111.44382,-8.28937,0.0],[111.44339,-8.29008,0.0],[111.44363,-8.29009,0.0]]],[[[111.41525,-8.27823,0.0],[111.415,-8.27704,0.0],[111.41471,-8.27815,0.0],[111.41525,-8.27823,0.0]]],[[[111.41555,-8.2773,0.0],[111.41577,-8.27686,0.0],[111.41553,-8.27694,0.0],[111.41555,-8.2773,0.0]]],[[[111.4157,-8.27407,0.0],[111.41589,-8.27395,0.0],[111.41572,-8.27393,0.0],[111.4157,-8.27407,0.0]]],[[[111.37459,-8.27434,0.0],[111.37411,-8.27361,0.0],[111.3739,-8.27394,0.0],[111.37459,-8.27434,0.0]]],[[[111.43556,-8.27263,0.0],[111.43564,-8.2725,0.0],[111.43551,-8.27255,0.0],[111.43556,-8.27263,0.0]]],[[[111.43652,-8.27158,0.0],[111.43864,-8.26948,0.0],[111.43658,-8.27103,0.0],[111.43652,-8.27158,0.0]]],[[[111.44109,-8.26889,0.0],[111.44141,-8.26917,0.0],[111.44131,-8.26882,0.0],[111.44109,-8.26889,0.0]]],[[[111.41962,-8.26215,0.0],[111.42,-8.26199,0.0],[111.41968,-8.26189,0.0],[111.41962,-8.26215,0.0]]],[[[111.4235,-8.2604,0.0],[111.42322,-8.26128,0.0],[111.42369,-8.26138,0.0],[111.4235,-8.2604,0.0]]],[[[111.42292,-8.25911,0.0],[111.42252,-8.25934,0.0],[111.42306,-8.25931,0.0],[111.42292,-8.25911,0.0]]]]}},{"id":"21","type":"Feature","properties":{"WADMKK":"Tuban","KDPKAB":"35.23","WADMPR":"Jawa Timur"},"geometry":{"type":"Polygon","coordinates":[[[112.17214,-6.90272,0.0],[112.17047,-6.8973,0.0],[112.17002,-6.8942,0.0],[112.16983,-6.89318,0.0],[112.1697,-6.89291,0.0],[112.17044,-6.89731,0.0],[112.16904,-6.89298,0.0],[112.16683,-6.89877,0.0],[112.14417,-6.89588,0.0],[112.14608,-6.89996,0.0],[112.14353,-6.90093,0.0],[112.14355,-6.89501,0.0],[112.14212,-6.90139,0.0],[112.12349,-6.9026,0.0],[112.10539,-6.89494,0.0],[112.08748,-6.89401,0.0],[112.08395,-6.8966,0.0],[112.06694,-6.89304,0.0],[112.06743,-6.88847,0.0],[112.06487,-6.89257,0.0],[112.05322,-6.88708,0.0],[112.03172,-6.86482,0.0],[112.02951,-6.85633,0.0],[112.02647,-6.85795,0.0],[112.01047,-6.83455,0.0],[112.00695,-6.81865,0.0],[111.99801,-6.80742,0.0],[112.00317,-6.80099,0.0],[112.00346,-6.79994,0.0],[112.00346,-6.79776,0.0],[111.99778,-6.80682,0.0],[111.99456,-6.8044,0.0],[111.99962,-6.79898,0.0],[111.99467,-6.80367,0.0],[111.98742,-6.79653,0.0],[111.97978,-6.7727,0.0],[111.96092,-6.76051,0.0],[111.95384,-6.76034,0.0],[111.96063,-6.76234,0.0],[111.94658,-6.76365,0.0],[111.91619,-6.78219,0.0],[111.87975,-6.79543,0.0],[111.8375,-6.80097,0.0],[111.81134,-6.79487,0.0],[111.76568,-6.77169,0.0],[111.76105,-6.775,0.0],[111.75102,-6.7706,0.0],[111.73183,-6.77172,0.0],[111.72739,-6.76831,0.0],[111.72431,-6.76968,0.0],[111.72724,-6.76752,0.0],[111.7241,-6.76867,0.0],[111.72326,-6.77069,0.0],[111.71615,-6.76886,0.0],[111.69139,-6.75417,0.0],[111.6848,-6.77121,0.0],[111.67864,-6.76983,0.0],[111.67842,-6.77324,0.0],[111.67515,-6.77524,0.0],[111.67757,-6.77191,0.0],[111.67683,-6.7692,0.0],[111.67389,-6.77032,0.0],[111.67543,-6.76548,0.0],[111.66945,-6.76342,0.0],[111.66442,-6.77727,0.0],[111.66075,-6.77691,0.0],[111.65949,-6.7854,0.0],[111.66813,-6.80173,0.0],[111.65644,-6.82632,0.0],[111.65188,-6.82599,0.0],[111.64898,-6.82951,0.0],[111.63553,-6.82879,0.0],[111.6192,-6.82167,0.0],[111.61399,-6.83301,0.0],[111.61183,-6.85437,0.0],[111.61509,-6.86237,0.0],[111.61056,-6.86773,0.0],[111.61356,-6.87297,0.0],[111.61217,-6.88159,0.0],[111.6056,-6.88976,0.0],[111.6076,-6.89461,0.0],[111.60383,-6.89667,0.0],[111.60741,-6.89876,0.0],[111.60772,-6.90375,0.0],[111.60234,-6.91171,0.0],[111.57747,-6.91708,0.0],[111.57489,-6.93555,0.0],[111.56722,-6.95162,0.0],[111.57227,-6.95694,0.0],[111.5792,-6.95663,0.0],[111.59003,-6.96241,0.0],[111.59437,-6.96058,0.0],[111.61469,-6.97111,0.0],[111.62285,-6.98008,0.0],[111.62367,-6.98944,0.0],[111.65139,-6.9998,0.0],[111.6563,-7.01349,0.0],[111.65477,-7.02489,0.0],[111.65757,-7.03698,0.0],[111.6715,-7.04086,0.0],[111.67504,-7.04823,0.0],[111.69384,-7.05413,0.0],[111.69121,-7.06284,0.0],[111.69413,-7.06865,0.0],[111.71185,-7.08095,0.0],[111.71785,-7.07814,0.0],[111.72665,-7.08395,0.0],[111.73624,-7.07783,0.0],[111.76246,-7.08785,0.0],[111.76601,-7.08383,0.0],[111.77487,-7.08198,0.0],[111.79333,-7.08197,0.0],[111.79709,-7.08618,0.0],[111.80184,-7.08371,0.0],[111.81401,-7.08629,0.0],[111.81854,-7.0881,0.0],[111.82424,-7.10043,0.0],[111.85657,-7.11512,0.0],[111.85605,-7.12532,0.0],[111.86016,-7.12388,0.0],[111.86199,-7.1297,0.0],[111.86452,-7.1241,0.0],[111.86669,-7.12917,0.0],[111.86713,-7.12626,0.0],[111.87793,-7.13327,0.0],[111.87669,-7.13118,0.0],[111.88165,-7.13153,0.0],[111.88368,-7.12217,0.0],[111.88635,-7.12173,0.0],[111.90031,-7.12876,0.0],[111.89921,-7.13633,0.0],[111.91116,-7.13801,0.0],[111.92068,-7.13207,0.0],[111.93043,-7.13278,0.0],[111.93243,-7.14144,0.0],[111.93027,-7.15651,0.0],[111.93261,-7.15995,0.0],[111.94257,-7.15489,0.0],[111.95272,-7.13182,0.0],[111.97008,-7.13781,0.0],[111.97937,-7.14814,0.0],[111.97767,-7.16156,0.0],[111.98059,-7.16504,0.0],[111.98469,-7.16207,0.0],[111.98477,-7.1426,0.0],[111.99366,-7.12776,0.0],[111.99507,-7.11445,0.0],[111.99955,-7.11574,0.0],[111.99897,-7.12498,0.0],[112.00654,-7.13128,0.0],[112.01056,-7.13027,0.0],[112.01095,-7.12515,0.0],[112.00323,-7.10925,0.0],[112.00701,-7.10445,0.0],[112.01443,-7.10216,0.0],[112.0063,-7.09343,0.0],[112.01296,-7.09373,0.0],[112.02041,-7.08736,0.0],[112.0154,-7.07439,0.0],[112.01779,-7.06806,0.0],[112.02614,-7.06934,0.0],[112.03132,-7.07905,0.0],[112.03872,-7.07135,0.0],[112.04429,-7.07123,0.0],[112.0449,-7.07569,0.0],[112.03952,-7.07931,0.0],[112.04131,-7.08174,0.0],[112.05471,-7.0728,0.0],[112.06578,-7.07233,0.0],[112.08277,-7.06592,0.0],[112.08661,-7.08613,0.0],[112.12457,-7.08944,0.0],[112.11742,-7.09758,0.0],[112.12186,-7.10768,0.0],[112.12715,-7.10681,0.0],[112.12712,-7.09953,0.0],[112.13129,-7.09702,0.0],[112.14429,-7.10628,0.0],[112.15082,-7.10056,0.0],[112.15134,-7.10353,0.0],[112.14623,-7.10673,0.0],[112.15794,-7.11054,0.0],[112.16308,-7.10679,0.0],[112.165,-7.09858,0.0],[112.17751,-7.09863,0.0],[112.18387,-7.08872,0.0],[112.17462,-7.08691,0.0],[112.17932,-7.0751,0.0],[112.18493,-7.07632,0.0],[112.18385,-7.08346,0.0],[112.18983,-7.08438,0.0],[112.20365,-7.07448,0.0],[112.21694,-7.07453,0.0],[112.21892,-7.06682,0.0],[112.21526,-7.05472,0.0],[112.21576,-7.04294,0.0],[112.22246,-7.03734,0.0],[112.20735,-7.03413,0.0],[112.20333,-7.02942,0.0],[112.21079,-7.02057,0.0],[112.21457,-7.00944,0.0],[112.21164,-7.0018,0.0],[112.21398,-6.99924,0.0],[112.20975,-6.9967,0.0],[112.20957,-6.97967,0.0],[112.21304,-6.97913,0.0],[112.20593,-6.96898,0.0],[112.20261,-6.94785,0.0],[112.203,-6.9183,0.0],[112.19882,-6.91283,0.0],[112.18036,-6.91315,0.0],[112.17898,-6.90508,0.0],[112.17214,-6.90272,0.0]]]}},{"id":"22","type":"Feature","properties":{"WADMKK":"Tulungagung","KDPKAB":"35.04","WADMPR":"Jawa Timur"},"geometry":{"type":"MultiPolygon","coordinates":[[[[111.7992,-7.83657,0.0],[111.78581,-7.83347,0.0],[111.78159,-7.83787,0.0],[111.77308,-7.85118,0.0],[111.77187,-7.85738,0.0],[111.77863,-7.86514,0.0],[111.77168,-7.87241,0.0],[111.7692,-7.88173,0.0],[111.77119,-7.88667,0.0],[111.76117,-7.8904,0.0],[111.75874,-7.89478,0.0],[111.75586,-7.89387,0.0],[111.75608,-7.8987,0.0],[111.76067,-7.90096,0.0],[111.75428,-7.90993,0.0],[111.75492,-7.91439,0.0],[111.76123,-7.9229,0.0],[111.74418,-7.93215,0.0],[111.7457,-7.94746,0.0],[111.73813,-7.95891,0.0],[111.74173,-7.96963,0.0],[111.75104,-7.97198,0.0],[111.76054,-7.98794,0.0],[111.75451,-8.00271,0.0],[111.75462,-8.03125,0.0],[111.78022,-8.03923,0.0],[111.79139,-8.05939,0.0],[111.79642,-8.06149,0.0],[111.79761,-8.06732,0.0],[111.8096,-8.07569,0.0],[111.81315,-8.08765,0.0],[111.83565,-8.09469,0.0],[111.83834,-8.0916,0.0],[111.84391,-8.09635,0.0],[111.8426,-8.10385,0.0],[111.84693,-8.10644,0.0],[111.83824,-8.12291,0.0],[111.82228,-8.1347,0.0],[111.75205,-8.14271,0.0],[111.74231,-8.1387,0.0],[111.73361,-8.14221,0.0],[111.72156,-8.16172,0.0],[111.71845,-8.16871,0.0],[111.72004,-8.17577,0.0],[111.71545,-8.18411,0.0],[111.71926,-8.18718,0.0],[111.71686,-8.19112,0.0],[111.72381,-8.19418,0.0],[111.73024,-8.20556,0.0],[111.73756,-8.20021,0.0],[111.74013,-8.20318,0.0],[111.73945,-8.20888,0.0],[111.7337,-8.21053,0.0],[111.73288,-8.22767,0.0],[111.729,-8.23127,0.0],[111.73229,-8.23649,0.0],[111.72726,-8.24215,0.0],[111.73396,-8.25313,0.0],[111.74378,-8.25271,0.0],[111.74791,-8.25788,0.0],[111.74572,-8.26441,0.0],[111.75079,-8.27348,0.0],[111.75,-8.28981,0.0],[111.76968,-8.28883,0.0],[111.76886,-8.28575,0.0],[111.77872,-8.27723,0.0],[111.77024,-8.27103,0.0],[111.77104,-8.26459,0.0],[111.77586,-8.25891,0.0],[111.7912,-8.25518,0.0],[111.79994,-8.25772,0.0],[111.80362,-8.26257,0.0],[111.79991,-8.26984,0.0],[111.80867,-8.26411,0.0],[111.81556,-8.26847,0.0],[111.81467,-8.2726,0.0],[111.81925,-8.27024,0.0],[111.82879,-8.27234,0.0],[111.82804,-8.27597,0.0],[111.83264,-8.28115,0.0],[111.8426,-8.28186,0.0],[111.83941,-8.27433,0.0],[111.84199,-8.2741,0.0],[111.84069,-8.26795,0.0],[111.83504,-8.26434,0.0],[111.83978,-8.25854,0.0],[111.84172,-8.26367,0.0],[111.84945,-8.26407,0.0],[111.85286,-8.27113,0.0],[111.86246,-8.26872,0.0],[111.86231,-8.27462,0.0],[111.86826,-8.27628,0.0],[111.86671,-8.28044,0.0],[111.86908,-8.28429,0.0],[111.87351,-8.28462,0.0],[111.87521,-8.2909,0.0],[111.88545,-8.29283,0.0],[111.89815,-8.30011,0.0],[111.89921,-8.30422,0.0],[111.90278,-8.30134,0.0],[111.90746,-8.30255,0.0],[111.91162,-8.29675,0.0],[111.92941,-8.30616,0.0],[111.93701,-8.30642,0.0],[111.9441,-8.29594,0.0],[111.93512,-8.29283,0.0],[111.93642,-8.28666,0.0],[111.94276,-8.27877,0.0],[111.94986,-8.27721,0.0],[111.97448,-8.28083,0.0],[111.99346,-8.29699,0.0],[112.00736,-8.29963,0.0],[112.01032,-8.30363,0.0],[112.01691,-8.30222,0.0],[112.0264,-8.31141,0.0],[112.03167,-8.31093,0.0],[112.03425,-8.30764,0.0],[112.0335,-8.29767,0.0],[112.02448,-8.28779,0.0],[112.02356,-8.28167,0.0],[112.02967,-8.27118,0.0],[112.03063,-8.26268,0.0],[112.02266,-8.24434,0.0],[112.02688,-8.23424,0.0],[112.02193,-8.22674,0.0],[112.02818,-8.20027,0.0],[112.02297,-8.19328,0.0],[112.02419,-8.18572,0.0],[112.0291,-8.18144,0.0],[112.02884,-8.16821,0.0],[112.03545,-8.16928,0.0],[112.03811,-8.17375,0.0],[112.05068,-8.17975,0.0],[112.06406,-8.17665,0.0],[112.06611,-8.18646,0.0],[112.07858,-8.18752,0.0],[112.08904,-8.17334,0.0],[112.09397,-8.17362,0.0],[112.10365,-8.15839,0.0],[112.11654,-8.15761,0.0],[112.12201,-8.12529,0.0],[112.09578,-8.11091,0.0],[112.07894,-8.11892,0.0],[112.07159,-8.11698,0.0],[112.06708,-8.11134,0.0],[112.04866,-8.10957,0.0],[112.03365,-8.09885,0.0],[112.008,-8.09755,0.0],[111.99687,-8.09211,0.0],[111.98817,-8.07643,0.0],[111.99622,-8.06265,0.0],[111.98705,-8.04985,0.0],[111.97248,-8.04361,0.0],[111.97042,-8.02732,0.0],[111.96248,-8.01198,0.0],[111.95652,-8.00893,0.0],[111.95649,-7.99015,0.0],[111.95261,-7.9886,0.0],[111.95036,-7.97476,0.0],[111.94387,-7.96449,0.0],[111.94659,-7.96089,0.0],[111.9452,-7.95352,0.0],[111.92768,-7.96294,0.0],[111.92289,-7.95686,0.0],[111.91779,-7.95656,0.0],[111.91683,-7.96115,0.0],[111.91004,-7.95612,0.0],[111.9026,-7.95707,0.0],[111.88363,-7.94791,0.0],[111.87824,-7.93287,0.0],[111.86303,-7.90766,0.0],[111.85125,-7.90086,0.0],[111.83038,-7.87744,0.0],[111.81037,-7.86643,0.0],[111.80271,-7.86567,0.0],[111.80199,-7.85629,0.0],[111.79717,-7.8479,0.0],[111.7992,-7.83657,0.0]]],[[[111.7614,-8.38793,0.0],[111.76148,-8.38737,0.0],[111.76112,-8.3873,0.0],[111.7614,-8.38793,0.0]]],[[[111.76038,-8.38746,0.0],[111.75935,-8.38793,0.0],[111.76087,-8.38819,0.0],[111.76038,-8.38746,0.0]]],[[[111.76168,-8.38693,0.0],[111.76236,-8.38695,0.0],[111.76189,-8.38651,0.0],[111.76168,-8.38693,0.0]]],[[[111.76247,-8.38683,0.0],[111.76303,-8.38685,0.0],[111.76226,-8.38644,0.0],[111.76247,-8.38683,0.0]]],[[[111.76216,-8.386,0.0],[111.76247,-8.38588,0.0],[111.76215,-8.3859,0.0],[111.76216,-8.386,0.0]]],[[[111.78298,-8.36979,0.0],[111.78344,-8.37003,0.0],[111.78328,-8.36975,0.0],[111.78298,-8.36979,0.0]]],[[[111.77934,-8.36818,0.0],[111.77725,-8.3681,0.0],[111.77745,-8.36947,0.0],[111.77934,-8.36818,0.0]]],[[[111.78121,-8.36666,0.0],[111.77889,-8.36744,0.0],[111.78209,-8.36821,0.0],[111.78433,-8.37036,0.0],[111.78121,-8.36666,0.0]]],[[[111.787,-8.36593,0.0],[111.7859,-8.36565,0.0],[111.78539,-8.36633,0.0],[111.787,-8.36593,0.0]]],[[[111.79978,-8.35788,0.0],[111.7959,-8.35709,0.0],[111.79889,-8.35894,0.0],[111.79978,-8.35788,0.0]]],[[[111.79625,-8.35467,0.0],[111.79639,-8.35458,0.0],[111.79623,-8.35454,0.0],[111.79625,-8.35467,0.0]]],[[[111.74654,-8.34644,0.0],[111.74526,-8.34768,0.0],[111.74619,-8.34826,0.0],[111.74547,-8.34967,0.0],[111.74668,-8.35145,0.0],[111.74654,-8.34644,0.0]]],[[[111.75641,-8.34341,0.0],[111.75655,-8.34299,0.0],[111.75629,-8.34325,0.0],[111.75641,-8.34341,0.0]]],[[[111.76052,-8.34379,0.0],[111.7578,-8.34185,0.0],[111.75747,-8.34246,0.0],[111.76052,-8.34379,0.0]]],[[[111.7577,-8.341,0.0],[111.75802,-8.33956,0.0],[111.75806,-8.33906,0.0],[111.75714,-8.3402,0.0],[111.7577,-8.341,0.0]]],[[[111.7836,-8.32703,0.0],[111.78379,-8.32662,0.0],[111.78332,-8.32673,0.0],[111.7836,-8.32703,0.0]]],[[[111.92466,-8.30675,0.0],[111.92519,-8.30659,0.0],[111.92505,-8.30652,0.0],[111.92466,-8.30675,0.0]]],[[[111.92498,-8.30571,0.0],[111.92579,-8.30528,0.0],[111.92561,-8.30475,0.0],[111.92498,-8.30571,0.0]]],[[[111.89351,-8.30078,0.0],[111.89372,-8.30052,0.0],[111.89355,-8.30045,0.0],[111.89351,-8.30078,0.0]]],[[[111.87668,-8.2918,0.0],[111.87696,-8.29163,0.0],[111.87664,-8.2915,0.0],[111.87668,-8.2918,0.0]]],[[[111.84546,-8.28307,0.0],[111.84565,-8.28291,0.0],[111.84552,-8.2829,0.0],[111.84546,-8.28307,0.0]]],[[[111.86355,-8.27843,0.0],[111.86448,-8.27796,0.0],[111.86439,-8.27772,0.0],[111.86355,-8.27843,0.0]]],[[[111.8628,-8.27558,0.0],[111.86292,-8.27544,0.0],[111.86275,-8.27545,0.0],[111.8628,-8.27558,0.0]]],[[[111.80571,-8.26848,0.0],[111.80607,-8.26865,0.0],[111.80588,-8.26825,0.0],[111.80571,-8.26848,0.0]]]]}},{"id":"23","type":"Feature","properties":{"WADMKK":"Kota Mojokerto","KDPKAB":"35.76","WADMPR":"Jawa Timur"},"geometry":{"type":"Polygon","coordinates":[[[112.45751,-7.45676,0.0],[112.45509,-7.44738,0.0],[112.43393,-7.45983,0.0],[112.41581,-7.45728,0.0],[112.41679,-7.46601,0.0],[112.41211,-7.46861,0.0],[112.41442,-7.47317,0.0],[112.40605,-7.47789,0.0],[112.40766,-7.49164,0.0],[112.42211,-7.49405,0.0],[112.42865,-7.48046,0.0],[112.43529,-7.48754,0.0],[112.43654,-7.48172,0.0],[112.44376,-7.48186,0.0],[112.44379,-7.49079,0.0],[112.44978,-7.49344,0.0],[112.45084,-7.48175,0.0],[112.46049,-7.48294,0.0],[112.46139,-7.47315,0.0],[112.46477,-7.47319,0.0],[112.46476,-7.46699,0.0],[112.46683,-7.46712,0.0],[112.46764,-7.46209,0.0],[112.465,-7.46115,0.0],[112.46848,-7.4607,0.0],[112.46711,-7.45324,0.0],[112.45751,-7.45676,0.0]]]}},{"id":"24","type":"Feature","properties":{"WADMKK":"Kota Pasuruan","KDPKAB":"35.75","WADMPR":"Jawa Timur"},"geometry":{"type":"Polygon","coordinates":[[[112.95314,-7.6218,0.0],[112.94574,-7.61675,0.0],[112.94498,-7.62235,0.0],[112.93718,-7.62567,0.0],[112.9351,-7.63179,0.0],[112.91913,-7.62641,0.0],[112.90841,-7.62869,0.0],[112.90257,-7.62525,0.0],[112.90006,-7.62876,0.0],[112.8859,-7.62341,0.0],[112.88434,-7.63186,0.0],[112.87467,-7.62679,0.0],[112.87244,-7.63416,0.0],[112.87537,-7.63425,0.0],[112.87606,-7.63878,0.0],[112.8714,-7.65091,0.0],[112.87378,-7.6529,0.0],[112.87218,-7.66255,0.0],[112.87834,-7.65526,0.0],[112.88698,-7.66008,0.0],[112.88692,-7.66244,0.0],[112.88277,-7.66076,0.0],[112.88141,-7.66463,0.0],[112.88647,-7.66732,0.0],[112.88113,-7.67186,0.0],[112.89368,-7.67551,0.0],[112.89523,-7.68492,0.0],[112.89775,-7.68585,0.0],[112.90106,-7.6863,0.0],[112.90778,-7.67925,0.0],[112.91685,-7.67819,0.0],[112.9186,-7.67392,0.0],[112.92264,-7.67572,0.0],[112.93462,-7.66414,0.0],[112.93621,-7.65653,0.0],[112.94301,-7.65557,0.0],[112.94535,-7.64792,0.0],[112.94246,-7.64658,0.0],[112.94617,-7.63781,0.0],[112.9519,-7.63328,0.0],[112.95314,-7.6218,0.0]]]}},{"id":"25","type":"Feature","properties":{"WADMKK":"Kota Probolinggo","KDPKAB":"35.74","WADMPR":"Jawa Timur"},"geometry":{"type":"Polygon","coordinates":[[[113.23647,-7.7393,0.0],[113.22512,-7.73796,0.0],[113.22307,-7.73367,0.0],[113.22542,-7.73423,0.0],[113.22906,-7.72507,0.0],[113.22564,-7.73274,0.0],[113.22477,-7.72589,0.0],[113.22796,-7.72469,0.0],[113.22501,-7.72515,0.0],[113.22351,-7.72865,0.0],[113.22059,-7.72467,0.0],[113.21789,-7.72699,0.0],[113.21818,-7.72251,0.0],[113.21685,-7.73648,0.0],[113.21629,-7.73643,0.0],[113.2176,-7.72243,0.0],[113.21535,-7.7224,0.0],[113.21515,-7.72766,0.0],[113.21248,-7.72768,0.0],[113.21447,-7.73419,0.0],[113.21048,-7.73824,0.0],[113.19223,-7.74026,0.0],[113.19332,-7.74341,0.0],[113.18891,-7.74188,0.0],[113.18695,-7.74636,0.0],[113.18258,-7.74531,0.0],[113.17975,-7.74825,0.0],[113.1805,-7.74376,0.0],[113.17482,-7.74951,0.0],[113.17765,-7.75208,0.0],[113.1699,-7.75443,0.0],[113.16906,-7.76268,0.0],[113.16312,-7.77083,0.0],[113.16557,-7.77369,0.0],[113.16397,-7.77925,0.0],[113.17904,-7.7833,0.0],[113.17702,-7.78848,0.0],[113.18307,-7.79067,0.0],[113.17859,-7.81015,0.0],[113.20027,-7.81255,0.0],[113.20477,-7.80459,0.0],[113.20789,-7.8043,0.0],[113.20412,-7.81279,0.0],[113.20927,-7.8149,0.0],[113.20792,-7.81727,0.0],[113.21711,-7.82016,0.0],[113.21692,-7.81548,0.0],[113.22609,-7.8015,0.0],[113.23707,-7.80824,0.0],[113.23582,-7.79757,0.0],[113.24111,-7.79968,0.0],[113.2425,-7.79455,0.0],[113.23852,-7.79365,0.0],[113.2354,-7.78793,0.0],[113.23734,-7.78164,0.0],[113.234,-7.78049,0.0],[113.23737,-7.77311,0.0],[113.23465,-7.77147,0.0],[113.23467,-7.75668,0.0],[113.23186,-7.756,0.0],[113.23812,-7.74736,0.0],[113.23647,-7.7393,0.0]]]}},{"id":"26","type":"Feature","properties":{"WADMKK":"Kota Surabaya","KDPKAB":"35.78","WADMPR":"Jawa Timur"},"geometry":{"type":"Polygon","coordinates":[[[112.82788,-7.34284,0.0],[112.83267,-7.32828,0.0],[112.8376,-7.32263,0.0],[112.83585,-7.32009,0.0],[112.83974,-7.32086,0.0],[112.8454,-7.30811,0.0],[112.84327,-7.30537,0.0],[112.8463,-7.30036,0.0],[112.84683,-7.28705,0.0],[112.84312,-7.27696,0.0],[112.83867,-7.27411,0.0],[112.84057,-7.27209,0.0],[112.83356,-7.2595,0.0],[112.8247,-7.25488,0.0],[112.82273,-7.25748,0.0],[112.82373,-7.25403,0.0],[112.8161,-7.24934,0.0],[112.81272,-7.25501,0.0],[112.80529,-7.24934,0.0],[112.80403,-7.25147,0.0],[112.80121,-7.24183,0.0],[112.7961,-7.23829,0.0],[112.78189,-7.21064,0.0],[112.77521,-7.20805,0.0],[112.77469,-7.20154,0.0],[112.77266,-7.20326,0.0],[112.76493,-7.19624,0.0],[112.75162,-7.19972,0.0],[112.74631,-7.19704,0.0],[112.74772,-7.19427,0.0],[112.73944,-7.19502,0.0],[112.74349,-7.19579,0.0],[112.74465,-7.202,0.0],[112.74089,-7.20278,0.0],[112.73898,-7.19876,0.0],[112.73975,-7.20292,0.0],[112.73831,-7.20368,0.0],[112.73573,-7.19596,0.0],[112.73721,-7.20926,0.0],[112.73427,-7.1963,0.0],[112.72362,-7.19803,0.0],[112.73198,-7.19972,0.0],[112.73046,-7.20874,0.0],[112.72441,-7.20328,0.0],[112.72687,-7.20948,0.0],[112.72006,-7.1986,0.0],[112.71766,-7.19904,0.0],[112.7222,-7.21122,0.0],[112.71896,-7.20681,0.0],[112.71295,-7.2075,0.0],[112.71555,-7.21332,0.0],[112.70988,-7.21819,0.0],[112.70755,-7.22532,0.0],[112.70308,-7.22027,0.0],[112.68505,-7.22564,0.0],[112.67995,-7.22139,0.0],[112.67679,-7.22405,0.0],[112.66807,-7.21987,0.0],[112.662,-7.2111,0.0],[112.67666,-7.19618,0.0],[112.68143,-7.19842,0.0],[112.68204,-7.19433,0.0],[112.67746,-7.19039,0.0],[112.67645,-7.1953,0.0],[112.66229,-7.21014,0.0],[112.66006,-7.20712,0.0],[112.66524,-7.19881,0.0],[112.66321,-7.19325,0.0],[112.64759,-7.19525,0.0],[112.64006,-7.19245,0.0],[112.62544,-7.19708,0.0],[112.62153,-7.20101,0.0],[112.62554,-7.2012,0.0],[112.62528,-7.20606,0.0],[112.62102,-7.20864,0.0],[112.62028,-7.20172,0.0],[112.61497,-7.20776,0.0],[112.61354,-7.20085,0.0],[112.60987,-7.20187,0.0],[112.61281,-7.20553,0.0],[112.61034,-7.20799,0.0],[112.60799,-7.20234,0.0],[112.60544,-7.20763,0.0],[112.60162,-7.20256,0.0],[112.59741,-7.20399,0.0],[112.59617,-7.2066,0.0],[112.60091,-7.2129,0.0],[112.59473,-7.21458,0.0],[112.60113,-7.21619,0.0],[112.5975,-7.21956,0.0],[112.59922,-7.22331,0.0],[112.59044,-7.21404,0.0],[112.59177,-7.22347,0.0],[112.59695,-7.22347,0.0],[112.60006,-7.23239,0.0],[112.60459,-7.2329,0.0],[112.60719,-7.23723,0.0],[112.60179,-7.24625,0.0],[112.60413,-7.24957,0.0],[112.61264,-7.24969,0.0],[112.61834,-7.25772,0.0],[112.63064,-7.26004,0.0],[112.63288,-7.26354,0.0],[112.62175,-7.28263,0.0],[112.6278,-7.29058,0.0],[112.63008,-7.31461,0.0],[112.64924,-7.31456,0.0],[112.65099,-7.32517,0.0],[112.64819,-7.33347,0.0],[112.65413,-7.334,0.0],[112.65776,-7.3305,0.0],[112.66502,-7.34057,0.0],[112.66459,-7.35144,0.0],[112.67864,-7.35035,0.0],[112.70428,-7.33651,0.0],[112.71603,-7.33996,0.0],[112.7258,-7.34834,0.0],[112.74198,-7.3452,0.0],[112.74303,-7.34082,0.0],[112.75346,-7.34223,0.0],[112.75541,-7.33674,0.0],[112.76636,-7.33833,0.0],[112.76806,-7.34158,0.0],[112.77017,-7.33921,0.0],[112.77742,-7.34009,0.0],[112.77956,-7.34477,0.0],[112.78334,-7.34545,0.0],[112.81252,-7.34639,0.0],[112.82788,-7.34284,0.0]]]}},{"id":"27","type":"Feature","properties":{"WADMKK":"Lamongan","KDPKAB":"35.24","WADMPR":"Jawa Timur"},"geometry":{"type":"MultiPolygon","coordinates":[[[[112.33368,-6.86121,0.0],[112.31967,-6.86776,0.0],[112.31907,-6.86549,0.0],[112.31949,-6.86772,0.0],[112.3202,-6.86857,0.0],[112.31331,-6.87173,0.0],[112.29854,-6.87416,0.0],[112.28776,-6.86987,0.0],[112.29683,-6.86842,0.0],[112.29377,-6.86602,0.0],[112.28717,-6.86992,0.0],[112.28838,-6.86528,0.0],[112.28704,-6.86493,0.0],[112.28676,-6.86968,0.0],[112.26972,-6.87841,0.0],[112.26986,-6.87344,0.0],[112.26706,-6.87462,0.0],[112.26541,-6.87044,0.0],[112.26754,-6.87615,0.0],[112.25057,-6.87858,0.0],[112.24534,-6.87702,0.0],[112.2442,-6.87235,0.0],[112.23006,-6.87469,0.0],[112.22387,-6.87241,0.0],[112.22293,-6.87524,0.0],[112.21632,-6.87475,0.0],[112.21421,-6.88122,0.0],[112.20595,-6.88199,0.0],[112.20579,-6.88111,0.0],[112.20632,-6.88025,0.0],[112.20642,-6.87928,0.0],[112.20492,-6.88275,0.0],[112.20442,-6.87971,0.0],[112.20159,-6.8848,0.0],[112.18499,-6.88819,0.0],[112.17128,-6.89781,0.0],[112.17038,-6.89486,0.0],[112.17214,-6.90272,0.0],[112.17898,-6.90508,0.0],[112.18036,-6.91315,0.0],[112.19882,-6.91283,0.0],[112.203,-6.9183,0.0],[112.20261,-6.94785,0.0],[112.20593,-6.96898,0.0],[112.21304,-6.97913,0.0],[112.20957,-6.97967,0.0],[112.20975,-6.9967,0.0],[112.21398,-6.99924,0.0],[112.21164,-7.0018,0.0],[112.21457,-7.00944,0.0],[112.21079,-7.02057,0.0],[112.20333,-7.02942,0.0],[112.20735,-7.03413,0.0],[112.22246,-7.03734,0.0],[112.21576,-7.04294,0.0],[112.21881,-7.06868,0.0],[112.21661,-7.07484,0.0],[112.20365,-7.07448,0.0],[112.18983,-7.08438,0.0],[112.18385,-7.08346,0.0],[112.18353,-7.07472,0.0],[112.17861,-7.07572,0.0],[112.17462,-7.08691,0.0],[112.18387,-7.08872,0.0],[112.17834,-7.09775,0.0],[112.16618,-7.09781,0.0],[112.16097,-7.10938,0.0],[112.1522,-7.10942,0.0],[112.1541,-7.11981,0.0],[112.16408,-7.11287,0.0],[112.16568,-7.11784,0.0],[112.16146,-7.12268,0.0],[112.16007,-7.1417,0.0],[112.1517,-7.14947,0.0],[112.15147,-7.15791,0.0],[112.13961,-7.15799,0.0],[112.13997,-7.16275,0.0],[112.13663,-7.16486,0.0],[112.13012,-7.18341,0.0],[112.12417,-7.18579,0.0],[112.11919,-7.20431,0.0],[112.12112,-7.20563,0.0],[112.11708,-7.20693,0.0],[112.11858,-7.21192,0.0],[112.11376,-7.21311,0.0],[112.10953,-7.22236,0.0],[112.09686,-7.22838,0.0],[112.09258,-7.22307,0.0],[112.08708,-7.22966,0.0],[112.08947,-7.23888,0.0],[112.08498,-7.24236,0.0],[112.08691,-7.24715,0.0],[112.08385,-7.25,0.0],[112.08809,-7.25298,0.0],[112.08385,-7.25499,0.0],[112.08434,-7.25958,0.0],[112.08757,-7.26703,0.0],[112.09442,-7.26932,0.0],[112.09116,-7.28222,0.0],[112.08617,-7.28354,0.0],[112.08903,-7.28699,0.0],[112.08531,-7.2884,0.0],[112.09002,-7.29808,0.0],[112.08727,-7.30294,0.0],[112.09003,-7.304,0.0],[112.08587,-7.30781,0.0],[112.08406,-7.3057,0.0],[112.07973,-7.31343,0.0],[112.07707,-7.31338,0.0],[112.07832,-7.32418,0.0],[112.07484,-7.32525,0.0],[112.07256,-7.33325,0.0],[112.07674,-7.33662,0.0],[112.07983,-7.34679,0.0],[112.085,-7.35029,0.0],[112.08446,-7.35663,0.0],[112.089,-7.35847,0.0],[112.08933,-7.36849,0.0],[112.08601,-7.36938,0.0],[112.0861,-7.37588,0.0],[112.08153,-7.38255,0.0],[112.10645,-7.38382,0.0],[112.12302,-7.37348,0.0],[112.13776,-7.36793,0.0],[112.15243,-7.36677,0.0],[112.16968,-7.35718,0.0],[112.18712,-7.35218,0.0],[112.20039,-7.35336,0.0],[112.203,-7.34998,0.0],[112.21136,-7.34857,0.0],[112.2346,-7.35298,0.0],[112.25067,-7.36329,0.0],[112.26419,-7.36197,0.0],[112.27546,-7.3569,0.0],[112.29483,-7.35951,0.0],[112.29336,-7.3647,0.0],[112.30227,-7.35711,0.0],[112.30565,-7.35784,0.0],[112.30632,-7.36448,0.0],[112.31405,-7.36504,0.0],[112.31352,-7.35894,0.0],[112.30627,-7.35652,0.0],[112.30778,-7.35184,0.0],[112.3289,-7.34398,0.0],[112.3458,-7.34506,0.0],[112.34894,-7.3374,0.0],[112.35884,-7.33356,0.0],[112.35855,-7.32648,0.0],[112.36271,-7.32846,0.0],[112.36972,-7.32559,0.0],[112.37201,-7.32037,0.0],[112.38884,-7.32148,0.0],[112.39195,-7.31314,0.0],[112.40338,-7.31145,0.0],[112.41022,-7.30526,0.0],[112.41163,-7.29628,0.0],[112.40711,-7.29106,0.0],[112.41241,-7.27291,0.0],[112.39689,-7.26475,0.0],[112.41323,-7.2493,0.0],[112.41602,-7.24215,0.0],[112.41419,-7.23745,0.0],[112.4191,-7.23179,0.0],[112.43478,-7.22849,0.0],[112.4371,-7.22105,0.0],[112.44627,-7.21354,0.0],[112.45524,-7.2114,0.0],[112.45566,-7.2072,0.0],[112.46398,-7.20861,0.0],[112.46736,-7.20165,0.0],[112.4746,-7.20407,0.0],[112.47902,-7.19788,0.0],[112.50164,-7.19162,0.0],[112.50166,-7.18439,0.0],[112.50739,-7.17507,0.0],[112.50371,-7.1722,0.0],[112.5059,-7.16361,0.0],[112.47867,-7.16472,0.0],[112.47,-7.15888,0.0],[112.476,-7.12566,0.0],[112.48426,-7.12838,0.0],[112.48682,-7.12606,0.0],[112.48764,-7.12878,0.0],[112.49436,-7.12295,0.0],[112.49812,-7.12553,0.0],[112.4956,-7.11993,0.0],[112.50133,-7.10681,0.0],[112.51725,-7.10747,0.0],[112.51643,-7.10276,0.0],[112.53562,-7.09614,0.0],[112.53052,-7.08935,0.0],[112.53174,-7.08203,0.0],[112.53529,-7.07908,0.0],[112.53754,-7.08102,0.0],[112.54196,-7.06623,0.0],[112.54644,-7.06654,0.0],[112.5459,-7.05695,0.0],[112.55248,-7.05053,0.0],[112.54534,-7.04749,0.0],[112.54418,-7.05315,0.0],[112.54143,-7.05343,0.0],[112.52358,-7.03897,0.0],[112.52262,-7.04573,0.0],[112.51922,-7.04706,0.0],[112.49851,-7.03082,0.0],[112.4967,-7.0246,0.0],[112.50947,-7.01986,0.0],[112.51127,-7.01253,0.0],[112.50137,-7.01085,0.0],[112.49746,-7.01723,0.0],[112.49837,-7.00979,0.0],[112.4955,-7.0085,0.0],[112.48877,-7.0073,0.0],[112.48036,-7.01066,0.0],[112.48312,-7.00373,0.0],[112.48107,-7.00288,0.0],[112.46073,-7.0084,0.0],[112.45701,-7.01481,0.0],[112.45155,-7.01553,0.0],[112.44862,-7.013,0.0],[112.45219,-7.00112,0.0],[112.42792,-7.00239,0.0],[112.41721,-6.99382,0.0],[112.4048,-6.9909,0.0],[112.39873,-6.99342,0.0],[112.39119,-6.98576,0.0],[112.38229,-6.98864,0.0],[112.37196,-6.9846,0.0],[112.36731,-6.98774,0.0],[112.36855,-6.97109,0.0],[112.37664,-6.95281,0.0],[112.38713,-6.95894,0.0],[112.39434,-6.95511,0.0],[112.40516,-6.96046,0.0],[112.4124,-6.95189,0.0],[112.42534,-6.95153,0.0],[112.42412,-6.94007,0.0],[112.43006,-6.93007,0.0],[112.42138,-6.9245,0.0],[112.42407,-6.91087,0.0],[112.42979,-6.90191,0.0],[112.43699,-6.90175,0.0],[112.44844,-6.88419,0.0],[112.44329,-6.87995,0.0],[112.44063,-6.8826,0.0],[112.43995,-6.87102,0.0],[112.42759,-6.86425,0.0],[112.42498,-6.86674,0.0],[112.42552,-6.86381,0.0],[112.41828,-6.86451,0.0],[112.4183,-6.86168,0.0],[112.41805,-6.86447,0.0],[112.41404,-6.86302,0.0],[112.40665,-6.86541,0.0],[112.41201,-6.86489,0.0],[112.4058,-6.87192,0.0],[112.40347,-6.87205,0.0],[112.40468,-6.86967,0.0],[112.40511,-6.86774,0.0],[112.39999,-6.87374,0.0],[112.39783,-6.87047,0.0],[112.39862,-6.87415,0.0],[112.38805,-6.87609,0.0],[112.3873,-6.8739,0.0],[112.37624,-6.87474,0.0],[112.37726,-6.87185,0.0],[112.37108,-6.8735,0.0],[112.36914,-6.8671,0.0],[112.36628,-6.86839,0.0],[112.3686,-6.86466,0.0],[112.36508,-6.86798,0.0],[112.3604,-6.86348,0.0],[112.35234,-6.86922,0.0],[112.34272,-6.8701,0.0],[112.33337,-6.86422,0.0],[112.33368,-6.86121,0.0]]],[[[112.3293,-7.34596,0.0],[112.33063,-7.35079,0.0],[112.33212,-7.35024,0.0],[112.33258,-7.34812,0.0],[112.3293,-7.34596,0.0]]],[[[112.44695,-6.8744,0.0],[112.44861,-6.87934,0.0],[112.45582,-6.88405,0.0],[112.45499,-6.87853,0.0],[112.44695,-6.8744,0.0]]]]}},{"id":"28","type":"Feature","properties":{"WADMKK":"Lumajang","KDPKAB":"35.08","WADMPR":"Jawa Timur"},"geometry":{"type":"MultiPolygon","coordinates":[[[[113.26795,-7.90308,0.0],[113.26253,-7.89591,0.0],[113.25778,-7.90044,0.0],[113.25677,-7.90681,0.0],[113.24849,-7.90774,0.0],[113.20738,-7.89988,0.0],[113.21168,-7.90992,0.0],[113.21055,-7.91496,0.0],[113.20604,-7.91943,0.0],[113.20619,-7.92561,0.0],[113.19943,-7.92963,0.0],[113.19046,-7.94495,0.0],[113.18,-7.95003,0.0],[113.17154,-7.96153,0.0],[113.15356,-7.97167,0.0],[113.14953,-7.97976,0.0],[113.13598,-7.97646,0.0],[113.12587,-7.9823,0.0],[113.12093,-7.99128,0.0],[113.11263,-7.99525,0.0],[113.10587,-7.98432,0.0],[113.07875,-7.98416,0.0],[113.065,-7.99926,0.0],[113.0624,-8.00988,0.0],[113.05913,-8.01045,0.0],[113.03614,-7.98056,0.0],[113.02265,-7.9695,0.0],[112.99347,-7.95999,0.0],[112.97245,-7.981,0.0],[112.9501,-7.98703,0.0],[112.94073,-7.98194,0.0],[112.94237,-7.98701,0.0],[112.93864,-7.99915,0.0],[112.92513,-8.00055,0.0],[112.93101,-8.00568,0.0],[112.93069,-8.01226,0.0],[112.93375,-8.01384,0.0],[112.92771,-8.01872,0.0],[112.92256,-8.032,0.0],[112.91562,-8.03234,0.0],[112.91055,-8.03863,0.0],[112.90908,-8.05172,0.0],[112.90013,-8.06186,0.0],[112.90539,-8.08089,0.0],[112.91342,-8.08073,0.0],[112.91625,-8.08698,0.0],[112.92034,-8.08786,0.0],[112.92206,-8.10888,0.0],[112.92661,-8.11415,0.0],[112.9204,-8.12173,0.0],[112.92018,-8.13969,0.0],[112.90421,-8.19221,0.0],[112.90605,-8.2001,0.0],[112.91279,-8.20838,0.0],[112.91266,-8.21969,0.0],[112.91671,-8.22215,0.0],[112.91717,-8.23257,0.0],[112.9227,-8.23971,0.0],[112.9174,-8.26017,0.0],[112.91262,-8.26476,0.0],[112.91375,-8.28158,0.0],[112.92204,-8.29222,0.0],[112.92637,-8.30409,0.0],[112.94096,-8.31516,0.0],[112.93635,-8.32331,0.0],[112.93751,-8.33491,0.0],[112.94735,-8.34304,0.0],[112.94586,-8.3512,0.0],[112.94911,-8.35605,0.0],[112.95756,-8.35102,0.0],[112.96543,-8.33661,0.0],[112.98364,-8.32088,0.0],[113.04141,-8.29995,0.0],[113.0658,-8.29694,0.0],[113.07059,-8.29082,0.0],[113.07994,-8.28707,0.0],[113.12468,-8.29119,0.0],[113.16553,-8.28295,0.0],[113.21735,-8.28309,0.0],[113.26321,-8.29051,0.0],[113.30354,-8.30721,0.0],[113.30791,-8.30172,0.0],[113.32005,-8.26278,0.0],[113.31539,-8.24868,0.0],[113.31558,-8.23822,0.0],[113.31173,-8.23372,0.0],[113.31306,-8.22883,0.0],[113.32684,-8.22126,0.0],[113.33337,-8.20827,0.0],[113.34814,-8.20734,0.0],[113.35326,-8.2036,0.0],[113.36072,-8.18934,0.0],[113.36799,-8.18514,0.0],[113.36592,-8.16856,0.0],[113.37758,-8.16179,0.0],[113.37948,-8.15013,0.0],[113.37236,-8.14637,0.0],[113.3759,-8.13083,0.0],[113.37015,-8.12775,0.0],[113.36749,-8.12011,0.0],[113.36234,-8.11815,0.0],[113.36837,-8.11087,0.0],[113.36193,-8.10072,0.0],[113.36416,-8.10078,0.0],[113.36298,-8.09148,0.0],[113.36674,-8.0859,0.0],[113.35736,-8.07872,0.0],[113.35734,-8.07256,0.0],[113.35,-8.0632,0.0],[113.34869,-8.05473,0.0],[113.35468,-8.04297,0.0],[113.35502,-8.03529,0.0],[113.36145,-8.02782,0.0],[113.35805,-8.0162,0.0],[113.35875,-7.99971,0.0],[113.34817,-7.9844,0.0],[113.34167,-7.943,0.0],[113.33474,-7.93996,0.0],[113.33059,-7.94263,0.0],[113.32766,-7.93967,0.0],[113.32873,-7.93559,0.0],[113.30374,-7.92491,0.0],[113.29443,-7.92411,0.0],[113.29498,-7.92801,0.0],[113.27472,-7.92531,0.0],[113.27402,-7.91867,0.0],[113.26799,-7.91774,0.0],[113.26795,-7.90308,0.0]]],[[[112.94893,-8.35747,0.0],[112.94918,-8.35679,0.0],[112.94905,-8.35678,0.0],[112.94893,-8.35747,0.0]]]]}},{"id":"29","type":"Feature","properties":{"WADMKK":"Madiun","KDPKAB":"35.19","WADMPR":"Jawa Timur"},"geometry":{"type":"Polygon","coordinates":[[[111.80521,-7.46007,0.0],[111.77373,-7.46933,0.0],[111.76731,-7.46876,0.0],[111.74586,-7.45477,0.0],[111.71619,-7.44289,0.0],[111.67361,-7.41066,0.0],[111.66846,-7.42316,0.0],[111.65966,-7.42722,0.0],[111.65522,-7.43851,0.0],[111.65061,-7.43867,0.0],[111.65168,-7.45101,0.0],[111.64178,-7.45098,0.0],[111.63714,-7.46278,0.0],[111.62905,-7.46334,0.0],[111.62274,-7.46881,0.0],[111.61644,-7.46477,0.0],[111.61265,-7.46661,0.0],[111.61481,-7.468,0.0],[111.61048,-7.47607,0.0],[111.60745,-7.47881,0.0],[111.60671,-7.47557,0.0],[111.60492,-7.47677,0.0],[111.60376,-7.48374,0.0],[111.60028,-7.48269,0.0],[111.60291,-7.48491,0.0],[111.5967,-7.49083,0.0],[111.59776,-7.49552,0.0],[111.59167,-7.50244,0.0],[111.58999,-7.5011,0.0],[111.59078,-7.50695,0.0],[111.58872,-7.50546,0.0],[111.58812,-7.5087,0.0],[111.58039,-7.51248,0.0],[111.57978,-7.51522,0.0],[111.58658,-7.51777,0.0],[111.58715,-7.52128,0.0],[111.564,-7.5232,0.0],[111.55391,-7.53062,0.0],[111.55041,-7.52701,0.0],[111.55315,-7.53391,0.0],[111.54855,-7.53205,0.0],[111.54751,-7.53763,0.0],[111.55984,-7.53643,0.0],[111.55952,-7.54102,0.0],[111.56329,-7.5412,0.0],[111.5615,-7.54676,0.0],[111.55,-7.54503,0.0],[111.54821,-7.53892,0.0],[111.54109,-7.53585,0.0],[111.53605,-7.53819,0.0],[111.53548,-7.54537,0.0],[111.5321,-7.5469,0.0],[111.52473,-7.54444,0.0],[111.52274,-7.53836,0.0],[111.51143,-7.53833,0.0],[111.50789,-7.5474,0.0],[111.51414,-7.55019,0.0],[111.51345,-7.55359,0.0],[111.50378,-7.55289,0.0],[111.50045,-7.56746,0.0],[111.48644,-7.56589,0.0],[111.48474,-7.57435,0.0],[111.47923,-7.57533,0.0],[111.4753,-7.58647,0.0],[111.47453,-7.60864,0.0],[111.47061,-7.609,0.0],[111.46884,-7.61475,0.0],[111.45166,-7.62023,0.0],[111.45072,-7.62792,0.0],[111.45305,-7.62855,0.0],[111.45415,-7.62479,0.0],[111.46007,-7.6263,0.0],[111.46612,-7.63539,0.0],[111.46309,-7.63899,0.0],[111.46957,-7.64151,0.0],[111.48027,-7.64,0.0],[111.47938,-7.63343,0.0],[111.48694,-7.63235,0.0],[111.48136,-7.64099,0.0],[111.48694,-7.64147,0.0],[111.48702,-7.64422,0.0],[111.48188,-7.66061,0.0],[111.48413,-7.66277,0.0],[111.49062,-7.65775,0.0],[111.50121,-7.65889,0.0],[111.50384,-7.64997,0.0],[111.49947,-7.6462,0.0],[111.51092,-7.64917,0.0],[111.51237,-7.64392,0.0],[111.51061,-7.63411,0.0],[111.50761,-7.64103,0.0],[111.49917,-7.64073,0.0],[111.49686,-7.6451,0.0],[111.49835,-7.63913,0.0],[111.49569,-7.63771,0.0],[111.50043,-7.62636,0.0],[111.49568,-7.6247,0.0],[111.50229,-7.6204,0.0],[111.50017,-7.60838,0.0],[111.50376,-7.60628,0.0],[111.51198,-7.60821,0.0],[111.5204,-7.59715,0.0],[111.53405,-7.59953,0.0],[111.53316,-7.60267,0.0],[111.55112,-7.59484,0.0],[111.55803,-7.59632,0.0],[111.55901,-7.60507,0.0],[111.54863,-7.62597,0.0],[111.55245,-7.62628,0.0],[111.55353,-7.63431,0.0],[111.55063,-7.63519,0.0],[111.5498,-7.64507,0.0],[111.54612,-7.64783,0.0],[111.53949,-7.64687,0.0],[111.54424,-7.65907,0.0],[111.53346,-7.6603,0.0],[111.53307,-7.66343,0.0],[111.52908,-7.66427,0.0],[111.51069,-7.65925,0.0],[111.49865,-7.67407,0.0],[111.50121,-7.6912,0.0],[111.49733,-7.69452,0.0],[111.49816,-7.69871,0.0],[111.48878,-7.69905,0.0],[111.48513,-7.70292,0.0],[111.48099,-7.70044,0.0],[111.48083,-7.7044,0.0],[111.47068,-7.71264,0.0],[111.47069,-7.71859,0.0],[111.4641,-7.71929,0.0],[111.45872,-7.72498,0.0],[111.46037,-7.72851,0.0],[111.45481,-7.74194,0.0],[111.45787,-7.7453,0.0],[111.45242,-7.75257,0.0],[111.45552,-7.75583,0.0],[111.45171,-7.76388,0.0],[111.45316,-7.76864,0.0],[111.45023,-7.76996,0.0],[111.45075,-7.7814,0.0],[111.45545,-7.78399,0.0],[111.45793,-7.77789,0.0],[111.46898,-7.77709,0.0],[111.47596,-7.78332,0.0],[111.49466,-7.78928,0.0],[111.49689,-7.79401,0.0],[111.50868,-7.79945,0.0],[111.54979,-7.80441,0.0],[111.55421,-7.79919,0.0],[111.56469,-7.8025,0.0],[111.58501,-7.79718,0.0],[111.59595,-7.78942,0.0],[111.59886,-7.777,0.0],[111.60337,-7.78095,0.0],[111.61164,-7.7819,0.0],[111.64036,-7.77156,0.0],[111.65127,-7.7724,0.0],[111.66028,-7.76659,0.0],[111.66761,-7.76755,0.0],[111.67773,-7.77408,0.0],[111.67597,-7.78373,0.0],[111.68307,-7.78751,0.0],[111.68839,-7.78569,0.0],[111.69528,-7.80038,0.0],[111.6938,-7.80533,0.0],[111.71941,-7.81115,0.0],[111.73248,-7.80111,0.0],[111.75054,-7.7991,0.0],[111.72535,-7.77661,0.0],[111.73091,-7.73204,0.0],[111.7418,-7.71446,0.0],[111.75415,-7.70281,0.0],[111.75751,-7.69336,0.0],[111.75701,-7.68159,0.0],[111.76215,-7.67812,0.0],[111.76893,-7.66454,0.0],[111.77159,-7.66537,0.0],[111.77041,-7.66171,0.0],[111.78294,-7.65044,0.0],[111.78123,-7.64819,0.0],[111.78373,-7.64743,0.0],[111.78625,-7.63556,0.0],[111.78434,-7.62695,0.0],[111.79,-7.61421,0.0],[111.78571,-7.60306,0.0],[111.79458,-7.58993,0.0],[111.79434,-7.57408,0.0],[111.80418,-7.55487,0.0],[111.80212,-7.5488,0.0],[111.80654,-7.54365,0.0],[111.81437,-7.54193,0.0],[111.81763,-7.54843,0.0],[111.82559,-7.54456,0.0],[111.8331,-7.54881,0.0],[111.83878,-7.54037,0.0],[111.84038,-7.51924,0.0],[111.84958,-7.50914,0.0],[111.84622,-7.50332,0.0],[111.84058,-7.50309,0.0],[111.8386,-7.49803,0.0],[111.82508,-7.49466,0.0],[111.81863,-7.48305,0.0],[111.82149,-7.47257,0.0],[111.81531,-7.4651,0.0],[111.80521,-7.46007,0.0]],[[111.50874,-7.68051,0.0],[111.50393,-7.67292,0.0],[111.51179,-7.66157,0.0],[111.5155,-7.66382,0.0],[111.51538,-7.67128,0.0],[111.51365,-7.67592,0.0],[111.50789,-7.67518,0.0],[111.50874,-7.68051,0.0]]]}},{"id":"30","type":"Feature","properties":{"WADMKK":"Magetan","KDPKAB":"35.20","WADMPR":"Jawa Timur"},"geometry":{"type":"Polygon","coordinates":[[[111.51143,-7.53833,0.0],[111.508,-7.53633,0.0],[111.51181,-7.52361,0.0],[111.50203,-7.51864,0.0],[111.50203,-7.51517,0.0],[111.49729,-7.51329,0.0],[111.49408,-7.51719,0.0],[111.48839,-7.51379,0.0],[111.47922,-7.51711,0.0],[111.47506,-7.513,0.0],[111.46177,-7.50926,0.0],[111.46021,-7.51762,0.0],[111.45227,-7.51518,0.0],[111.43918,-7.51737,0.0],[111.43276,-7.52978,0.0],[111.4258,-7.53054,0.0],[111.42038,-7.53651,0.0],[111.4159,-7.53319,0.0],[111.41437,-7.53731,0.0],[111.39733,-7.54121,0.0],[111.38356,-7.53713,0.0],[111.36801,-7.55514,0.0],[111.37425,-7.56072,0.0],[111.36951,-7.57385,0.0],[111.36572,-7.57307,0.0],[111.366,-7.57025,0.0],[111.35439,-7.57041,0.0],[111.31599,-7.58905,0.0],[111.31495,-7.58296,0.0],[111.30151,-7.58682,0.0],[111.29111,-7.60369,0.0],[111.27502,-7.60343,0.0],[111.27392,-7.60049,0.0],[111.25917,-7.59837,0.0],[111.25294,-7.6032,0.0],[111.24685,-7.60109,0.0],[111.23187,-7.60996,0.0],[111.19402,-7.61836,0.0],[111.19289,-7.62549,0.0],[111.18914,-7.62652,0.0],[111.18583,-7.65771,0.0],[111.1876,-7.66775,0.0],[111.19557,-7.67319,0.0],[111.18987,-7.67496,0.0],[111.18734,-7.68569,0.0],[111.18251,-7.68934,0.0],[111.18613,-7.69543,0.0],[111.18141,-7.71063,0.0],[111.19076,-7.71149,0.0],[111.19944,-7.7201,0.0],[111.212,-7.7222,0.0],[111.21344,-7.72954,0.0],[111.22314,-7.73765,0.0],[111.22529,-7.74419,0.0],[111.23649,-7.75032,0.0],[111.24381,-7.74049,0.0],[111.24958,-7.74525,0.0],[111.25652,-7.74606,0.0],[111.25746,-7.74295,0.0],[111.26395,-7.74288,0.0],[111.27194,-7.73748,0.0],[111.28892,-7.74153,0.0],[111.28314,-7.75419,0.0],[111.28889,-7.7543,0.0],[111.29026,-7.75808,0.0],[111.28256,-7.76644,0.0],[111.28191,-7.78458,0.0],[111.29021,-7.79413,0.0],[111.30012,-7.79331,0.0],[111.3016,-7.79668,0.0],[111.30768,-7.79771,0.0],[111.31472,-7.79217,0.0],[111.32763,-7.80041,0.0],[111.33074,-7.7955,0.0],[111.33701,-7.79475,0.0],[111.34366,-7.78332,0.0],[111.38445,-7.78319,0.0],[111.39838,-7.78121,0.0],[111.401,-7.77806,0.0],[111.4093,-7.77958,0.0],[111.41322,-7.77585,0.0],[111.44636,-7.78079,0.0],[111.45316,-7.76864,0.0],[111.45171,-7.76388,0.0],[111.45552,-7.75583,0.0],[111.45242,-7.75257,0.0],[111.45787,-7.7453,0.0],[111.45481,-7.74194,0.0],[111.46037,-7.72851,0.0],[111.45872,-7.72498,0.0],[111.4641,-7.71929,0.0],[111.47069,-7.71859,0.0],[111.47068,-7.71264,0.0],[111.48083,-7.7044,0.0],[111.48099,-7.70044,0.0],[111.48513,-7.70292,0.0],[111.48878,-7.69905,0.0],[111.49816,-7.69871,0.0],[111.49733,-7.69452,0.0],[111.50121,-7.6912,0.0],[111.49865,-7.67407,0.0],[111.51093,-7.66121,0.0],[111.50955,-7.65542,0.0],[111.51247,-7.65212,0.0],[111.51167,-7.64886,0.0],[111.50458,-7.64928,0.0],[111.50121,-7.65889,0.0],[111.49062,-7.65775,0.0],[111.48413,-7.66277,0.0],[111.48181,-7.65994,0.0],[111.48694,-7.64147,0.0],[111.48136,-7.64099,0.0],[111.48694,-7.63235,0.0],[111.47938,-7.63343,0.0],[111.48027,-7.64,0.0],[111.46924,-7.64143,0.0],[111.46309,-7.63899,0.0],[111.46612,-7.63539,0.0],[111.46007,-7.6263,0.0],[111.45415,-7.62479,0.0],[111.45305,-7.62855,0.0],[111.45072,-7.62792,0.0],[111.45163,-7.62034,0.0],[111.46884,-7.61475,0.0],[111.47061,-7.609,0.0],[111.47453,-7.60864,0.0],[111.47278,-7.6033,0.0],[111.47917,-7.57541,0.0],[111.4847,-7.57441,0.0],[111.48794,-7.56525,0.0],[111.50052,-7.56741,0.0],[111.50378,-7.55289,0.0],[111.51345,-7.55359,0.0],[111.51414,-7.55019,0.0],[111.50789,-7.5474,0.0],[111.51143,-7.53833,0.0]],[[111.41357,-7.54121,0.0],[111.41789,-7.54316,0.0],[111.41404,-7.54641,0.0],[111.41357,-7.54121,0.0]]]}},{"id":"31","type":"Feature","properties":{"WADMKK":"Malang","KDPKAB":"35.07","WADMPR":"Jawa Timur"},"geometry":{"type":"MultiPolygon","coordinates":[[[[112.70557,-8.46365,0.0],[112.70616,-8.46372,0.0],[112.70613,-8.46365,0.0],[112.70557,-8.46365,0.0]]],[[[112.70452,-8.46343,0.0],[112.70483,-8.46345,0.0],[112.70474,-8.46327,0.0],[112.70452,-8.46343,0.0]]],[[[112.70117,-8.46318,0.0],[112.70075,-8.46206,0.0],[112.70032,-8.46259,0.0],[112.70117,-8.46318,0.0]]],[[[112.69935,-8.46141,0.0],[112.69789,-8.46254,0.0],[112.69841,-8.46304,0.0],[112.69935,-8.46141,0.0]]],[[[112.69157,-8.46097,0.0],[112.69189,-8.46075,0.0],[112.69173,-8.46058,0.0],[112.69157,-8.46097,0.0]]],[[[112.69153,-8.46044,0.0],[112.69174,-8.46008,0.0],[112.69152,-8.46007,0.0],[112.69153,-8.46044,0.0]]],[[[112.69616,-8.46108,0.0],[112.69672,-8.46052,0.0],[112.69593,-8.45996,0.0],[112.69616,-8.46108,0.0]]],[[[112.67264,-8.4595,0.0],[112.67281,-8.45954,0.0],[112.67272,-8.45939,0.0],[112.67264,-8.4595,0.0]]],[[[112.69467,-8.45915,0.0],[112.69527,-8.45891,0.0],[112.69467,-8.45882,0.0],[112.69467,-8.45915,0.0]]],[[[112.69254,-8.45923,0.0],[112.69286,-8.45867,0.0],[112.69263,-8.4583,0.0],[112.69254,-8.45923,0.0]]],[[[112.67686,-8.45846,0.0],[112.67726,-8.4586,0.0],[112.67728,-8.4583,0.0],[112.67686,-8.45846,0.0]]],[[[112.67735,-8.458,0.0],[112.67789,-8.45801,0.0],[112.67792,-8.45746,0.0],[112.67735,-8.458,0.0]]],[[[112.6807,-8.45745,0.0],[112.68126,-8.45717,0.0],[112.68123,-8.45666,0.0],[112.6807,-8.45745,0.0]]],[[[112.67942,-8.45666,0.0],[112.67991,-8.45636,0.0],[112.67964,-8.45615,0.0],[112.67942,-8.45666,0.0]]],[[[112.67891,-8.45553,0.0],[112.67935,-8.45545,0.0],[112.6791,-8.45527,0.0],[112.67891,-8.45553,0.0]]],[[[112.68157,-8.45577,0.0],[112.68195,-8.45522,0.0],[112.68151,-8.45563,0.0],[112.68157,-8.45577,0.0]]],[[[112.67617,-8.45503,0.0],[112.67652,-8.45485,0.0],[112.67644,-8.45478,0.0],[112.67617,-8.45503,0.0]]],[[[112.67837,-8.45491,0.0],[112.67866,-8.45484,0.0],[112.67846,-8.45468,0.0],[112.67837,-8.45491,0.0]]],[[[112.6785,-8.4538,0.0],[112.67862,-8.45357,0.0],[112.67851,-8.4536,0.0],[112.6785,-8.4538,0.0]]],[[[112.67712,-8.45338,0.0],[112.67736,-8.45454,0.0],[112.67779,-8.45283,0.0],[112.67712,-8.45338,0.0]]],[[[112.65511,-8.45209,0.0],[112.65545,-8.4522,0.0],[112.65552,-8.45176,0.0],[112.65511,-8.45209,0.0]]],[[[112.64946,-8.45164,0.0],[112.64958,-8.45157,0.0],[112.64955,-8.45153,0.0],[112.64946,-8.45164,0.0]]],[[[112.67678,-8.45225,0.0],[112.67797,-8.4515,0.0],[112.67792,-8.45129,0.0],[112.67678,-8.45225,0.0]]],[[[112.67869,-8.45172,0.0],[112.67913,-8.45131,0.0],[112.67859,-8.4513,0.0],[112.67869,-8.45172,0.0]]],[[[112.64166,-8.45117,0.0],[112.64191,-8.45095,0.0],[112.64169,-8.45092,0.0],[112.64166,-8.45117,0.0]]],[[[112.65211,-8.45117,0.0],[112.65291,-8.45022,0.0],[112.65254,-8.44985,0.0],[112.65211,-8.45117,0.0]]],[[[112.6724,-8.44962,0.0],[112.67262,-8.44938,0.0],[112.67237,-8.44943,0.0],[112.6724,-8.44962,0.0]]],[[[112.64928,-8.44957,0.0],[112.64985,-8.44935,0.0],[112.64955,-8.44906,0.0],[112.64928,-8.44957,0.0]]],[[[112.63701,-8.44852,0.0],[112.6373,-8.44826,0.0],[112.63709,-8.44818,0.0],[112.63701,-8.44852,0.0]]],[[[112.65459,-8.44895,0.0],[112.65426,-8.44802,0.0],[112.65375,-8.44895,0.0],[112.65459,-8.44895,0.0]]],[[[112.63718,-8.44764,0.0],[112.63731,-8.44775,0.0],[112.63728,-8.44748,0.0],[112.63718,-8.44764,0.0]]],[[[112.65606,-8.44701,0.0],[112.65609,-8.44689,0.0],[112.65599,-8.44696,0.0],[112.65606,-8.44701,0.0]]],[[[112.67759,-8.44708,0.0],[112.67777,-8.44669,0.0],[112.67733,-8.44693,0.0],[112.67759,-8.44708,0.0]]],[[[112.65919,-8.44695,0.0],[112.65967,-8.44675,0.0],[112.65962,-8.44655,0.0],[112.65919,-8.44695,0.0]]],[[[112.64652,-8.4462,0.0],[112.64686,-8.44606,0.0],[112.64667,-8.44595,0.0],[112.64652,-8.4462,0.0]]],[[[112.6703,-8.44605,0.0],[112.67088,-8.44577,0.0],[112.67059,-8.44539,0.0],[112.6703,-8.44605,0.0]]],[[[112.64752,-8.44558,0.0],[112.6477,-8.44538,0.0],[112.64747,-8.44543,0.0],[112.64752,-8.44558,0.0]]],[[[112.66867,-8.44556,0.0],[112.66868,-8.44471,0.0],[112.66812,-8.44595,0.0],[112.66867,-8.44556,0.0]]],[[[112.66411,-8.44472,0.0],[112.66477,-8.44516,0.0],[112.6643,-8.4443,0.0],[112.66411,-8.44472,0.0]]],[[[112.6448,-8.44445,0.0],[112.645,-8.44426,0.0],[112.64496,-8.44421,0.0],[112.6448,-8.44445,0.0]]],[[[112.66716,-8.4428,0.0],[112.66712,-8.4426,0.0],[112.66701,-8.4427,0.0],[112.66716,-8.4428,0.0]]],[[[112.6681,-8.44263,0.0],[112.66842,-8.44245,0.0],[112.66817,-8.44234,0.0],[112.6681,-8.44263,0.0]]],[[[112.64133,-8.44289,0.0],[112.64226,-8.44289,0.0],[112.64219,-8.4423,0.0],[112.64133,-8.44289,0.0]]],[[[112.62264,-8.44188,0.0],[112.62288,-8.44167,0.0],[112.62261,-8.44157,0.0],[112.62264,-8.44188,0.0]]],[[[112.64063,-8.44085,0.0],[112.64097,-8.44022,0.0],[112.64055,-8.44028,0.0],[112.64063,-8.44085,0.0]]],[[[112.62072,-8.44074,0.0],[112.62128,-8.44028,0.0],[112.62116,-8.44009,0.0],[112.62072,-8.44074,0.0]]],[[[112.7352,-8.43448,0.0],[112.73533,-8.43259,0.0],[112.73412,-8.43526,0.0],[112.7352,-8.43448,0.0]]],[[[112.61563,-8.43263,0.0],[112.61575,-8.43249,0.0],[112.61569,-8.43246,0.0],[112.61563,-8.43263,0.0]]],[[[112.6988,-8.4299,0.0],[112.69184,-8.43105,0.0],[112.69143,-8.43501,0.0],[112.68146,-8.43984,0.0],[112.67838,-8.4486,0.0],[112.68014,-8.45159,0.0],[112.67967,-8.45278,0.0],[112.6802,-8.45598,0.0],[112.68046,-8.4521,0.0],[112.68223,-8.45455,0.0],[112.68877,-8.451,0.0],[112.68845,-8.45802,0.0],[112.69204,-8.4562,0.0],[112.7065,-8.46378,0.0],[112.70915,-8.45861,0.0],[112.7124,-8.45837,0.0],[112.71243,-8.43425,0.0],[112.6988,-8.4299,0.0]]],[[[112.73378,-8.42704,0.0],[112.73413,-8.42677,0.0],[112.73378,-8.42672,0.0],[112.73378,-8.42704,0.0]]],[[[112.75425,-8.42465,0.0],[112.7548,-8.42232,0.0],[112.75385,-8.42344,0.0],[112.75425,-8.42465,0.0]]],[[[112.59295,-8.41858,0.0],[112.59317,-8.41833,0.0],[112.59298,-8.41835,0.0],[112.59295,-8.41858,0.0]]],[[[112.59478,-8.41846,0.0],[112.59498,-8.41816,0.0],[112.59469,-8.4184,0.0],[112.59478,-8.41846,0.0]]],[[[112.739,-8.41827,0.0],[112.7392,-8.41779,0.0],[112.73872,-8.41793,0.0],[112.739,-8.41827,0.0]]],[[[112.58461,-8.41794,0.0],[112.58499,-8.41775,0.0],[112.58487,-8.41751,0.0],[112.58461,-8.41794,0.0]]],[[[112.74596,-8.41784,0.0],[112.74628,-8.41746,0.0],[112.74613,-8.4174,0.0],[112.74596,-8.41784,0.0]]],[[[112.75073,-8.4174,0.0],[112.75092,-8.4172,0.0],[112.75057,-8.41715,0.0],[112.75073,-8.4174,0.0]]],[[[112.74862,-8.4159,0.0],[112.74898,-8.41593,0.0],[112.74884,-8.41581,0.0],[112.74862,-8.4159,0.0]]],[[[112.79862,-8.41383,0.0],[112.79814,-8.41245,0.0],[112.79617,-8.4134,0.0],[112.79862,-8.41383,0.0]]],[[[112.79854,-8.40851,0.0],[112.79892,-8.40818,0.0],[112.7985,-8.40821,0.0],[112.79854,-8.40851,0.0]]],[[[112.79929,-8.41098,0.0],[112.79684,-8.40783,0.0],[112.79525,-8.40754,0.0],[112.79929,-8.41098,0.0]]],[[[112.84849,-8.40717,0.0],[112.84768,-8.40687,0.0],[112.84836,-8.40766,0.0],[112.84849,-8.40717,0.0]]],[[[112.52166,-8.40536,0.0],[112.52104,-8.40559,0.0],[112.5216,-8.40583,0.0],[112.52166,-8.40536,0.0]]],[[[112.52958,-8.40513,0.0],[112.52985,-8.40489,0.0],[112.52978,-8.40486,0.0],[112.52958,-8.40513,0.0]]],[[[112.52111,-8.40395,0.0],[112.52095,-8.40363,0.0],[112.52084,-8.40384,0.0],[112.52111,-8.40395,0.0]]],[[[112.53338,-8.40371,0.0],[112.53367,-8.4035,0.0],[112.53346,-8.40341,0.0],[112.53338,-8.40371,0.0]]],[[[112.52961,-8.4039,0.0],[112.53035,-8.40372,0.0],[112.53014,-8.40326,0.0],[112.52961,-8.4039,0.0]]],[[[112.79346,-8.40461,0.0],[112.79402,-8.40335,0.0],[112.79335,-8.40322,0.0],[112.79346,-8.40461,0.0]]],[[[112.49722,-8.40322,0.0],[112.49775,-8.40312,0.0],[112.49758,-8.40291,0.0],[112.49722,-8.40322,0.0]]],[[[112.49363,-8.4026,0.0],[112.49441,-8.4023,0.0],[112.49379,-8.4021,0.0],[112.49363,-8.4026,0.0]]],[[[112.81007,-8.40261,0.0],[112.81064,-8.40226,0.0],[112.81019,-8.40187,0.0],[112.81007,-8.40261,0.0]]],[[[112.81253,-8.4018,0.0],[112.81258,-8.40166,0.0],[112.81249,-8.40164,0.0],[112.81253,-8.4018,0.0]]],[[[112.52091,-8.40149,0.0],[112.5211,-8.40132,0.0],[112.52089,-8.40132,0.0],[112.52091,-8.40149,0.0]]],[[[112.4448,-8.40039,0.0],[112.44526,-8.40033,0.0],[112.44499,-8.40016,0.0],[112.4448,-8.40039,0.0]]],[[[112.8159,-8.40046,0.0],[112.81609,-8.40011,0.0],[112.81597,-8.40005,0.0],[112.8159,-8.40046,0.0]]],[[[112.8093,-8.40038,0.0],[112.80967,-8.40011,0.0],[112.80964,-8.39986,0.0],[112.8093,-8.40038,0.0]]],[[[112.52083,-8.39962,0.0],[112.5214,-8.39948,0.0],[112.52101,-8.39923,0.0],[112.52083,-8.39962,0.0]]],[[[112.48469,-8.40018,0.0],[112.48526,-8.39949,0.0],[112.48454,-8.39929,0.0],[112.48469,-8.40018,0.0]]],[[[112.51893,-8.39897,0.0],[112.5192,-8.39896,0.0],[112.51916,-8.39892,0.0],[112.51893,-8.39897,0.0]]],[[[112.45589,-8.39852,0.0],[112.4554,-8.39897,0.0],[112.45563,-8.39907,0.0],[112.45589,-8.39852,0.0]]],[[[112.5129,-8.39766,0.0],[112.51313,-8.39772,0.0],[112.51319,-8.39743,0.0],[112.5129,-8.39766,0.0]]],[[[112.44581,-8.39813,0.0],[112.44677,-8.39784,0.0],[112.44628,-8.39735,0.0],[112.44581,-8.39813,0.0]]],[[[112.51849,-8.39744,0.0],[112.5187,-8.39721,0.0],[112.51846,-8.39726,0.0],[112.51849,-8.39744,0.0]]],[[[112.51688,-8.39726,0.0],[112.51737,-8.39723,0.0],[112.5174,-8.39701,0.0],[112.51688,-8.39726,0.0]]],[[[112.48147,-8.39668,0.0],[112.48205,-8.39643,0.0],[112.48202,-8.39621,0.0],[112.48147,-8.39668,0.0]]],[[[112.44906,-8.39646,0.0],[112.4495,-8.3961,0.0],[112.44909,-8.39601,0.0],[112.44906,-8.39646,0.0]]],[[[112.46289,-8.39578,0.0],[112.46301,-8.39572,0.0],[112.46291,-8.39574,0.0],[112.46289,-8.39578,0.0]]],[[[112.47694,-8.39606,0.0],[112.4771,-8.39581,0.0],[112.47693,-8.39562,0.0],[112.47694,-8.39606,0.0]]],[[[112.81809,-8.39598,0.0],[112.81812,-8.3955,0.0],[112.81775,-8.3952,0.0],[112.81809,-8.39598,0.0]]],[[[112.42452,-8.38972,0.0],[112.42483,-8.38989,0.0],[112.42484,-8.3896,0.0],[112.42452,-8.38972,0.0]]],[[[112.92621,-8.39047,0.0],[112.92692,-8.38987,0.0],[112.92613,-8.38911,0.0],[112.92621,-8.39047,0.0]]],[[[112.42586,-8.38771,0.0],[112.42462,-8.38818,0.0],[112.42501,-8.38859,0.0],[112.42586,-8.38771,0.0]]],[[[112.42354,-8.38722,0.0],[112.42381,-8.38712,0.0],[112.42345,-8.38717,0.0],[112.42354,-8.38722,0.0]]],[[[112.42404,-8.38703,0.0],[112.42445,-8.38716,0.0],[112.42447,-8.38702,0.0],[112.42404,-8.38703,0.0]]],[[[112.83599,-8.38378,0.0],[112.83624,-8.38335,0.0],[112.83641,-8.38301,0.0],[112.83599,-8.38378,0.0]]],[[[112.83833,-8.38312,0.0],[112.83858,-8.38312,0.0],[112.83849,-8.38291,0.0],[112.83833,-8.38312,0.0]]],[[[112.83653,-8.38285,0.0],[112.83662,-8.38262,0.0],[112.83646,-8.38262,0.0],[112.83653,-8.38285,0.0]]],[[[112.83708,-8.38243,0.0],[112.83738,-8.38235,0.0],[112.83712,-8.38228,0.0],[112.83708,-8.38243,0.0]]],[[[112.93258,-8.38397,0.0],[112.93271,-8.38218,0.0],[112.93177,-8.38263,0.0],[112.93258,-8.38397,0.0]]],[[[112.83773,-8.38219,0.0],[112.8379,-8.38211,0.0],[112.83755,-8.38192,0.0],[112.83773,-8.38219,0.0]]],[[[112.39593,-8.38005,0.0],[112.39626,-8.38014,0.0],[112.39614,-8.3799,0.0],[112.39593,-8.38005,0.0]]],[[[112.37349,-8.37881,0.0],[112.37368,-8.37875,0.0],[112.37358,-8.37868,0.0],[112.37349,-8.37881,0.0]]],[[[112.37448,-8.3774,0.0],[112.37431,-8.37716,0.0],[112.37408,-8.37771,0.0],[112.37448,-8.3774,0.0]]],[[[112.83644,-8.37532,0.0],[112.83714,-8.37481,0.0],[112.83682,-8.3744,0.0],[112.83644,-8.37532,0.0]]],[[[112.82497,-8.37313,0.0],[112.82564,-8.37313,0.0],[112.82566,-8.37292,0.0],[112.82497,-8.37313,0.0]]],[[[112.82642,-8.37292,0.0],[112.82681,-8.37288,0.0],[112.8268,-8.37282,0.0],[112.82642,-8.37292,0.0]]],[[[112.94594,-8.36645,0.0],[112.94691,-8.36644,0.0],[112.9464,-8.36575,0.0],[112.94594,-8.36645,0.0]]],[[[112.9477,-8.36594,0.0],[112.94731,-8.36562,0.0],[112.94755,-8.36594,0.0],[112.9477,-8.36594,0.0]]],[[[112.9478,-8.36282,0.0],[112.94812,-8.36276,0.0],[112.94804,-8.36263,0.0],[112.9478,-8.36282,0.0]]],[[[112.9498,-8.36081,0.0],[112.94995,-8.36076,0.0],[112.94982,-8.36067,0.0],[112.9498,-8.36081,0.0]]],[[[112.36676,-7.76838,0.0],[112.34864,-7.76169,0.0],[112.33965,-7.76805,0.0],[112.33954,-7.7743,0.0],[112.32864,-7.77729,0.0],[112.31046,-7.77675,0.0],[112.29927,-7.76937,0.0],[112.29209,-7.76863,0.0],[112.28741,-7.77167,0.0],[112.28829,-7.77955,0.0],[112.29269,-7.78128,0.0],[112.29607,-7.7889,0.0],[112.30038,-7.78927,0.0],[112.30686,-7.79928,0.0],[112.30763,-7.83892,0.0],[112.31935,-7.83908,0.0],[112.31731,-7.84686,0.0],[112.32125,-7.85545,0.0],[112.3182,-7.86147,0.0],[112.32598,-7.87287,0.0],[112.32326,-7.8922,0.0],[112.31195,-7.90472,0.0],[112.31357,-7.92147,0.0],[112.30658,-7.9293,0.0],[112.31339,-7.92902,0.0],[112.3392,-7.94443,0.0],[112.35558,-7.94541,0.0],[112.36337,-7.95109,0.0],[112.36268,-7.9562,0.0],[112.37051,-7.95722,0.0],[112.40721,-7.95026,0.0],[112.42045,-7.94243,0.0],[112.43225,-7.93033,0.0],[112.44503,-7.93219,0.0],[112.45214,-7.92651,0.0],[112.46789,-7.94708,0.0],[112.46425,-7.95158,0.0],[112.46529,-7.95595,0.0],[112.47095,-7.9575,0.0],[112.47799,-7.96609,0.0],[112.46838,-7.99942,0.0],[112.47297,-8.00293,0.0],[112.4745,-8.0138,0.0],[112.4664,-8.0249,0.0],[112.45343,-8.05695,0.0],[112.45814,-8.07082,0.0],[112.45317,-8.09772,0.0],[112.45916,-8.11494,0.0],[112.45777,-8.12647,0.0],[112.45349,-8.13339,0.0],[112.45353,-8.14411,0.0],[112.44017,-8.14882,0.0],[112.43065,-8.15893,0.0],[112.4177,-8.15975,0.0],[112.41553,-8.16635,0.0],[112.41186,-8.16033,0.0],[112.39583,-8.16482,0.0],[112.39206,-8.16176,0.0],[112.38327,-8.16902,0.0],[112.3728,-8.16998,0.0],[112.36681,-8.17488,0.0],[112.3672,-8.18347,0.0],[112.38271,-8.19125,0.0],[112.38516,-8.20578,0.0],[112.38295,-8.20785,0.0],[112.38924,-8.21524,0.0],[112.38961,-8.22611,0.0],[112.38703,-8.23755,0.0],[112.37886,-8.23752,0.0],[112.37814,-8.24011,0.0],[112.38212,-8.24526,0.0],[112.38324,-8.26646,0.0],[112.38843,-8.28534,0.0],[112.37795,-8.29918,0.0],[112.37636,-8.30872,0.0],[112.37064,-8.31257,0.0],[112.37015,-8.32352,0.0],[112.36424,-8.32839,0.0],[112.36001,-8.3471,0.0],[112.36533,-8.35317,0.0],[112.3737,-8.37289,0.0],[112.37186,-8.37456,0.0],[112.38312,-8.37605,0.0],[112.38808,-8.37204,0.0],[112.39453,-8.37668,0.0],[112.39409,-8.3803,0.0],[112.40313,-8.37841,0.0],[112.42074,-8.3811,0.0],[112.42425,-8.38328,0.0],[112.42224,-8.38556,0.0],[112.42536,-8.38516,0.0],[112.42654,-8.38894,0.0],[112.43485,-8.38864,0.0],[112.44331,-8.39821,0.0],[112.45233,-8.39473,0.0],[112.45293,-8.39739,0.0],[112.45742,-8.3958,0.0],[112.46298,-8.39561,0.0],[112.46448,-8.39641,0.0],[112.47108,-8.39283,0.0],[112.48402,-8.39613,0.0],[112.49079,-8.40159,0.0],[112.50059,-8.40136,0.0],[112.50267,-8.40456,0.0],[112.51034,-8.39539,0.0],[112.51124,-8.39774,0.0],[112.51633,-8.39547,0.0],[112.52222,-8.39807,0.0],[112.52238,-8.4047,0.0],[112.529,-8.40196,0.0],[112.54777,-8.40546,0.0],[112.55287,-8.40174,0.0],[112.55752,-8.40237,0.0],[112.57328,-8.40743,0.0],[112.58631,-8.41816,0.0],[112.59609,-8.41636,0.0],[112.61065,-8.42115,0.0],[112.61504,-8.42645,0.0],[112.61689,-8.43272,0.0],[112.61588,-8.43381,0.0],[112.62425,-8.4284,0.0],[112.63289,-8.4296,0.0],[112.65157,-8.44855,0.0],[112.66304,-8.4432,0.0],[112.66607,-8.44391,0.0],[112.66763,-8.44075,0.0],[112.67158,-8.44511,0.0],[112.6908,-8.42633,0.0],[112.70045,-8.42593,0.0],[112.70881,-8.4175,0.0],[112.71537,-8.41827,0.0],[112.71547,-8.42057,0.0],[112.73943,-8.41582,0.0],[112.7427,-8.4248,0.0],[112.74448,-8.41758,0.0],[112.7502,-8.41455,0.0],[112.75445,-8.42164,0.0],[112.75686,-8.42085,0.0],[112.75374,-8.41245,0.0],[112.76424,-8.40772,0.0],[112.76608,-8.41201,0.0],[112.76634,-8.39232,0.0],[112.77341,-8.38599,0.0],[112.78339,-8.38684,0.0],[112.78539,-8.39134,0.0],[112.78317,-8.39729,0.0],[112.78815,-8.3976,0.0],[112.79247,-8.40315,0.0],[112.793,-8.4024,0.0],[112.79911,-8.4048,0.0],[112.80158,-8.40235,0.0],[112.80016,-8.398,0.0],[112.80348,-8.39928,0.0],[112.80415,-8.39534,0.0],[112.80943,-8.3965,0.0],[112.81262,-8.40138,0.0],[112.81917,-8.39184,0.0],[112.81553,-8.38676,0.0],[112.81703,-8.37964,0.0],[112.82103,-8.37893,0.0],[112.82009,-8.37296,0.0],[112.83111,-8.36886,0.0],[112.83882,-8.3723,0.0],[112.83942,-8.38583,0.0],[112.84463,-8.3764,0.0],[112.8482,-8.37761,0.0],[112.84607,-8.38788,0.0],[112.85099,-8.3882,0.0],[112.85144,-8.39142,0.0],[112.8438,-8.40043,0.0],[112.84745,-8.40544,0.0],[112.85422,-8.39977,0.0],[112.85602,-8.40255,0.0],[112.85907,-8.39931,0.0],[112.85828,-8.40205,0.0],[112.86321,-8.39422,0.0],[112.87174,-8.40845,0.0],[112.87686,-8.40882,0.0],[112.88501,-8.40217,0.0],[112.89827,-8.40207,0.0],[112.89936,-8.39712,0.0],[112.8927,-8.38887,0.0],[112.89813,-8.38083,0.0],[112.90731,-8.38289,0.0],[112.90551,-8.39308,0.0],[112.91137,-8.39264,0.0],[112.91125,-8.39913,0.0],[112.91571,-8.39785,0.0],[112.91481,-8.3938,0.0],[112.92222,-8.39228,0.0],[112.92237,-8.38885,0.0],[112.92623,-8.38825,0.0],[112.92896,-8.39035,0.0],[112.92888,-8.38505,0.0],[112.93135,-8.38854,0.0],[112.93219,-8.38826,0.0],[112.9306,-8.3821,0.0],[112.93777,-8.38165,0.0],[112.93922,-8.37569,0.0],[112.94329,-8.37443,0.0],[112.93966,-8.3722,0.0],[112.94495,-8.37023,0.0],[112.94547,-8.3641,0.0],[112.94626,-8.3635,0.0],[112.9467,-8.36397,0.0],[112.94802,-8.36356,0.0],[112.94663,-8.36019,0.0],[112.9491,-8.35587,0.0],[112.94585,-8.35035,0.0],[112.94799,-8.34504,0.0],[112.93751,-8.33491,0.0],[112.93635,-8.32331,0.0],[112.94096,-8.31516,0.0],[112.92637,-8.30409,0.0],[112.92204,-8.29222,0.0],[112.91375,-8.28158,0.0],[112.91262,-8.26476,0.0],[112.9174,-8.26017,0.0],[112.9227,-8.23971,0.0],[112.91717,-8.23257,0.0],[112.91671,-8.22215,0.0],[112.91266,-8.21969,0.0],[112.91279,-8.20838,0.0],[112.90605,-8.2001,0.0],[112.90421,-8.19221,0.0],[112.92018,-8.13969,0.0],[112.9204,-8.12173,0.0],[112.92661,-8.11415,0.0],[112.92206,-8.10888,0.0],[112.92034,-8.08786,0.0],[112.91625,-8.08698,0.0],[112.91342,-8.08073,0.0],[112.90539,-8.08089,0.0],[112.90013,-8.06186,0.0],[112.90908,-8.05172,0.0],[112.91055,-8.03863,0.0],[112.91562,-8.03234,0.0],[112.92256,-8.032,0.0],[112.92771,-8.01872,0.0],[112.93375,-8.01384,0.0],[112.93069,-8.01226,0.0],[112.93101,-8.00568,0.0],[112.92513,-8.00055,0.0],[112.93864,-7.99915,0.0],[112.94237,-7.98701,0.0],[112.94073,-7.98194,0.0],[112.94566,-7.97974,0.0],[112.94512,-7.97514,0.0],[112.93465,-7.97318,0.0],[112.92614,-7.96648,0.0],[112.92706,-7.9605,0.0],[112.93521,-7.95601,0.0],[112.92058,-7.95471,0.0],[112.91539,-7.95135,0.0],[112.91285,-7.95673,0.0],[112.90392,-7.94698,0.0],[112.88498,-7.95235,0.0],[112.88084,-7.94721,0.0],[112.86957,-7.9468,0.0],[112.85655,-7.93974,0.0],[112.85319,-7.93375,0.0],[112.84053,-7.93868,0.0],[112.82804,-7.93575,0.0],[112.8216,-7.92809,0.0],[112.80551,-7.92549,0.0],[112.78367,-7.90027,0.0],[112.78498,-7.89736,0.0],[112.78005,-7.89155,0.0],[112.77732,-7.87979,0.0],[112.77939,-7.87239,0.0],[112.77488,-7.8702,0.0],[112.76198,-7.8761,0.0],[112.76001,-7.85436,0.0],[112.7497,-7.85094,0.0],[112.73904,-7.8386,0.0],[112.73914,-7.82394,0.0],[112.73308,-7.82258,0.0],[112.73289,-7.81808,0.0],[112.71583,-7.82095,0.0],[112.71144,-7.81899,0.0],[112.71111,-7.82392,0.0],[112.70622,-7.82213,0.0],[112.70742,-7.81825,0.0],[112.70472,-7.81707,0.0],[112.66143,-7.80593,0.0],[112.65367,-7.80062,0.0],[112.6542,-7.79697,0.0],[112.64202,-7.79504,0.0],[112.63245,-7.7976,0.0],[112.62843,-7.79147,0.0],[112.6152,-7.78692,0.0],[112.60431,-7.77107,0.0],[112.59276,-7.76476,0.0],[112.58339,-7.77091,0.0],[112.58471,-7.78055,0.0],[112.58037,-7.78819,0.0],[112.57827,-7.80658,0.0],[112.57167,-7.81714,0.0],[112.57331,-7.82632,0.0],[112.5692,-7.84656,0.0],[112.56477,-7.85288,0.0],[112.56435,-7.87948,0.0],[112.57247,-7.88918,0.0],[112.57569,-7.88671,0.0],[112.58334,-7.88847,0.0],[112.59558,-7.90301,0.0],[112.59501,-7.90601,0.0],[112.58247,-7.90932,0.0],[112.58017,-7.91752,0.0],[112.57503,-7.91805,0.0],[112.57491,-7.91476,0.0],[112.56711,-7.91291,0.0],[112.55723,-7.91903,0.0],[112.5415,-7.923,0.0],[112.54139,-7.92631,0.0],[112.52694,-7.92539,0.0],[112.49895,-7.93198,0.0],[112.48445,-7.93124,0.0],[112.47463,-7.93937,0.0],[112.48405,-7.92418,0.0],[112.48291,-7.90569,0.0],[112.47734,-7.89202,0.0],[112.47892,-7.88624,0.0],[112.48778,-7.87759,0.0],[112.48681,-7.85867,0.0],[112.49462,-7.85399,0.0],[112.49296,-7.84548,0.0],[112.49673,-7.83642,0.0],[112.49365,-7.82753,0.0],[112.49961,-7.81566,0.0],[112.49824,-7.79856,0.0],[112.49138,-7.78574,0.0],[112.48918,-7.76494,0.0],[112.46303,-7.76903,0.0],[112.45562,-7.77922,0.0],[112.44248,-7.77621,0.0],[112.43629,-7.76536,0.0],[112.43021,-7.77079,0.0],[112.41805,-7.76422,0.0],[112.41161,-7.77661,0.0],[112.39622,-7.78539,0.0],[112.38902,-7.78293,0.0],[112.38186,-7.7849,0.0],[112.36676,-7.76838,0.0]],[[112.58195,-7.94524,0.0],[112.56895,-7.93895,0.0],[112.57065,-7.93599,0.0],[112.59897,-7.93638,0.0],[112.59737,-7.93105,0.0],[112.60004,-7.92626,0.0],[112.5934,-7.92333,0.0],[112.5915,-7.91781,0.0],[112.60027,-7.9241,0.0],[112.60147,-7.92114,0.0],[112.6131,-7.92522,0.0],[112.60977,-7.91791,0.0],[112.61736,-7.9193,0.0],[112.62547,-7.91109,0.0],[112.63021,-7.91085,0.0],[112.63998,-7.92157,0.0],[112.64601,-7.91401,0.0],[112.64707,-7.91753,0.0],[112.6502,-7.91699,0.0],[112.64984,-7.91938,0.0],[112.66288,-7.92691,0.0],[112.66481,-7.9409,0.0],[112.66889,-7.94624,0.0],[112.66392,-7.94816,0.0],[112.66362,-7.95883,0.0],[112.65741,-7.96517,0.0],[112.66369,-7.96819,0.0],[112.66319,-7.97101,0.0],[112.66803,-7.96899,0.0],[112.67648,-7.97225,0.0],[112.67877,-7.97659,0.0],[112.69006,-7.97557,0.0],[112.69037,-7.98019,0.0],[112.69377,-7.9817,0.0],[112.68315,-8.00546,0.0],[112.67914,-8.00576,0.0],[112.67879,-8.01038,0.0],[112.67208,-8.009,0.0],[112.67244,-8.02322,0.0],[112.67681,-8.02565,0.0],[112.66522,-8.04075,0.0],[112.66181,-8.03962,0.0],[112.65468,-8.04909,0.0],[112.64766,-8.04842,0.0],[112.64591,-8.05156,0.0],[112.64545,-8.04815,0.0],[112.64227,-8.0498,0.0],[112.63169,-8.04599,0.0],[112.63087,-8.03496,0.0],[112.61768,-8.02681,0.0],[112.61854,-8.02321,0.0],[112.61358,-8.02082,0.0],[112.6181,-8.0165,0.0],[112.61866,-8.01099,0.0],[112.61463,-8.00886,0.0],[112.61215,-8.01346,0.0],[112.60648,-8.01345,0.0],[112.60435,-8.00892,0.0],[112.59736,-8.00597,0.0],[112.6014,-7.99551,0.0],[112.59971,-7.99747,0.0],[112.58924,-7.99234,0.0],[112.5915,-7.98597,0.0],[112.58275,-7.98705,0.0],[112.57647,-7.98375,0.0],[112.57928,-7.97902,0.0],[112.59687,-7.98379,0.0],[112.59749,-7.97909,0.0],[112.59111,-7.97406,0.0],[112.60333,-7.97053,0.0],[112.59805,-7.96318,0.0],[112.59921,-7.95875,0.0],[112.5891,-7.95416,0.0],[112.58852,-7.95046,0.0],[112.58105,-7.94976,0.0],[112.58195,-7.94524,0.0]]]]}},{"id":"32","type":"Feature","properties":{"WADMKK":"Mojokerto","KDPKAB":"35.16","WADMPR":"Jawa Timur"},"geometry":{"type":"Polygon","coordinates":[[[112.49461,-7.40852,0.0],[112.49362,-7.39938,0.0],[112.48522,-7.40385,0.0],[112.48357,-7.39542,0.0],[112.47569,-7.38519,0.0],[112.47793,-7.37938,0.0],[112.4741,-7.37206,0.0],[112.47993,-7.36498,0.0],[112.47803,-7.3577,0.0],[112.47307,-7.35638,0.0],[112.47301,-7.35321,0.0],[112.48081,-7.34915,0.0],[112.48559,-7.33898,0.0],[112.47628,-7.3296,0.0],[112.47977,-7.32838,0.0],[112.48024,-7.30854,0.0],[112.47469,-7.30392,0.0],[112.46931,-7.30395,0.0],[112.46496,-7.31194,0.0],[112.45869,-7.31209,0.0],[112.4554,-7.30841,0.0],[112.45406,-7.3111,0.0],[112.45073,-7.30545,0.0],[112.44756,-7.3065,0.0],[112.44755,-7.30313,0.0],[112.4418,-7.3095,0.0],[112.44447,-7.31167,0.0],[112.44043,-7.31171,0.0],[112.44172,-7.31423,0.0],[112.43794,-7.31172,0.0],[112.43279,-7.31445,0.0],[112.42892,-7.31081,0.0],[112.42133,-7.31718,0.0],[112.42292,-7.31231,0.0],[112.41884,-7.31389,0.0],[112.41498,-7.31071,0.0],[112.41643,-7.31537,0.0],[112.41324,-7.31325,0.0],[112.41075,-7.31657,0.0],[112.41094,-7.3119,0.0],[112.40426,-7.31663,0.0],[112.4078,-7.31772,0.0],[112.402,-7.31931,0.0],[112.40481,-7.32187,0.0],[112.40412,-7.32282,0.0],[112.40108,-7.31908,0.0],[112.39866,-7.32015,0.0],[112.3912,-7.33351,0.0],[112.38854,-7.33096,0.0],[112.38193,-7.33327,0.0],[112.3851,-7.33105,0.0],[112.38365,-7.3286,0.0],[112.37546,-7.32783,0.0],[112.37562,-7.32372,0.0],[112.36271,-7.32846,0.0],[112.35855,-7.32648,0.0],[112.35884,-7.33356,0.0],[112.34894,-7.3374,0.0],[112.33549,-7.36359,0.0],[112.33567,-7.36974,0.0],[112.33219,-7.3708,0.0],[112.33388,-7.38853,0.0],[112.34062,-7.38816,0.0],[112.34395,-7.39194,0.0],[112.34903,-7.40391,0.0],[112.34592,-7.40994,0.0],[112.35297,-7.41291,0.0],[112.34921,-7.41858,0.0],[112.34631,-7.4178,0.0],[112.34129,-7.43225,0.0],[112.34123,-7.43729,0.0],[112.34593,-7.4416,0.0],[112.34059,-7.4407,0.0],[112.33783,-7.44741,0.0],[112.33421,-7.44701,0.0],[112.33267,-7.45443,0.0],[112.34137,-7.45978,0.0],[112.35117,-7.45486,0.0],[112.38125,-7.4589,0.0],[112.39827,-7.4576,0.0],[112.40489,-7.46132,0.0],[112.40326,-7.46699,0.0],[112.39967,-7.46483,0.0],[112.3903,-7.47011,0.0],[112.38892,-7.48097,0.0],[112.38438,-7.47898,0.0],[112.37428,-7.4872,0.0],[112.37675,-7.49725,0.0],[112.37493,-7.50848,0.0],[112.37802,-7.51218,0.0],[112.37523,-7.51186,0.0],[112.37393,-7.52552,0.0],[112.36667,-7.52419,0.0],[112.37046,-7.54026,0.0],[112.36478,-7.54385,0.0],[112.36368,-7.55281,0.0],[112.36848,-7.55615,0.0],[112.36931,-7.56127,0.0],[112.37526,-7.563,0.0],[112.37163,-7.57164,0.0],[112.3766,-7.57735,0.0],[112.37567,-7.5863,0.0],[112.38104,-7.594,0.0],[112.38726,-7.61431,0.0],[112.38705,-7.6216,0.0],[112.37992,-7.63441,0.0],[112.38342,-7.64364,0.0],[112.38796,-7.64444,0.0],[112.38967,-7.65075,0.0],[112.40276,-7.64195,0.0],[112.41,-7.64498,0.0],[112.41168,-7.67354,0.0],[112.4304,-7.70005,0.0],[112.43859,-7.73287,0.0],[112.44812,-7.74302,0.0],[112.44778,-7.76477,0.0],[112.45562,-7.77922,0.0],[112.4616,-7.76971,0.0],[112.47856,-7.7679,0.0],[112.48382,-7.76429,0.0],[112.48946,-7.76554,0.0],[112.49843,-7.75529,0.0],[112.51237,-7.75155,0.0],[112.5144,-7.74171,0.0],[112.52485,-7.73964,0.0],[112.52791,-7.73507,0.0],[112.56223,-7.73783,0.0],[112.57484,-7.73258,0.0],[112.58366,-7.72319,0.0],[112.59819,-7.69438,0.0],[112.61441,-7.68168,0.0],[112.62359,-7.66681,0.0],[112.62217,-7.66137,0.0],[112.62782,-7.65291,0.0],[112.62579,-7.649,0.0],[112.62871,-7.64322,0.0],[112.62258,-7.633,0.0],[112.62077,-7.61522,0.0],[112.6306,-7.61654,0.0],[112.65214,-7.59785,0.0],[112.65687,-7.56895,0.0],[112.66078,-7.56654,0.0],[112.66377,-7.55726,0.0],[112.64974,-7.54473,0.0],[112.64689,-7.53826,0.0],[112.6308,-7.53307,0.0],[112.60241,-7.50075,0.0],[112.58263,-7.49266,0.0],[112.57782,-7.48455,0.0],[112.56888,-7.47872,0.0],[112.48859,-7.45995,0.0],[112.48234,-7.45241,0.0],[112.47954,-7.45343,0.0],[112.46864,-7.44529,0.0],[112.45669,-7.44697,0.0],[112.46221,-7.43214,0.0],[112.47347,-7.42911,0.0],[112.47388,-7.42421,0.0],[112.48354,-7.41704,0.0],[112.48351,-7.41033,0.0],[112.49461,-7.40852,0.0]],[[112.45751,-7.45676,0.0],[112.46711,-7.45324,0.0],[112.46848,-7.4607,0.0],[112.465,-7.46115,0.0],[112.46764,-7.46209,0.0],[112.46683,-7.46712,0.0],[112.46476,-7.46699,0.0],[112.46477,-7.47319,0.0],[112.46139,-7.47315,0.0],[112.46049,-7.48294,0.0],[112.45084,-7.48175,0.0],[112.44978,-7.49344,0.0],[112.44379,-7.49079,0.0],[112.44376,-7.48186,0.0],[112.43654,-7.48172,0.0],[112.43529,-7.48754,0.0],[112.42865,-7.48046,0.0],[112.42211,-7.49405,0.0],[112.40766,-7.49164,0.0],[112.40605,-7.47789,0.0],[112.41442,-7.47317,0.0],[112.41211,-7.46861,0.0],[112.41679,-7.46601,0.0],[112.41581,-7.45728,0.0],[112.43393,-7.45983,0.0],[112.45509,-7.44738,0.0],[112.45751,-7.45676,0.0]]]}},{"id":"33","type":"Feature","properties":{"WADMKK":"Nganjuk","KDPKAB":"35.18","WADMPR":"Jawa Timur"},"geometry":{"type":"Polygon","coordinates":[[[112.07233,-7.39957,0.0],[112.0463,-7.39378,0.0],[112.048,-7.39952,0.0],[112.03518,-7.40184,0.0],[112.02419,-7.39559,0.0],[112.02024,-7.39991,0.0],[112.01965,-7.40983,0.0],[111.99867,-7.40338,0.0],[111.98404,-7.40743,0.0],[111.97126,-7.40498,0.0],[111.95802,-7.41332,0.0],[111.95071,-7.40741,0.0],[111.94366,-7.40612,0.0],[111.94243,-7.41096,0.0],[111.956,-7.41631,0.0],[111.95981,-7.42688,0.0],[111.94036,-7.44012,0.0],[111.90536,-7.43332,0.0],[111.89392,-7.43773,0.0],[111.88238,-7.43736,0.0],[111.87763,-7.44097,0.0],[111.86157,-7.43591,0.0],[111.8446,-7.43983,0.0],[111.821,-7.43955,0.0],[111.81487,-7.45068,0.0],[111.80124,-7.45902,0.0],[111.81338,-7.46324,0.0],[111.82131,-7.47229,0.0],[111.81863,-7.48305,0.0],[111.82563,-7.49526,0.0],[111.8386,-7.49803,0.0],[111.84058,-7.50309,0.0],[111.84578,-7.50303,0.0],[111.8497,-7.50822,0.0],[111.84038,-7.51924,0.0],[111.83878,-7.54037,0.0],[111.8331,-7.54881,0.0],[111.82559,-7.54456,0.0],[111.81763,-7.54843,0.0],[111.81437,-7.54193,0.0],[111.80654,-7.54365,0.0],[111.80212,-7.5488,0.0],[111.80418,-7.55487,0.0],[111.79434,-7.57408,0.0],[111.79458,-7.58993,0.0],[111.78571,-7.60306,0.0],[111.79,-7.61421,0.0],[111.78434,-7.62695,0.0],[111.78625,-7.63556,0.0],[111.78373,-7.64743,0.0],[111.78123,-7.64819,0.0],[111.78294,-7.65044,0.0],[111.77041,-7.66171,0.0],[111.77159,-7.66537,0.0],[111.76893,-7.66454,0.0],[111.76215,-7.67812,0.0],[111.75701,-7.68159,0.0],[111.75751,-7.69336,0.0],[111.75415,-7.70281,0.0],[111.73355,-7.7251,0.0],[111.72952,-7.73728,0.0],[111.73092,-7.74496,0.0],[111.72455,-7.77136,0.0],[111.72595,-7.77799,0.0],[111.75545,-7.80303,0.0],[111.76009,-7.81366,0.0],[111.76542,-7.81547,0.0],[111.7671,-7.82323,0.0],[111.77666,-7.8202,0.0],[111.78581,-7.83347,0.0],[111.80003,-7.83621,0.0],[111.8045,-7.82865,0.0],[111.81329,-7.82266,0.0],[111.81401,-7.81297,0.0],[111.82472,-7.81122,0.0],[111.86278,-7.77603,0.0],[111.88157,-7.7636,0.0],[111.88571,-7.75486,0.0],[111.9003,-7.73973,0.0],[111.92805,-7.72256,0.0],[111.93185,-7.70877,0.0],[111.94231,-7.69405,0.0],[111.94576,-7.69404,0.0],[111.94998,-7.68592,0.0],[111.95245,-7.68648,0.0],[111.95411,-7.67961,0.0],[111.9813,-7.68333,0.0],[111.98506,-7.68636,0.0],[111.98224,-7.71096,0.0],[111.98825,-7.7238,0.0],[111.99756,-7.7293,0.0],[111.99824,-7.74292,0.0],[112.00118,-7.7445,0.0],[112.004,-7.75549,0.0],[112.01793,-7.76219,0.0],[112.02228,-7.76195,0.0],[112.02061,-7.74254,0.0],[112.02722,-7.72569,0.0],[112.04909,-7.72627,0.0],[112.05907,-7.72352,0.0],[112.06578,-7.71166,0.0],[112.07509,-7.7036,0.0],[112.07587,-7.67876,0.0],[112.08278,-7.67291,0.0],[112.08548,-7.65815,0.0],[112.09835,-7.64411,0.0],[112.10309,-7.60947,0.0],[112.10909,-7.6039,0.0],[112.10954,-7.59512,0.0],[112.1134,-7.58936,0.0],[112.11522,-7.57958,0.0],[112.11161,-7.5659,0.0],[112.13414,-7.53534,0.0],[112.14422,-7.53535,0.0],[112.15079,-7.52925,0.0],[112.15209,-7.50611,0.0],[112.16622,-7.49564,0.0],[112.16911,-7.48977,0.0],[112.16427,-7.48981,0.0],[112.1643,-7.47854,0.0],[112.15936,-7.47919,0.0],[112.15713,-7.47192,0.0],[112.15923,-7.47067,0.0],[112.15485,-7.46325,0.0],[112.15224,-7.46602,0.0],[112.15093,-7.46205,0.0],[112.13969,-7.45889,0.0],[112.1344,-7.46082,0.0],[112.12794,-7.45798,0.0],[112.12519,-7.45207,0.0],[112.12357,-7.46243,0.0],[112.11662,-7.45934,0.0],[112.11241,-7.46518,0.0],[112.10448,-7.45983,0.0],[112.10385,-7.46323,0.0],[112.09813,-7.46098,0.0],[112.09828,-7.46401,0.0],[112.093,-7.46507,0.0],[112.09359,-7.46925,0.0],[112.08356,-7.47468,0.0],[112.07948,-7.47359,0.0],[112.07616,-7.46011,0.0],[112.08089,-7.45221,0.0],[112.07741,-7.44356,0.0],[112.07315,-7.44122,0.0],[112.074,-7.43642,0.0],[112.06827,-7.43566,0.0],[112.06921,-7.43099,0.0],[112.06263,-7.41737,0.0],[112.07159,-7.4062,0.0],[112.06874,-7.40322,0.0],[112.07233,-7.39957,0.0]]]}},{"id":"34","type":"Feature","properties":{"WADMKK":"Ngawi","KDPKAB":"35.21","WADMPR":"Jawa Timur"},"geometry":{"type":"MultiPolygon","coordinates":[[[[111.20573,-7.24512,0.0],[111.19795,-7.2465,0.0],[111.19988,-7.25587,0.0],[111.18268,-7.25961,0.0],[111.17776,-7.26455,0.0],[111.16829,-7.26348,0.0],[111.15966,-7.25802,0.0],[111.15004,-7.26058,0.0],[111.14788,-7.27545,0.0],[111.14128,-7.2813,0.0],[111.14005,-7.29013,0.0],[111.13436,-7.29774,0.0],[111.14074,-7.30846,0.0],[111.14574,-7.30667,0.0],[111.15528,-7.31333,0.0],[111.1419,-7.33236,0.0],[111.14103,-7.36051,0.0],[111.14442,-7.35946,0.0],[111.14148,-7.36321,0.0],[111.14528,-7.36848,0.0],[111.14132,-7.37305,0.0],[111.14324,-7.37438,0.0],[111.13708,-7.3789,0.0],[111.13929,-7.38555,0.0],[111.12819,-7.39693,0.0],[111.12964,-7.40158,0.0],[111.12342,-7.40559,0.0],[111.12452,-7.40891,0.0],[111.11954,-7.4097,0.0],[111.11842,-7.41488,0.0],[111.12288,-7.43925,0.0],[111.12606,-7.44278,0.0],[111.12516,-7.45026,0.0],[111.13099,-7.45698,0.0],[111.12861,-7.46107,0.0],[111.13717,-7.46549,0.0],[111.13321,-7.47457,0.0],[111.13676,-7.47989,0.0],[111.13515,-7.4836,0.0],[111.14149,-7.48631,0.0],[111.14483,-7.49337,0.0],[111.15268,-7.49953,0.0],[111.15368,-7.5096,0.0],[111.14824,-7.51653,0.0],[111.15208,-7.52231,0.0],[111.14635,-7.5273,0.0],[111.14989,-7.53142,0.0],[111.15383,-7.54922,0.0],[111.15235,-7.56142,0.0],[111.16833,-7.59022,0.0],[111.19301,-7.60404,0.0],[111.19662,-7.60987,0.0],[111.19509,-7.62009,0.0],[111.19979,-7.61601,0.0],[111.23199,-7.60992,0.0],[111.24899,-7.60026,0.0],[111.25294,-7.6032,0.0],[111.2585,-7.59848,0.0],[111.27392,-7.60049,0.0],[111.27502,-7.60343,0.0],[111.29111,-7.60369,0.0],[111.30151,-7.58682,0.0],[111.31495,-7.58296,0.0],[111.31599,-7.58905,0.0],[111.35439,-7.57041,0.0],[111.366,-7.57025,0.0],[111.36572,-7.57307,0.0],[111.36951,-7.57385,0.0],[111.37425,-7.56072,0.0],[111.36801,-7.55514,0.0],[111.38356,-7.53713,0.0],[111.39733,-7.54121,0.0],[111.41437,-7.53731,0.0],[111.4159,-7.53319,0.0],[111.42038,-7.53651,0.0],[111.4258,-7.53054,0.0],[111.43276,-7.52978,0.0],[111.43918,-7.51737,0.0],[111.45227,-7.51518,0.0],[111.46021,-7.51762,0.0],[111.46177,-7.50926,0.0],[111.47506,-7.513,0.0],[111.47922,-7.51711,0.0],[111.48839,-7.51379,0.0],[111.49408,-7.51719,0.0],[111.49729,-7.51329,0.0],[111.50203,-7.51517,0.0],[111.50203,-7.51864,0.0],[111.51181,-7.52361,0.0],[111.50817,-7.53689,0.0],[111.51814,-7.54011,0.0],[111.52274,-7.53836,0.0],[111.52473,-7.54444,0.0],[111.53012,-7.54668,0.0],[111.53543,-7.54543,0.0],[111.53605,-7.53819,0.0],[111.54109,-7.53585,0.0],[111.54821,-7.53892,0.0],[111.55,-7.54503,0.0],[111.5615,-7.54676,0.0],[111.56329,-7.5412,0.0],[111.55952,-7.54102,0.0],[111.55984,-7.53643,0.0],[111.54751,-7.53763,0.0],[111.54855,-7.53205,0.0],[111.55315,-7.53391,0.0],[111.55041,-7.52701,0.0],[111.55391,-7.53062,0.0],[111.564,-7.5232,0.0],[111.58715,-7.52128,0.0],[111.58658,-7.51777,0.0],[111.57978,-7.51522,0.0],[111.58039,-7.51248,0.0],[111.58812,-7.5087,0.0],[111.58872,-7.50546,0.0],[111.59078,-7.50695,0.0],[111.58999,-7.5011,0.0],[111.59167,-7.50244,0.0],[111.59776,-7.49552,0.0],[111.5967,-7.49083,0.0],[111.60291,-7.48491,0.0],[111.60028,-7.48269,0.0],[111.60376,-7.48374,0.0],[111.60492,-7.47677,0.0],[111.60671,-7.47557,0.0],[111.60745,-7.47881,0.0],[111.61048,-7.47607,0.0],[111.61481,-7.468,0.0],[111.61489,-7.46752,0.0],[111.6126,-7.46708,0.0],[111.61265,-7.46661,0.0],[111.61644,-7.46477,0.0],[111.62274,-7.46881,0.0],[111.62905,-7.46334,0.0],[111.63714,-7.46278,0.0],[111.64178,-7.45098,0.0],[111.65168,-7.45101,0.0],[111.65061,-7.43867,0.0],[111.65522,-7.43851,0.0],[111.65966,-7.42722,0.0],[111.66846,-7.42316,0.0],[111.67351,-7.41182,0.0],[111.65471,-7.39913,0.0],[111.63072,-7.38974,0.0],[111.61628,-7.3794,0.0],[111.61379,-7.36981,0.0],[111.58349,-7.35293,0.0],[111.58014,-7.35471,0.0],[111.57491,-7.34856,0.0],[111.56714,-7.35531,0.0],[111.56647,-7.35995,0.0],[111.56284,-7.35755,0.0],[111.56081,-7.35996,0.0],[111.55373,-7.35865,0.0],[111.54511,-7.37015,0.0],[111.52785,-7.37219,0.0],[111.51305,-7.36277,0.0],[111.49696,-7.36445,0.0],[111.49629,-7.36118,0.0],[111.48531,-7.35822,0.0],[111.4709,-7.35769,0.0],[111.46411,-7.36332,0.0],[111.46176,-7.36061,0.0],[111.45607,-7.36727,0.0],[111.46325,-7.37122,0.0],[111.46249,-7.37812,0.0],[111.45325,-7.37136,0.0],[111.43303,-7.36521,0.0],[111.42686,-7.35013,0.0],[111.42019,-7.34567,0.0],[111.3925,-7.34505,0.0],[111.37199,-7.3406,0.0],[111.36753,-7.33314,0.0],[111.36075,-7.33007,0.0],[111.34705,-7.33623,0.0],[111.34481,-7.33486,0.0],[111.34811,-7.33008,0.0],[111.34517,-7.32788,0.0],[111.34688,-7.32273,0.0],[111.34453,-7.319,0.0],[111.3343,-7.31848,0.0],[111.33315,-7.32078,0.0],[111.33301,-7.31733,0.0],[111.32611,-7.31655,0.0],[111.32229,-7.30939,0.0],[111.31537,-7.30488,0.0],[111.30986,-7.30635,0.0],[111.30338,-7.2996,0.0],[111.29551,-7.30164,0.0],[111.28655,-7.28922,0.0],[111.26799,-7.28956,0.0],[111.25516,-7.2877,0.0],[111.25111,-7.28387,0.0],[111.24389,-7.28526,0.0],[111.23997,-7.2757,0.0],[111.22416,-7.26144,0.0],[111.22237,-7.25313,0.0],[111.20573,-7.24512,0.0]]],[[[111.41789,-7.54316,0.0],[111.41357,-7.54121,0.0],[111.41404,-7.54641,0.0],[111.41789,-7.54316,0.0]]]]}},{"id":"35","type":"Feature","properties":{"WADMKK":"Pacitan","KDPKAB":"35.01","WADMPR":"Jawa Timur"},"geometry":{"type":"MultiPolygon","coordinates":[[[[111.39032,-8.27711,0.0],[111.39047,-8.27711,0.0],[111.39049,-8.27697,0.0],[111.39032,-8.27711,0.0]]],[[[111.32739,-8.27552,0.0],[111.32756,-8.27519,0.0],[111.32744,-8.27515,0.0],[111.32739,-8.27552,0.0]]],[[[111.28415,-8.27306,0.0],[111.2843,-8.27295,0.0],[111.28418,-8.27292,0.0],[111.28415,-8.27306,0.0]]],[[[111.28079,-8.27108,0.0],[111.28126,-8.27081,0.0],[111.2809,-8.27042,0.0],[111.28079,-8.27108,0.0]]],[[[111.22639,-8.26978,0.0],[111.22673,-8.26958,0.0],[111.22657,-8.26936,0.0],[111.22639,-8.26978,0.0]]],[[[111.22664,-8.26827,0.0],[111.22595,-8.26807,0.0],[111.22591,-8.26831,0.0],[111.22664,-8.26827,0.0]]],[[[111.2094,-8.26693,0.0],[111.20962,-8.26672,0.0],[111.20941,-8.26673,0.0],[111.2094,-8.26693,0.0]]],[[[111.28688,-8.26481,0.0],[111.28748,-8.26476,0.0],[111.28757,-8.26457,0.0],[111.28688,-8.26481,0.0]]],[[[111.12845,-8.26054,0.0],[111.12918,-8.26042,0.0],[111.12893,-8.26008,0.0],[111.12845,-8.26054,0.0]]],[[[111.12443,-8.2601,0.0],[111.12266,-8.25926,0.0],[111.12183,-8.2605,0.0],[111.12443,-8.2601,0.0]]],[[[111.00103,-8.25626,0.0],[111.00136,-8.25597,0.0],[111.00127,-8.25579,0.0],[111.00103,-8.25626,0.0]]],[[[110.99352,-8.25568,0.0],[110.99322,-8.25541,0.0],[110.99317,-8.25565,0.0],[110.99352,-8.25568,0.0]]],[[[110.99764,-8.25521,0.0],[110.99695,-8.25578,0.0],[110.99784,-8.25541,0.0],[110.99764,-8.25521,0.0]]],[[[111.00285,-8.25572,0.0],[111.00165,-8.25478,0.0],[111.00142,-8.25511,0.0],[111.00285,-8.25572,0.0]]],[[[110.99402,-8.25455,0.0],[110.99416,-8.25466,0.0],[110.99408,-8.25452,0.0],[110.99402,-8.25455,0.0]]],[[[111.25529,-8.25495,0.0],[111.25455,-8.25453,0.0],[111.25444,-8.25462,0.0],[111.25529,-8.25495,0.0]]],[[[110.99619,-8.25337,0.0],[110.99644,-8.25334,0.0],[110.99635,-8.25315,0.0],[110.99619,-8.25337,0.0]]],[[[110.99224,-8.25298,0.0],[110.99249,-8.25276,0.0],[110.99234,-8.2527,0.0],[110.99224,-8.25298,0.0]]],[[[110.99182,-8.25226,0.0],[110.99246,-8.25159,0.0],[110.99227,-8.25146,0.0],[110.99182,-8.25226,0.0]]],[[[110.9754,-8.24282,0.0],[110.97562,-8.24269,0.0],[110.97551,-8.2426,0.0],[110.9754,-8.24282,0.0]]],[[[110.97607,-8.24321,0.0],[110.97705,-8.24242,0.0],[110.9759,-8.24285,0.0],[110.97607,-8.24321,0.0]]],[[[110.9752,-8.2421,0.0],[110.9755,-8.24189,0.0],[110.97538,-8.24177,0.0],[110.9752,-8.2421,0.0]]],[[[110.97778,-8.24111,0.0],[110.97705,-8.24116,0.0],[110.97742,-8.24164,0.0],[110.97778,-8.24111,0.0]]],[[[110.97543,-8.24163,0.0],[110.97609,-8.24076,0.0],[110.97603,-8.24067,0.0],[110.97543,-8.24163,0.0]]],[[[110.97263,-8.24088,0.0],[110.97308,-8.24051,0.0],[110.97272,-8.24042,0.0],[110.97263,-8.24088,0.0]]],[[[110.9722,-8.24039,0.0],[110.97139,-8.24015,0.0],[110.97131,-8.24052,0.0],[110.9722,-8.24039,0.0]]],[[[110.96992,-8.23772,0.0],[110.97046,-8.23762,0.0],[110.97018,-8.23725,0.0],[110.96992,-8.23772,0.0]]],[[[110.96034,-8.23587,0.0],[110.96024,-8.23542,0.0],[110.96018,-8.23574,0.0],[110.96034,-8.23587,0.0]]],[[[110.96323,-8.23567,0.0],[110.96293,-8.23508,0.0],[110.96242,-8.2354,0.0],[110.96323,-8.23567,0.0]]],[[[110.91733,-8.22231,0.0],[110.91739,-8.2222,0.0],[110.91733,-8.22219,0.0],[110.91733,-8.22231,0.0]]],[[[110.91715,-8.22195,0.0],[110.91675,-8.22143,0.0],[110.91639,-8.22166,0.0],[110.91715,-8.22195,0.0]]],[[[110.91727,-8.22148,0.0],[110.91715,-8.22107,0.0],[110.91689,-8.22128,0.0],[110.91727,-8.22148,0.0]]],[[[110.91776,-8.21965,0.0],[110.91792,-8.21956,0.0],[110.91757,-8.21953,0.0],[110.91776,-8.21965,0.0]]],[[[111.19311,-7.92318,0.0],[111.18224,-7.91581,0.0],[111.16371,-7.92224,0.0],[111.15439,-7.92203,0.0],[111.14101,-7.93452,0.0],[111.14484,-7.9523,0.0],[111.12953,-7.96279,0.0],[111.12973,-7.96751,0.0],[111.12563,-7.97032,0.0],[111.12734,-7.97572,0.0],[111.12328,-7.97996,0.0],[111.13108,-7.99323,0.0],[111.12887,-8.00263,0.0],[111.13348,-8.00997,0.0],[111.13499,-8.02121,0.0],[111.12819,-8.03204,0.0],[111.11999,-8.03503,0.0],[111.11674,-8.04194,0.0],[111.12081,-8.05336,0.0],[111.11535,-8.06094,0.0],[111.10232,-8.06548,0.0],[111.09105,-8.06344,0.0],[111.08677,-8.05914,0.0],[111.08738,-8.04747,0.0],[111.07956,-8.0427,0.0],[111.07639,-8.04869,0.0],[111.07039,-8.04955,0.0],[111.06603,-8.06131,0.0],[111.05412,-8.06447,0.0],[111.04857,-8.07265,0.0],[111.03235,-8.07978,0.0],[111.02292,-8.07969,0.0],[111.0164,-8.07541,0.0],[111.01038,-8.07748,0.0],[111.00939,-8.07354,0.0],[111.0047,-8.07285,0.0],[110.99693,-8.07987,0.0],[110.98288,-8.07885,0.0],[110.97822,-8.07269,0.0],[110.95175,-8.06298,0.0],[110.95142,-8.07085,0.0],[110.94716,-8.0726,0.0],[110.93926,-8.08683,0.0],[110.91932,-8.10505,0.0],[110.91529,-8.11595,0.0],[110.90792,-8.11653,0.0],[110.90754,-8.13308,0.0],[110.89534,-8.16602,0.0],[110.8981,-8.19373,0.0],[110.90191,-8.20218,0.0],[110.90026,-8.21164,0.0],[110.90956,-8.21087,0.0],[110.92698,-8.22269,0.0],[110.9389,-8.22274,0.0],[110.94058,-8.22738,0.0],[110.94574,-8.22321,0.0],[110.94937,-8.22638,0.0],[110.9555,-8.22605,0.0],[110.95776,-8.22949,0.0],[110.9612,-8.229,0.0],[110.96021,-8.23406,0.0],[110.97215,-8.23639,0.0],[110.97344,-8.24026,0.0],[110.97791,-8.23667,0.0],[110.98251,-8.242,0.0],[110.98845,-8.24265,0.0],[110.99082,-8.24788,0.0],[110.99433,-8.24836,0.0],[110.99316,-8.25226,0.0],[110.99786,-8.25186,0.0],[110.99878,-8.25469,0.0],[111.00305,-8.24894,0.0],[111.00998,-8.24855,0.0],[111.01141,-8.25133,0.0],[111.01745,-8.2483,0.0],[111.02691,-8.25174,0.0],[111.02805,-8.25664,0.0],[111.02957,-8.25409,0.0],[111.03369,-8.25633,0.0],[111.04364,-8.24867,0.0],[111.04901,-8.25185,0.0],[111.06265,-8.25211,0.0],[111.06601,-8.24709,0.0],[111.07662,-8.2456,0.0],[111.07498,-8.23884,0.0],[111.07814,-8.2337,0.0],[111.07365,-8.22765,0.0],[111.07481,-8.22541,0.0],[111.07624,-8.22806,0.0],[111.0753,-8.22331,0.0],[111.08342,-8.22005,0.0],[111.09289,-8.22076,0.0],[111.10562,-8.23129,0.0],[111.0976,-8.2368,0.0],[111.09762,-8.24009,0.0],[111.10149,-8.24109,0.0],[111.09387,-8.24678,0.0],[111.09912,-8.24535,0.0],[111.10301,-8.24988,0.0],[111.10131,-8.25331,0.0],[111.10509,-8.25142,0.0],[111.10832,-8.2562,0.0],[111.12024,-8.25265,0.0],[111.12483,-8.25854,0.0],[111.12963,-8.25759,0.0],[111.13186,-8.26236,0.0],[111.13728,-8.26167,0.0],[111.13846,-8.26685,0.0],[111.13315,-8.27267,0.0],[111.14462,-8.27829,0.0],[111.1436,-8.28101,0.0],[111.15154,-8.27699,0.0],[111.1536,-8.28466,0.0],[111.15859,-8.27612,0.0],[111.16732,-8.28006,0.0],[111.16988,-8.27693,0.0],[111.17168,-8.28048,0.0],[111.17676,-8.27256,0.0],[111.19434,-8.278,0.0],[111.20142,-8.26435,0.0],[111.20384,-8.26743,0.0],[111.20686,-8.26485,0.0],[111.21149,-8.26685,0.0],[111.21307,-8.26331,0.0],[111.2151,-8.26581,0.0],[111.21666,-8.25905,0.0],[111.22099,-8.26145,0.0],[111.22037,-8.26798,0.0],[111.22307,-8.26522,0.0],[111.22453,-8.26854,0.0],[111.23156,-8.25651,0.0],[111.23295,-8.25919,0.0],[111.24546,-8.25284,0.0],[111.25487,-8.2539,0.0],[111.25629,-8.24816,0.0],[111.26126,-8.24746,0.0],[111.27439,-8.24987,0.0],[111.27317,-8.25164,0.0],[111.28102,-8.25709,0.0],[111.27927,-8.26081,0.0],[111.28488,-8.25917,0.0],[111.27789,-8.26666,0.0],[111.2845,-8.27284,0.0],[111.28846,-8.26953,0.0],[111.29193,-8.27408,0.0],[111.29086,-8.27112,0.0],[111.2949,-8.26615,0.0],[111.28703,-8.26571,0.0],[111.2865,-8.26376,0.0],[111.2868,-8.26269,0.0],[111.28832,-8.26223,0.0],[111.28762,-8.26004,0.0],[111.29564,-8.2636,0.0],[111.29634,-8.25812,0.0],[111.30212,-8.25694,0.0],[111.31438,-8.25888,0.0],[111.31633,-8.26099,0.0],[111.31356,-8.26209,0.0],[111.31195,-8.26781,0.0],[111.31634,-8.26804,0.0],[111.31542,-8.27058,0.0],[111.32056,-8.26923,0.0],[111.32487,-8.27328,0.0],[111.33703,-8.26196,0.0],[111.3429,-8.26159,0.0],[111.34917,-8.26416,0.0],[111.35011,-8.26862,0.0],[111.35255,-8.26662,0.0],[111.35778,-8.27029,0.0],[111.35876,-8.26546,0.0],[111.36744,-8.26041,0.0],[111.37458,-8.26396,0.0],[111.37381,-8.26733,0.0],[111.36998,-8.26735,0.0],[111.37318,-8.26792,0.0],[111.37384,-8.26752,0.0],[111.37534,-8.26587,0.0],[111.37579,-8.26597,0.0],[111.37751,-8.27629,0.0],[111.38714,-8.27771,0.0],[111.38747,-8.27322,0.0],[111.39078,-8.27381,0.0],[111.39087,-8.27686,0.0],[111.39858,-8.27746,0.0],[111.40654,-8.25923,0.0],[111.39217,-8.23318,0.0],[111.39586,-8.22745,0.0],[111.40082,-8.22704,0.0],[111.40041,-8.22073,0.0],[111.40454,-8.2197,0.0],[111.40891,-8.21266,0.0],[111.40426,-8.20814,0.0],[111.40351,-8.19703,0.0],[111.41858,-8.19033,0.0],[111.42427,-8.19137,0.0],[111.42656,-8.17537,0.0],[111.42266,-8.16943,0.0],[111.40472,-8.17238,0.0],[111.39352,-8.16343,0.0],[111.39324,-8.15948,0.0],[111.38035,-8.16327,0.0],[111.37595,-8.15537,0.0],[111.38046,-8.1536,0.0],[111.37839,-8.15104,0.0],[111.38139,-8.14848,0.0],[111.38004,-8.13673,0.0],[111.36879,-8.13086,0.0],[111.36851,-8.12153,0.0],[111.36086,-8.11883,0.0],[111.35587,-8.12073,0.0],[111.35511,-8.11616,0.0],[111.34721,-8.11416,0.0],[111.34772,-8.10723,0.0],[111.35584,-8.10442,0.0],[111.35977,-8.10622,0.0],[111.36248,-8.09962,0.0],[111.35805,-8.0916,0.0],[111.35946,-8.0881,0.0],[111.35441,-8.08891,0.0],[111.35449,-8.08487,0.0],[111.34886,-8.08416,0.0],[111.3545,-8.07903,0.0],[111.34889,-8.07662,0.0],[111.34634,-8.06624,0.0],[111.34908,-8.06417,0.0],[111.34922,-8.05625,0.0],[111.36706,-8.03303,0.0],[111.35827,-8.02597,0.0],[111.35989,-8.0145,0.0],[111.35427,-8.01055,0.0],[111.34949,-8.01167,0.0],[111.34808,-8.00756,0.0],[111.34384,-8.00639,0.0],[111.34989,-7.99517,0.0],[111.34934,-7.97897,0.0],[111.327,-7.96745,0.0],[111.32653,-7.95527,0.0],[111.31632,-7.93634,0.0],[111.30918,-7.93536,0.0],[111.29866,-7.94062,0.0],[111.28668,-7.93909,0.0],[111.28628,-7.92078,0.0],[111.28306,-7.91901,0.0],[111.27261,-7.92344,0.0],[111.27192,-7.93042,0.0],[111.25057,-7.94581,0.0],[111.23185,-7.9487,0.0],[111.22754,-7.9342,0.0],[111.22217,-7.93036,0.0],[111.20378,-7.93705,0.0],[111.2024,-7.93399,0.0],[111.19132,-7.93442,0.0],[111.19311,-7.92318,0.0]]]]}},{"id":"36","type":"Feature","properties":{"WADMKK":"Pamekasan","KDPKAB":"35.28","WADMPR":"Jawa Timur"},"geometry":{"type":"Polygon","coordinates":[[[113.64253,-6.88758,0.0],[113.62522,-6.88998,0.0],[113.58914,-6.88858,0.0],[113.57174,-6.89295,0.0],[113.48339,-6.89672,0.0],[113.48283,-6.9015,0.0],[113.47603,-6.90818,0.0],[113.47784,-6.92432,0.0],[113.47228,-6.93113,0.0],[113.46791,-6.92924,0.0],[113.46601,-6.93513,0.0],[113.4611,-6.9355,0.0],[113.46,-6.95071,0.0],[113.44841,-6.95141,0.0],[113.4344,-6.96138,0.0],[113.42917,-6.98028,0.0],[113.42511,-6.9816,0.0],[113.4211,-6.98921,0.0],[113.42001,-6.99469,0.0],[113.42339,-6.99803,0.0],[113.41955,-7.00484,0.0],[113.42283,-7.00855,0.0],[113.42146,-7.01143,0.0],[113.40265,-7.02811,0.0],[113.39698,-7.02827,0.0],[113.39243,-7.03454,0.0],[113.39716,-7.03919,0.0],[113.39724,-7.05681,0.0],[113.3921,-7.05684,0.0],[113.39555,-7.06243,0.0],[113.39528,-7.07067,0.0],[113.38973,-7.07623,0.0],[113.38023,-7.0774,0.0],[113.38687,-7.0844,0.0],[113.3846,-7.08886,0.0],[113.36327,-7.10158,0.0],[113.36277,-7.10686,0.0],[113.37003,-7.11233,0.0],[113.36662,-7.11727,0.0],[113.36721,-7.129,0.0],[113.36449,-7.13114,0.0],[113.36741,-7.13745,0.0],[113.36064,-7.14462,0.0],[113.36103,-7.15002,0.0],[113.36867,-7.15175,0.0],[113.37626,-7.14717,0.0],[113.38128,-7.1533,0.0],[113.37891,-7.16506,0.0],[113.38144,-7.17866,0.0],[113.37193,-7.19462,0.0],[113.37671,-7.19907,0.0],[113.37899,-7.21087,0.0],[113.38204,-7.20306,0.0],[113.38045,-7.19115,0.0],[113.38346,-7.18886,0.0],[113.38843,-7.19744,0.0],[113.39767,-7.20169,0.0],[113.39376,-7.20904,0.0],[113.39369,-7.21764,0.0],[113.41101,-7.21748,0.0],[113.42215,-7.2218,0.0],[113.47427,-7.22181,0.0],[113.47697,-7.22451,0.0],[113.49712,-7.22689,0.0],[113.51628,-7.24126,0.0],[113.51347,-7.24173,0.0],[113.51591,-7.24251,0.0],[113.51526,-7.24289,0.0],[113.51684,-7.24473,0.0],[113.51716,-7.24537,0.0],[113.51686,-7.24583,0.0],[113.50558,-7.24024,0.0],[113.49975,-7.24264,0.0],[113.50327,-7.24761,0.0],[113.49849,-7.24366,0.0],[113.50359,-7.25232,0.0],[113.50917,-7.25402,0.0],[113.53783,-7.23474,0.0],[113.55205,-7.23378,0.0],[113.54975,-7.23013,0.0],[113.56077,-7.20993,0.0],[113.55648,-7.2026,0.0],[113.56518,-7.19654,0.0],[113.56614,-7.18289,0.0],[113.57391,-7.17149,0.0],[113.57374,-7.16142,0.0],[113.58915,-7.13857,0.0],[113.60202,-7.12845,0.0],[113.61144,-7.10557,0.0],[113.62271,-7.10402,0.0],[113.6212,-7.08484,0.0],[113.5999,-7.0629,0.0],[113.59114,-7.06114,0.0],[113.60567,-7.04355,0.0],[113.59225,-7.03869,0.0],[113.58208,-7.04356,0.0],[113.57821,-7.04112,0.0],[113.57624,-7.03136,0.0],[113.58024,-7.01847,0.0],[113.59223,-7.01662,0.0],[113.59226,-7.00944,0.0],[113.61898,-7.00956,0.0],[113.6092,-7.00044,0.0],[113.61236,-6.981,0.0],[113.60841,-6.97378,0.0],[113.61266,-6.96728,0.0],[113.6265,-6.96484,0.0],[113.62329,-6.96086,0.0],[113.62538,-6.94843,0.0],[113.63155,-6.93873,0.0],[113.63842,-6.93905,0.0],[113.63878,-6.92977,0.0],[113.64972,-6.91965,0.0],[113.64317,-6.9159,0.0],[113.6356,-6.91716,0.0],[113.64253,-6.88758,0.0]]]}},{"id":"37","type":"Feature","properties":{"WADMKK":"Pasuruan","KDPKAB":"35.14","WADMPR":"Jawa Timur"},"geometry":{"type":"Polygon","coordinates":[[[112.8696,-7.57163,0.0],[112.84511,-7.57743,0.0],[112.83752,-7.5682,0.0],[112.83579,-7.55434,0.0],[112.83203,-7.55237,0.0],[112.81673,-7.55887,0.0],[112.8129,-7.55867,0.0],[112.81164,-7.55459,0.0],[112.80684,-7.555,0.0],[112.80144,-7.56205,0.0],[112.79846,-7.55831,0.0],[112.79826,-7.56119,0.0],[112.79049,-7.56443,0.0],[112.78318,-7.56307,0.0],[112.77406,-7.57147,0.0],[112.76996,-7.5714,0.0],[112.77094,-7.5748,0.0],[112.75305,-7.5752,0.0],[112.74763,-7.57187,0.0],[112.73901,-7.57323,0.0],[112.72443,-7.56929,0.0],[112.71922,-7.56101,0.0],[112.71189,-7.55737,0.0],[112.71001,-7.54861,0.0],[112.7057,-7.54504,0.0],[112.69099,-7.54628,0.0],[112.6892,-7.55167,0.0],[112.68518,-7.5507,0.0],[112.68396,-7.54665,0.0],[112.67431,-7.55019,0.0],[112.67658,-7.55274,0.0],[112.67414,-7.55861,0.0],[112.67025,-7.5625,0.0],[112.66311,-7.56019,0.0],[112.65712,-7.5681,0.0],[112.65214,-7.59785,0.0],[112.6306,-7.61654,0.0],[112.62077,-7.61522,0.0],[112.62258,-7.633,0.0],[112.62871,-7.64322,0.0],[112.62579,-7.649,0.0],[112.62782,-7.65291,0.0],[112.62217,-7.66137,0.0],[112.62359,-7.66681,0.0],[112.61441,-7.68168,0.0],[112.59819,-7.69438,0.0],[112.58565,-7.72069,0.0],[112.57481,-7.73252,0.0],[112.58199,-7.75146,0.0],[112.58756,-7.75355,0.0],[112.58985,-7.7652,0.0],[112.60188,-7.76915,0.0],[112.6152,-7.78692,0.0],[112.62843,-7.79147,0.0],[112.63245,-7.7976,0.0],[112.64202,-7.79504,0.0],[112.6542,-7.79697,0.0],[112.65367,-7.80062,0.0],[112.66143,-7.80593,0.0],[112.70472,-7.81707,0.0],[112.70742,-7.81825,0.0],[112.70622,-7.82213,0.0],[112.71111,-7.82392,0.0],[112.71144,-7.81899,0.0],[112.71583,-7.82095,0.0],[112.73289,-7.81808,0.0],[112.73308,-7.82258,0.0],[112.73914,-7.82394,0.0],[112.73904,-7.8386,0.0],[112.7497,-7.85094,0.0],[112.76001,-7.85436,0.0],[112.76198,-7.8761,0.0],[112.77488,-7.8702,0.0],[112.77939,-7.87239,0.0],[112.77732,-7.87979,0.0],[112.78005,-7.89155,0.0],[112.78498,-7.89736,0.0],[112.78367,-7.90027,0.0],[112.80551,-7.92549,0.0],[112.8216,-7.92809,0.0],[112.82804,-7.93575,0.0],[112.84053,-7.93868,0.0],[112.85319,-7.93375,0.0],[112.85655,-7.93974,0.0],[112.86957,-7.9468,0.0],[112.88084,-7.94721,0.0],[112.88498,-7.95235,0.0],[112.90392,-7.94698,0.0],[112.91285,-7.95673,0.0],[112.91539,-7.95135,0.0],[112.93467,-7.95623,0.0],[112.93831,-7.94965,0.0],[112.95256,-7.94545,0.0],[112.95256,-7.92879,0.0],[112.95672,-7.91723,0.0],[112.94743,-7.90879,0.0],[112.95373,-7.90036,0.0],[112.96817,-7.90054,0.0],[112.96926,-7.88774,0.0],[112.9848,-7.87894,0.0],[112.99001,-7.8696,0.0],[113.00477,-7.85902,0.0],[113.02741,-7.83384,0.0],[113.04723,-7.81997,0.0],[113.0537,-7.78528,0.0],[113.05017,-7.7759,0.0],[113.05692,-7.76228,0.0],[113.05471,-7.74815,0.0],[113.07103,-7.73318,0.0],[113.07306,-7.72496,0.0],[113.08503,-7.70976,0.0],[113.09329,-7.708,0.0],[113.10021,-7.70194,0.0],[113.08762,-7.70326,0.0],[113.06337,-7.66901,0.0],[113.05005,-7.65745,0.0],[113.02867,-7.64866,0.0],[113.028,-7.64126,0.0],[113.0267,-7.64451,0.0],[113.02206,-7.64427,0.0],[113.02295,-7.64911,0.0],[113.01714,-7.65152,0.0],[112.99272,-7.65755,0.0],[112.98474,-7.65637,0.0],[112.96837,-7.64683,0.0],[112.96001,-7.63205,0.0],[112.95825,-7.62263,0.0],[112.95436,-7.62114,0.0],[112.9519,-7.63328,0.0],[112.94617,-7.63781,0.0],[112.94246,-7.64658,0.0],[112.94531,-7.64764,0.0],[112.94504,-7.65186,0.0],[112.94265,-7.65605,0.0],[112.93621,-7.65653,0.0],[112.93136,-7.66871,0.0],[112.92605,-7.66989,0.0],[112.92256,-7.67576,0.0],[112.9186,-7.67392,0.0],[112.91685,-7.67819,0.0],[112.90778,-7.67925,0.0],[112.90106,-7.6863,0.0],[112.89523,-7.68492,0.0],[112.89368,-7.67551,0.0],[112.88113,-7.67186,0.0],[112.88647,-7.66732,0.0],[112.88141,-7.66463,0.0],[112.88277,-7.66076,0.0],[112.88692,-7.66244,0.0],[112.88698,-7.66008,0.0],[112.87834,-7.65526,0.0],[112.87218,-7.66255,0.0],[112.87378,-7.6529,0.0],[112.8714,-7.65091,0.0],[112.87606,-7.63878,0.0],[112.87537,-7.63425,0.0],[112.87244,-7.63393,0.0],[112.87467,-7.62679,0.0],[112.88434,-7.63186,0.0],[112.8859,-7.62341,0.0],[112.90123,-7.62893,0.0],[112.90261,-7.62505,0.0],[112.88836,-7.61604,0.0],[112.87553,-7.58447,0.0],[112.86853,-7.57691,0.0],[112.8696,-7.57163,0.0]]]}},{"id":"38","type":"Feature","properties":{"WADMKK":"Ponorogo","KDPKAB":"35.02","WADMPR":"Jawa Timur"},"geometry":{"type":"Polygon","coordinates":[[[111.75054,-7.7991,0.0],[111.73248,-7.80111,0.0],[111.71941,-7.81115,0.0],[111.6938,-7.80533,0.0],[111.69528,-7.80038,0.0],[111.68839,-7.78569,0.0],[111.68307,-7.78751,0.0],[111.67597,-7.78373,0.0],[111.67773,-7.77408,0.0],[111.66761,-7.76755,0.0],[111.65947,-7.76655,0.0],[111.65127,-7.7724,0.0],[111.64036,-7.77156,0.0],[111.61164,-7.7819,0.0],[111.60337,-7.78095,0.0],[111.59886,-7.777,0.0],[111.59595,-7.78942,0.0],[111.58501,-7.79718,0.0],[111.56469,-7.8025,0.0],[111.55421,-7.79919,0.0],[111.54979,-7.80441,0.0],[111.50868,-7.79945,0.0],[111.49689,-7.79401,0.0],[111.49466,-7.78928,0.0],[111.47988,-7.78539,0.0],[111.46858,-7.77706,0.0],[111.45793,-7.77789,0.0],[111.45545,-7.78399,0.0],[111.44991,-7.77852,0.0],[111.43343,-7.77986,0.0],[111.41322,-7.77585,0.0],[111.4093,-7.77958,0.0],[111.401,-7.77806,0.0],[111.39838,-7.78121,0.0],[111.38445,-7.78319,0.0],[111.34366,-7.78332,0.0],[111.33701,-7.79475,0.0],[111.33074,-7.7955,0.0],[111.32763,-7.80041,0.0],[111.31472,-7.79217,0.0],[111.30768,-7.79771,0.0],[111.3016,-7.79668,0.0],[111.30012,-7.79331,0.0],[111.2887,-7.79348,0.0],[111.2971,-7.80162,0.0],[111.30159,-7.81988,0.0],[111.30565,-7.82315,0.0],[111.30134,-7.83072,0.0],[111.30274,-7.83758,0.0],[111.31148,-7.84171,0.0],[111.31451,-7.85164,0.0],[111.31177,-7.85493,0.0],[111.29666,-7.85784,0.0],[111.29419,-7.86135,0.0],[111.29716,-7.87693,0.0],[111.27929,-7.91712,0.0],[111.28628,-7.92078,0.0],[111.28668,-7.93909,0.0],[111.29866,-7.94062,0.0],[111.30918,-7.93536,0.0],[111.31632,-7.93634,0.0],[111.32653,-7.95527,0.0],[111.327,-7.96745,0.0],[111.34956,-7.97945,0.0],[111.34989,-7.99517,0.0],[111.34384,-8.00639,0.0],[111.34808,-8.00756,0.0],[111.34949,-8.01167,0.0],[111.35427,-8.01055,0.0],[111.35989,-8.0145,0.0],[111.35827,-8.02597,0.0],[111.36706,-8.03303,0.0],[111.34922,-8.05625,0.0],[111.34908,-8.06417,0.0],[111.34634,-8.06624,0.0],[111.34889,-8.07662,0.0],[111.3545,-8.07903,0.0],[111.34886,-8.08416,0.0],[111.35449,-8.08487,0.0],[111.35441,-8.08891,0.0],[111.35946,-8.0881,0.0],[111.35805,-8.0916,0.0],[111.36248,-8.09962,0.0],[111.35977,-8.10622,0.0],[111.35584,-8.10442,0.0],[111.34772,-8.10723,0.0],[111.34703,-8.11345,0.0],[111.35511,-8.11616,0.0],[111.35587,-8.12073,0.0],[111.36086,-8.11883,0.0],[111.36851,-8.12153,0.0],[111.36879,-8.13086,0.0],[111.38004,-8.13673,0.0],[111.38139,-8.14848,0.0],[111.37839,-8.15104,0.0],[111.38046,-8.1536,0.0],[111.37595,-8.15537,0.0],[111.38035,-8.16327,0.0],[111.39324,-8.15948,0.0],[111.39352,-8.16343,0.0],[111.40555,-8.17265,0.0],[111.41567,-8.17184,0.0],[111.41748,-8.16881,0.0],[111.4212,-8.17165,0.0],[111.42266,-8.16943,0.0],[111.4314,-8.17038,0.0],[111.43783,-8.16323,0.0],[111.45042,-8.16873,0.0],[111.45856,-8.16878,0.0],[111.46495,-8.17552,0.0],[111.4771,-8.17334,0.0],[111.47867,-8.16576,0.0],[111.47371,-8.1648,0.0],[111.47316,-8.15814,0.0],[111.4808,-8.13601,0.0],[111.47952,-8.12809,0.0],[111.48304,-8.12589,0.0],[111.47943,-8.11723,0.0],[111.48328,-8.10846,0.0],[111.4996,-8.11268,0.0],[111.50714,-8.1064,0.0],[111.52108,-8.11075,0.0],[111.52787,-8.10736,0.0],[111.52687,-8.08106,0.0],[111.54351,-8.0665,0.0],[111.53739,-8.06467,0.0],[111.5353,-8.0597,0.0],[111.54478,-8.05465,0.0],[111.55386,-8.05615,0.0],[111.55723,-8.04993,0.0],[111.57327,-8.04795,0.0],[111.57432,-8.04,0.0],[111.58273,-8.02572,0.0],[111.59046,-8.01938,0.0],[111.60627,-8.01935,0.0],[111.61177,-8.01167,0.0],[111.62318,-8.0065,0.0],[111.62592,-8.01092,0.0],[111.63611,-8.00215,0.0],[111.64145,-8.00535,0.0],[111.64771,-8.00378,0.0],[111.64816,-8.0209,0.0],[111.65324,-8.02054,0.0],[111.65686,-7.98998,0.0],[111.65369,-7.98162,0.0],[111.65641,-7.97579,0.0],[111.66223,-7.97414,0.0],[111.6635,-7.96813,0.0],[111.65237,-7.96389,0.0],[111.64736,-7.95814,0.0],[111.65479,-7.9415,0.0],[111.65928,-7.94514,0.0],[111.66785,-7.94459,0.0],[111.68851,-7.93273,0.0],[111.69426,-7.91813,0.0],[111.70121,-7.91543,0.0],[111.70671,-7.90646,0.0],[111.70499,-7.90202,0.0],[111.69914,-7.89959,0.0],[111.70125,-7.89622,0.0],[111.71327,-7.89549,0.0],[111.73489,-7.88628,0.0],[111.74094,-7.87916,0.0],[111.74818,-7.88001,0.0],[111.75298,-7.88456,0.0],[111.75159,-7.89628,0.0],[111.75491,-7.89742,0.0],[111.75289,-7.90347,0.0],[111.75529,-7.90829,0.0],[111.76067,-7.90096,0.0],[111.75608,-7.8987,0.0],[111.75613,-7.89311,0.0],[111.75874,-7.89478,0.0],[111.76117,-7.8904,0.0],[111.77119,-7.88667,0.0],[111.7692,-7.88173,0.0],[111.77168,-7.87241,0.0],[111.77863,-7.86514,0.0],[111.7714,-7.85596,0.0],[111.78579,-7.83275,0.0],[111.77666,-7.8202,0.0],[111.7671,-7.82323,0.0],[111.76542,-7.81547,0.0],[111.76009,-7.81366,0.0],[111.75603,-7.80377,0.0],[111.75054,-7.7991,0.0]]]}},{"id":"39","type":"Feature","properties":{"WADMKK":"Probolinggo","KDPKAB":"35.13","WADMPR":"Jawa Timur"},"geometry":{"type":"MultiPolygon","coordinates":[[[[113.49108,-7.69815,0.0],[113.47113,-7.7067,0.0],[113.47173,-7.7097,0.0],[113.46767,-7.71252,0.0],[113.46946,-7.71533,0.0],[113.43886,-7.73457,0.0],[113.4105,-7.73433,0.0],[113.40312,-7.73995,0.0],[113.39371,-7.73834,0.0],[113.38841,-7.74463,0.0],[113.38199,-7.73636,0.0],[113.37604,-7.74069,0.0],[113.37246,-7.75164,0.0],[113.35521,-7.76136,0.0],[113.34516,-7.77121,0.0],[113.32412,-7.77622,0.0],[113.31788,-7.77541,0.0],[113.31815,-7.77094,0.0],[113.30743,-7.76826,0.0],[113.28934,-7.77586,0.0],[113.28712,-7.78372,0.0],[113.27731,-7.78257,0.0],[113.26314,-7.76479,0.0],[113.25474,-7.74869,0.0],[113.2564,-7.73556,0.0],[113.24865,-7.74518,0.0],[113.23649,-7.73929,0.0],[113.23812,-7.74736,0.0],[113.23186,-7.756,0.0],[113.23467,-7.75668,0.0],[113.23465,-7.77147,0.0],[113.23737,-7.77311,0.0],[113.234,-7.78049,0.0],[113.23734,-7.78164,0.0],[113.2354,-7.78793,0.0],[113.23852,-7.79365,0.0],[113.24248,-7.79485,0.0],[113.24111,-7.79968,0.0],[113.23582,-7.79757,0.0],[113.23707,-7.80824,0.0],[113.22593,-7.80164,0.0],[113.21692,-7.81548,0.0],[113.21711,-7.82016,0.0],[113.20792,-7.81727,0.0],[113.20927,-7.8149,0.0],[113.20412,-7.81279,0.0],[113.20789,-7.8043,0.0],[113.20477,-7.80459,0.0],[113.20027,-7.81255,0.0],[113.17859,-7.81015,0.0],[113.18307,-7.79067,0.0],[113.17702,-7.78848,0.0],[113.17904,-7.7833,0.0],[113.16397,-7.77925,0.0],[113.16557,-7.77369,0.0],[113.16312,-7.77083,0.0],[113.16906,-7.76268,0.0],[113.1699,-7.75443,0.0],[113.17765,-7.75208,0.0],[113.17482,-7.74951,0.0],[113.1805,-7.74376,0.0],[113.17675,-7.72587,0.0],[113.16754,-7.72788,0.0],[113.16975,-7.73543,0.0],[113.16324,-7.7419,0.0],[113.16233,-7.73958,0.0],[113.15108,-7.74103,0.0],[113.14013,-7.72557,0.0],[113.12568,-7.72235,0.0],[113.1175,-7.72576,0.0],[113.10998,-7.7191,0.0],[113.10793,-7.72057,0.0],[113.10191,-7.71358,0.0],[113.10095,-7.70233,0.0],[113.09329,-7.708,0.0],[113.08812,-7.70742,0.0],[113.07843,-7.72137,0.0],[113.07519,-7.72163,0.0],[113.0694,-7.73518,0.0],[113.05471,-7.74815,0.0],[113.05692,-7.76228,0.0],[113.05017,-7.7759,0.0],[113.0537,-7.78528,0.0],[113.04723,-7.81997,0.0],[113.02741,-7.83384,0.0],[113.00477,-7.85902,0.0],[112.99001,-7.8696,0.0],[112.9848,-7.87894,0.0],[112.96926,-7.88774,0.0],[112.96817,-7.90054,0.0],[112.95373,-7.90036,0.0],[112.94743,-7.90879,0.0],[112.95672,-7.91723,0.0],[112.95256,-7.92879,0.0],[112.95256,-7.94545,0.0],[112.93793,-7.94992,0.0],[112.93521,-7.95601,0.0],[112.92685,-7.96077,0.0],[112.92614,-7.96648,0.0],[112.93465,-7.97318,0.0],[112.94512,-7.97514,0.0],[112.94566,-7.97974,0.0],[112.94073,-7.98194,0.0],[112.9501,-7.98703,0.0],[112.97598,-7.97923,0.0],[112.99314,-7.96001,0.0],[113.00896,-7.96339,0.0],[113.01445,-7.96887,0.0],[113.02209,-7.96914,0.0],[113.03614,-7.98056,0.0],[113.0452,-7.99537,0.0],[113.05996,-8.01056,0.0],[113.06275,-8.00941,0.0],[113.065,-7.99926,0.0],[113.07875,-7.98416,0.0],[113.10587,-7.98432,0.0],[113.11263,-7.99525,0.0],[113.12093,-7.99128,0.0],[113.12587,-7.9823,0.0],[113.13598,-7.97646,0.0],[113.14953,-7.97976,0.0],[113.15356,-7.97167,0.0],[113.17154,-7.96153,0.0],[113.18,-7.95003,0.0],[113.19035,-7.94506,0.0],[113.19943,-7.92963,0.0],[113.20619,-7.92561,0.0],[113.20602,-7.91948,0.0],[113.21185,-7.9112,0.0],[113.20738,-7.89988,0.0],[113.25457,-7.90732,0.0],[113.26253,-7.89591,0.0],[113.26795,-7.90308,0.0],[113.26799,-7.91774,0.0],[113.27402,-7.91867,0.0],[113.27472,-7.92531,0.0],[113.29498,-7.92801,0.0],[113.29443,-7.92411,0.0],[113.30374,-7.92491,0.0],[113.32873,-7.93559,0.0],[113.32766,-7.93967,0.0],[113.33059,-7.94263,0.0],[113.33474,-7.93996,0.0],[113.34129,-7.94247,0.0],[113.34817,-7.9844,0.0],[113.35875,-7.99971,0.0],[113.35805,-8.0162,0.0],[113.36151,-8.02784,0.0],[113.37893,-8.02046,0.0],[113.39098,-7.99717,0.0],[113.39727,-8.00362,0.0],[113.405,-8.00346,0.0],[113.40663,-8.008,0.0],[113.41219,-8.00517,0.0],[113.41719,-8.00938,0.0],[113.42277,-8.00779,0.0],[113.44021,-8.01522,0.0],[113.44485,-8.02518,0.0],[113.44926,-8.02606,0.0],[113.45038,-8.01998,0.0],[113.45403,-8.01954,0.0],[113.46543,-8.0275,0.0],[113.47591,-8.02549,0.0],[113.47507,-8.02033,0.0],[113.48157,-8.0095,0.0],[113.4822,-7.99401,0.0],[113.49242,-7.99893,0.0],[113.49463,-8.00496,0.0],[113.49933,-8.00213,0.0],[113.50729,-8.00542,0.0],[113.51465,-8.0015,0.0],[113.53309,-8.00918,0.0],[113.53979,-8.00661,0.0],[113.54284,-8.00046,0.0],[113.55949,-7.99469,0.0],[113.56284,-7.98271,0.0],[113.57462,-7.98008,0.0],[113.58028,-7.98443,0.0],[113.59033,-7.9834,0.0],[113.59116,-7.97639,0.0],[113.59393,-7.97591,0.0],[113.6022,-7.97794,0.0],[113.60539,-7.98999,0.0],[113.61371,-7.98876,0.0],[113.61397,-7.99214,0.0],[113.62843,-7.97591,0.0],[113.63815,-7.97201,0.0],[113.64356,-7.97312,0.0],[113.63614,-7.9656,0.0],[113.62952,-7.97246,0.0],[113.62927,-7.96741,0.0],[113.62378,-7.96146,0.0],[113.61566,-7.95815,0.0],[113.62233,-7.95244,0.0],[113.6147,-7.95314,0.0],[113.61113,-7.95012,0.0],[113.61869,-7.93892,0.0],[113.61751,-7.9314,0.0],[113.62484,-7.92535,0.0],[113.62629,-7.91703,0.0],[113.62222,-7.90694,0.0],[113.62333,-7.89512,0.0],[113.61509,-7.88713,0.0],[113.61812,-7.87463,0.0],[113.60881,-7.86045,0.0],[113.60934,-7.85311,0.0],[113.60292,-7.84307,0.0],[113.61173,-7.82405,0.0],[113.59215,-7.80541,0.0],[113.60609,-7.79894,0.0],[113.60071,-7.7753,0.0],[113.59049,-7.76354,0.0],[113.57639,-7.7562,0.0],[113.57256,-7.74207,0.0],[113.57867,-7.72655,0.0],[113.58828,-7.72653,0.0],[113.5907,-7.71661,0.0],[113.59658,-7.71717,0.0],[113.59767,-7.71509,0.0],[113.58304,-7.71159,0.0],[113.577,-7.70678,0.0],[113.57518,-7.71028,0.0],[113.56329,-7.71139,0.0],[113.56398,-7.714,0.0],[113.54542,-7.7135,0.0],[113.52804,-7.70935,0.0],[113.52688,-7.70862,0.0],[113.52708,-7.70585,0.0],[113.52548,-7.7036,0.0],[113.52552,-7.70738,0.0],[113.52315,-7.70608,0.0],[113.52474,-7.70448,0.0],[113.52503,-7.70366,0.0],[113.52251,-7.70655,0.0],[113.49108,-7.69815,0.0]]],[[[113.26157,-7.67631,0.0],[113.25006,-7.6774,0.0],[113.24277,-7.68037,0.0],[113.2578,-7.68086,0.0],[113.26157,-7.67631,0.0]]]]}}]}