{
"type": "FeatureCollection",
"name": "welang_subdas",
"crs": { "type": "name", "properties": { "name": "urn:ogc:def:crs:OGC:1.3:CRS84" } },
"features": [
{ "type": "Feature", "properties": { "station": "AWLR Kademungan", "station_confidence": "Tinggi", "subbasin_id": "9", "upstream_area_km2": 238.42, "inside_big_basin": true }, "geometry": { "type": "Polygon", "coordinates": [ [ [ 112.790691711393379, -7.759612090374667 ], [ 112.792196295324089, -7.760205019274923 ], [ 112.792207720506298, -7.762901668493225 ], [ 112.791609436394637, -7.763503456359952 ], [ 112.787710411749231, -7.765018039116656 ], [ 112.787101986833463, -7.763222794825113 ], [ 112.784398273261445, -7.763234151665178 ], [ 112.785293187932567, -7.761732223894806 ], [ 112.786196953181744, -7.762327696364255 ], [ 112.788299835290061, -7.76231885688185 ], [ 112.790691711393379, -7.759612090374667 ] ] ] } },
{ "type": "Feature", "properties": { "station": "Bd Guyangan", "station_confidence": "Sedang-Tinggi", "subbasin_id": "2", "upstream_area_km2": 102.7, "inside_big_basin": true }, "geometry": { "type": "MultiPolygon", "coordinates": [ [ [ [ 112.83105777481056, -7.645581758696262 ], [ 112.8325683352368, -7.647672742121004 ], [ 112.834073791233564, -7.648565227447691 ], [ 112.834078911550819, -7.649763716572919 ], [ 112.836185027636049, -7.650653636869273 ], [ 112.835891111361704, -7.652153025291676 ], [ 112.834990133245086, -7.652156860892911 ], [ 112.83499910307755, -7.654254215386636 ], [ 112.833796511612931, -7.653959705753923 ], [ 112.834406135737979, -7.656054504978418 ], [ 112.835910344956844, -7.656647353808838 ], [ 112.836220938383278, -7.659043048499394 ], [ 112.836822883431793, -7.659340109318014 ], [ 112.836232489730378, -7.661739644367271 ], [ 112.835634391092967, -7.662341448983927 ], [ 112.834431775593686, -7.662046946709927 ], [ 112.834135289564173, -7.662947092338741 ], [ 112.835043990209471, -7.664740984643788 ], [ 112.832945490519947, -7.665648808693355 ], [ 112.83264900042748, -7.666548954484312 ], [ 112.828137552021929, -7.66507000032876 ], [ 112.827841051145214, -7.66597014512021 ], [ 112.824237003496194, -7.665985436361799 ], [ 112.823341092510816, -7.66718774983987 ], [ 112.821541608783875, -7.667794629863026 ], [ 112.82034661981892, -7.669297835508917 ], [ 112.820962596227034, -7.672890783568815 ], [ 112.819766320523968, -7.674094366749654 ], [ 112.819473621813685, -7.675893384125693 ], [ 112.817674095067986, -7.676500257602234 ], [ 112.81767791496749, -7.677399131545313 ], [ 112.815578030594494, -7.678007268591253 ], [ 112.815888557447394, -7.680402998863433 ], [ 112.814689704202621, -7.681007325607876 ], [ 112.81410044987669, -7.683706489359118 ], [ 112.812307234386722, -7.685811476734451 ], [ 112.811715422700246, -7.687911390730973 ], [ 112.810818168383136, -7.688814070300887 ], [ 112.810823250716339, -7.69001257277002 ], [ 112.808728368567515, -7.691819196440675 ], [ 112.808734716791761, -7.693317326044729 ], [ 112.807239263390471, -7.694821787517284 ], [ 112.806037820155083, -7.694826849317752 ], [ 112.806647422988817, -7.696921702389867 ], [ 112.805148146748152, -7.697527281660371 ], [ 112.804543618350337, -7.696630931276858 ], [ 112.802741442863692, -7.696638513162447 ], [ 112.800949386012348, -7.69904310459322 ], [ 112.799147196757957, -7.699050673731103 ], [ 112.796456532982276, -7.702058291686071 ], [ 112.796767004698637, -7.704454054123693 ], [ 112.793772138916182, -7.706564042153935 ], [ 112.792889943235352, -7.71106224100561 ], [ 112.791087695166382, -7.711069787952699 ], [ 112.790789840638226, -7.711670302292791 ], [ 112.791401938908919, -7.714364444239045 ], [ 112.790804966835026, -7.715265845439331 ], [ 112.788110377929954, -7.717374558960687 ], [ 112.784804940510796, -7.717088734039551 ], [ 112.783300527749262, -7.716495740624562 ], [ 112.782092733743283, -7.715002599393017 ], [ 112.780891217005163, -7.715007603767583 ], [ 112.780595852447647, -7.716207375295039 ], [ 112.779695964861986, -7.716510756697739 ], [ 112.772190179673487, -7.717440837502686 ], [ 112.77159814950015, -7.719540748669585 ], [ 112.770400354769905, -7.720444622007407 ], [ 112.77040534438666, -7.721643149314936 ], [ 112.769206294667711, -7.722247389138577 ], [ 112.769512916419444, -7.723744305130163 ], [ 112.76771557583865, -7.724950294699076 ], [ 112.76862172852303, -7.726145092930074 ], [ 112.767130997468755, -7.728847999916619 ], [ 112.767135983360362, -7.730046528879785 ], [ 112.766536445125638, -7.730348647622746 ], [ 112.762329702519722, -7.730066396561456 ], [ 112.759932765416735, -7.731574477081157 ], [ 112.758130398092689, -7.73158190485205 ], [ 112.757527128592031, -7.730985111545191 ], [ 112.756629663397845, -7.731887722764049 ], [ 112.751524174389417, -7.732208344438336 ], [ 112.749729204961611, -7.734013547330524 ], [ 112.74702562294631, -7.734024624997917 ], [ 112.745532256235435, -7.736128221408535 ], [ 112.745538418439907, -7.737626399522238 ], [ 112.744637215185691, -7.737630086841382 ], [ 112.743740937052905, -7.738832315825989 ], [ 112.741340177940472, -7.739441408372613 ], [ 112.738635321264113, -7.739152803897252 ], [ 112.738332462690053, -7.738554755098654 ], [ 112.737734111445803, -7.739156477354595 ], [ 112.735631286823207, -7.739165041357183 ], [ 112.735335785921421, -7.740364812796625 ], [ 112.735937821243255, -7.740662004142344 ], [ 112.735941500283616, -7.741560915437633 ], [ 112.734742329793335, -7.742165081439206 ], [ 112.732336632740285, -7.741575579619518 ], [ 112.731440308108134, -7.742777792110494 ], [ 112.729341124575271, -7.743685243411777 ], [ 112.727837863486073, -7.743391697245555 ], [ 112.726042734236728, -7.745196832377272 ], [ 112.721236176190445, -7.745216275347203 ], [ 112.718544631317499, -7.74822358603707 ], [ 112.715541713754263, -7.748535336323966 ], [ 112.713152944566303, -7.75214069648621 ], [ 112.710749611399109, -7.752150360662608 ], [ 112.70984594143377, -7.751554699077135 ], [ 112.706849018974097, -7.753364602195998 ], [ 112.699641370976892, -7.753992737171212 ], [ 112.692729305237421, -7.753420985002517 ], [ 112.691831634894228, -7.754323499621988 ], [ 112.690029105964129, -7.754330660782176 ], [ 112.689431849505937, -7.755231978821697 ], [ 112.687630508921728, -7.755538775151596 ], [ 112.685833937508662, -7.757044143456164 ], [ 112.684031391401362, -7.757051281710394 ], [ 112.683733350887039, -7.757651760825659 ], [ 112.677724842088864, -7.757675497533865 ], [ 112.677127552505553, -7.758576804792466 ], [ 112.674725323672675, -7.758885919906501 ], [ 112.674427267811311, -7.759486395550919 ], [ 112.672323088466612, -7.759195022191525 ], [ 112.672025028709754, -7.75979549691666 ], [ 112.670222458077035, -7.759802579180245 ], [ 112.669025471628586, -7.761005885637994 ], [ 112.655205659554426, -7.761059898915055 ], [ 112.652502942196747, -7.761370064065593 ], [ 112.651905587763778, -7.76227134823587 ], [ 112.6470986516333, -7.762289995907228 ], [ 112.641990105786718, -7.76201009819427 ], [ 112.640784880860821, -7.761115782304981 ], [ 112.638381407361749, -7.761125048712247 ], [ 112.637173871956392, -7.759631416150843 ], [ 112.634169534710168, -7.759642969340486 ], [ 112.632670833185188, -7.7605476964358 ], [ 112.630567788298521, -7.76055576458229 ], [ 112.628174685932862, -7.763261853787963 ], [ 112.621860893844953, -7.76208735117284 ], [ 112.61164599123137, -7.762126190089123 ], [ 112.610446516298595, -7.762730055448321 ], [ 112.607141676933438, -7.762742560142895 ], [ 112.604734743477508, -7.76185266752639 ], [ 112.600829020753082, -7.761867388936934 ], [ 112.598427759960217, -7.76247574619645 ], [ 112.599623859154576, -7.760972938275137 ], [ 112.601722400748372, -7.759766393033428 ], [ 112.605623554416269, -7.758553039965536 ], [ 112.609516703823815, -7.755242061385277 ], [ 112.615824675045829, -7.754918498856834 ], [ 112.618224704761388, -7.754010402001368 ], [ 112.631145562060226, -7.75456039887781 ], [ 112.632940057725449, -7.752455916745812 ], [ 112.635338860896979, -7.751248081208037 ], [ 112.642549115364815, -7.751220327988236 ], [ 112.645843329977069, -7.748510708228279 ], [ 112.653948921737239, -7.746981039370236 ], [ 112.655144758930533, -7.745478124272208 ], [ 112.656946111277492, -7.745171469408567 ], [ 112.659342435283705, -7.743364223226211 ], [ 112.660544109282185, -7.74335954316738 ], [ 112.663234947001712, -7.740052867769651 ], [ 112.665928097177243, -7.737345480003524 ], [ 112.666829336935223, -7.737341959075982 ], [ 112.669521267379309, -7.734334909237393 ], [ 112.671923370934806, -7.734025852050101 ], [ 112.674017970635603, -7.731920079163269 ], [ 112.674908560594915, -7.729219722320041 ], [ 112.676708631652062, -7.728613354899184 ], [ 112.678801997927366, -7.726207922546426 ], [ 112.682102875342736, -7.725295984783219 ], [ 112.686909306195275, -7.725277031674866 ], [ 112.68690454956635, -7.724078451514687 ], [ 112.693489488741179, -7.71805942556748 ], [ 112.698596204091828, -7.718039168883995 ], [ 112.698898991907683, -7.718637261943561 ], [ 112.702202134929252, -7.718324476118435 ], [ 112.702806521631047, -7.719221011760255 ], [ 112.707314843508541, -7.719802324392645 ], [ 112.707617644035636, -7.720400408277724 ], [ 112.708214823385006, -7.719499082385859 ], [ 112.711519155961966, -7.719485865861067 ], [ 112.71360984082321, -7.716481032458492 ], [ 112.715410978960676, -7.716174165975499 ], [ 112.716003303114789, -7.714074271426091 ], [ 112.718098769588607, -7.712267989539357 ], [ 112.71839190162261, -7.710468941477639 ], [ 112.719893831805109, -7.710462908403265 ], [ 112.721392127389947, -7.709557950532045 ], [ 112.72408467614828, -7.706850314556515 ], [ 112.724972482311713, -7.70355065227572 ], [ 112.727066645320448, -7.701444706390665 ], [ 112.730369588959945, -7.701131736702915 ], [ 112.731864175135257, -7.699327839005384 ], [ 112.733065679409123, -7.699322982138243 ], [ 112.733363619775147, -7.698722491201712 ], [ 112.737567651326316, -7.698405826636952 ], [ 112.738764263803532, -7.697202405356114 ], [ 112.740566504321734, -7.69719509179318 ], [ 112.740562836878524, -7.696296180854651 ], [ 112.738759379034164, -7.696003856277274 ], [ 112.73875693694329, -7.695404581711601 ], [ 112.741457839994567, -7.694794337403408 ], [ 112.742054913350373, -7.693892987052513 ], [ 112.745061068444443, -7.694480048337006 ], [ 112.747460351340365, -7.693571355656989 ], [ 112.748363914946978, -7.694166954808985 ], [ 112.749562937438952, -7.6935627838125 ], [ 112.751054950049266, -7.691159571908695 ], [ 112.757063520137464, -7.69143464533523 ], [ 112.757658085656772, -7.689934012940275 ], [ 112.760958395316052, -7.689021564709265 ], [ 112.761854543488624, -7.687819331470434 ], [ 112.763358833240972, -7.688412430831733 ], [ 112.765452706939058, -7.686306355132894 ], [ 112.768155959278189, -7.686295229376782 ], [ 112.769354921589667, -7.685691014167233 ], [ 112.771447506758008, -7.683285286527742 ], [ 112.774452333306158, -7.683572518132565 ], [ 112.776250745735652, -7.682666173508528 ], [ 112.77985502943713, -7.682651251781049 ], [ 112.78165966670889, -7.683243040630883 ], [ 112.782558237477673, -7.682640040660562 ], [ 112.782862343464544, -7.683537684898005 ], [ 112.783463056971883, -7.683535190515498 ], [ 112.784060017965942, -7.682633804917796 ], [ 112.785863404876196, -7.682925944937779 ], [ 112.786761967116178, -7.682322937673746 ], [ 112.786455350773295, -7.680826038315113 ], [ 112.787352655578502, -7.67992340133668 ], [ 112.788253715932129, -7.679919651782631 ], [ 112.789461399797347, -7.681412795805769 ], [ 112.790662816295551, -7.681407789121359 ], [ 112.790353679113096, -7.679311637203373 ], [ 112.791556344542954, -7.679606258330173 ], [ 112.793352176385568, -7.678100596733281 ], [ 112.794853932040823, -7.678094326942452 ], [ 112.795458407960481, -7.678990702501627 ], [ 112.796359462335374, -7.67898693640741 ], [ 112.798458140456333, -7.678079258059782 ], [ 112.801461641899323, -7.678066677595827 ], [ 112.801454070026352, -7.676268913546203 ], [ 112.800547979528176, -7.675074178942101 ], [ 112.801744323960449, -7.673870636064951 ], [ 112.80144145429604, -7.673272639780392 ], [ 112.799939721014894, -7.673278928658356 ], [ 112.79902608657801, -7.670286421294408 ], [ 112.799017273889945, -7.668189026310918 ], [ 112.800516470532344, -7.667583489544318 ], [ 112.80051143203336, -7.666384978987282 ], [ 112.80351989492398, -7.667570911806759 ], [ 112.804120579193224, -7.667568393746929 ], [ 112.8044171341175, -7.66666825343127 ], [ 112.806523314237737, -7.667558313133251 ], [ 112.808625704731483, -7.667549481604991 ], [ 112.810422685542747, -7.666343399577118 ], [ 112.810113482926624, -7.664247280422805 ], [ 112.811613909177126, -7.663941337584643 ], [ 112.811602509334861, -7.66124470485479 ], [ 112.812198115097715, -7.660043674440194 ], [ 112.814000126972971, -7.660036088823966 ], [ 112.814603333915755, -7.660632809394831 ], [ 112.815501802131323, -7.660029761725573 ], [ 112.821511036345925, -7.660603649521224 ], [ 112.821507216868142, -7.659704776801519 ], [ 112.82240439674564, -7.658802093328318 ], [ 112.82420894288019, -7.65939371385909 ], [ 112.825401345431331, -7.657291259273308 ], [ 112.825396244257107, -7.656092764728866 ], [ 112.824491429106004, -7.655197708949537 ], [ 112.827193120880438, -7.654886634423921 ], [ 112.827184188445614, -7.652789270796997 ], [ 112.829880749049451, -7.651279691594738 ], [ 112.830468624971772, -7.648280913350577 ], [ 112.829566375474755, -7.647985112646396 ], [ 112.829260945650404, -7.646787893830988 ], [ 112.829544678448059, -7.64289152004991 ], [ 112.831046280590058, -7.642885152966356 ], [ 112.83105777481056, -7.645581758696262 ] ] ], [ [ [ 112.737864363565805, -7.697505696702493 ], [ 112.737565210137873, -7.697806551757534 ], [ 112.737563989617058, -7.697506914311253 ], [ 112.737864363565805, -7.697505696702493 ] ] ] ] } },
{ "type": "Feature", "properties": { "station": "Bd. Bakalan", "station_confidence": "Sedang-Rendah", "subbasin_id": "8", "upstream_area_km2": 47.3, "inside_big_basin": true }, "geometry": { "type": "Polygon", "coordinates": [ [ [ 112.766581340539219, -7.741135408477898 ], [ 112.766889230716785, -7.742931956200826 ], [ 112.768697887184857, -7.744422639507905 ], [ 112.769599093181697, -7.744418898104653 ], [ 112.769895742693379, -7.743518755782529 ], [ 112.773200153295022, -7.743505020305363 ], [ 112.773506820909788, -7.745001925342455 ], [ 112.772909776908747, -7.745903318749593 ], [ 112.771106109453598, -7.745611183712104 ], [ 112.770507807396172, -7.746212943622161 ], [ 112.769917012157407, -7.748612492258368 ], [ 112.770226180665148, -7.750708663995477 ], [ 112.766627550267145, -7.752221795635838 ], [ 112.766934209026459, -7.753718708646196 ], [ 112.764838838898527, -7.755525226442163 ], [ 112.76484258644011, -7.756424123165562 ], [ 112.762141378330512, -7.757034594064516 ], [ 112.760649289939579, -7.759437875561972 ], [ 112.758844313966236, -7.758846066628848 ], [ 112.757350955444934, -7.760949708608935 ], [ 112.754345554065594, -7.760662478614496 ], [ 112.754050107722918, -7.76186225343573 ], [ 112.750445102345367, -7.761877109304896 ], [ 112.748952927338763, -7.764280367898687 ], [ 112.745349128248691, -7.764594820416752 ], [ 112.741458473697477, -7.768206468959503 ], [ 112.741162988274283, -7.769406243722435 ], [ 112.737559125773075, -7.769720641044972 ], [ 112.73576888507607, -7.772724377353596 ], [ 112.733065035819493, -7.772735421241587 ], [ 112.731567809284471, -7.773940098676023 ], [ 112.727063819369704, -7.77455772997471 ], [ 112.726765839677924, -7.775158228220626 ], [ 112.720462890218101, -7.776682040125312 ], [ 112.72016489927735, -7.77728253606295 ], [ 112.714156225562547, -7.777306848107328 ], [ 112.712959352252525, -7.778510261214342 ], [ 112.711157954876768, -7.778817174789843 ], [ 112.707568486100442, -7.782727031976925 ], [ 112.706068713884562, -7.783332360050712 ], [ 112.705473892317173, -7.784832983556399 ], [ 112.70307883489204, -7.786940136341334 ], [ 112.700676499851298, -7.787249428530843 ], [ 112.697979749084396, -7.789058123684549 ], [ 112.694075163318203, -7.789373398568339 ], [ 112.692876989932955, -7.790277130920818 ], [ 112.690474616383185, -7.79058637090552 ], [ 112.682062072205809, -7.790619852431917 ], [ 112.681165507753704, -7.791822009820658 ], [ 112.678761908901208, -7.791831541702229 ], [ 112.6775660738178, -7.793334530189139 ], [ 112.674258724994971, -7.792748315396125 ], [ 112.672749330052241, -7.79095637294354 ], [ 112.670946627100619, -7.790963486542397 ], [ 112.670349289094389, -7.791864796011543 ], [ 112.668546580040797, -7.791871900224047 ], [ 112.668248501184308, -7.792472377452228 ], [ 112.662538719972773, -7.7921951734346 ], [ 112.661934268705338, -7.791298587558352 ], [ 112.658028385421318, -7.791313891662923 ], [ 112.655630648116329, -7.792821536182867 ], [ 112.651725912994181, -7.793136434625628 ], [ 112.65052878831699, -7.794339718155249 ], [ 112.634903842019909, -7.794100669737766 ], [ 112.633406197718116, -7.795305075312895 ], [ 112.623190550065928, -7.795344357802079 ], [ 112.617462225846069, -7.790272073917771 ], [ 112.61685441254572, -7.788476438782915 ], [ 112.614141119492103, -7.786089504818186 ], [ 112.613533329066968, -7.784293860442297 ], [ 112.611724876131277, -7.782802438275415 ], [ 112.611419844241823, -7.781604957263695 ], [ 112.606293890082156, -7.776829826713612 ], [ 112.605085253823944, -7.775036433117442 ], [ 112.60477569603826, -7.77264031479069 ], [ 112.598140907929434, -7.766072770135989 ], [ 112.596338243802407, -7.766079544798285 ], [ 112.595131944845136, -7.764885423765098 ], [ 112.593629726857003, -7.764891058358747 ], [ 112.596629636202579, -7.763681151447576 ], [ 112.597826877292192, -7.76247800463163 ], [ 112.600829020753082, -7.761867388936934 ], [ 112.604734743477508, -7.761852667526374 ], [ 112.607141676933438, -7.762742560142881 ], [ 112.610446516298595, -7.762730055448321 ], [ 112.61164599123137, -7.762126190089123 ], [ 112.621860893844953, -7.762087351172823 ], [ 112.626370908284429, -7.762969099605702 ], [ 112.629682646220743, -7.764754364392113 ], [ 112.633906150111471, -7.769233005818892 ], [ 112.638710873334929, -7.768615187241291 ], [ 112.649226232483613, -7.768574499411399 ], [ 112.649830617787032, -7.769471116849358 ], [ 112.655543638110785, -7.770647506521486 ], [ 112.656741867271549, -7.769743873716804 ], [ 112.661547686432385, -7.769425450851766 ], [ 112.668151369921574, -7.767901311562212 ], [ 112.675361787971013, -7.767872942436046 ], [ 112.680454858517308, -7.764257028205002 ], [ 112.682855913493071, -7.763648230034482 ], [ 112.691267916922186, -7.763614847971432 ], [ 112.692164405367237, -7.762412686716606 ], [ 112.693966966714228, -7.762405509091117 ], [ 112.694863444430609, -7.761203344283996 ], [ 112.699666638948344, -7.760285231806176 ], [ 112.702359607243878, -7.757577638381878 ], [ 112.705959837187009, -7.756364631553388 ], [ 112.706856266242227, -7.75516245128764 ], [ 112.70835594550914, -7.754557141630425 ], [ 112.709257202060726, -7.754553523102217 ], [ 112.709861669886692, -7.755450032789524 ], [ 112.714067535627251, -7.755433113205016 ], [ 112.714665945730161, -7.75483141218315 ], [ 112.717971758005703, -7.755117725235237 ], [ 112.718269743696482, -7.754517232977404 ], [ 112.720972279817587, -7.754206669478882 ], [ 112.7212702604307, -7.753606176168226 ], [ 112.723677247775029, -7.754495367404637 ], [ 112.725771613843932, -7.752389375798467 ], [ 112.727874515063093, -7.752380845945006 ], [ 112.728772088672599, -7.751478272854832 ], [ 112.729973742309298, -7.751473392026505 ], [ 112.729675776224738, -7.752073888444303 ], [ 112.733579924898137, -7.751758366544881 ], [ 112.733877884714929, -7.75115786865638 ], [ 112.736882006920737, -7.7511456247226 ], [ 112.739583251754979, -7.750535314321879 ], [ 112.741080381106499, -7.749330630757716 ], [ 112.745585291375534, -7.749012549594875 ], [ 112.746183639796541, -7.748410815958482 ], [ 112.746785691995683, -7.748707987632244 ], [ 112.746487753451092, -7.749308490178842 ], [ 112.748889788142165, -7.748998992998499 ], [ 112.750694714589727, -7.749590856938342 ], [ 112.751293054773299, -7.748989117571516 ], [ 112.751281910594301, -7.7462924066422 ], [ 112.752180651825341, -7.745689432316608 ], [ 112.752173221368352, -7.743891625649737 ], [ 112.754276050802659, -7.743882974853671 ], [ 112.755771866934111, -7.742378619929705 ], [ 112.757874684794373, -7.742369953065343 ], [ 112.759082508981521, -7.743863162691421 ], [ 112.763286903399219, -7.743546149971931 ], [ 112.764183123801971, -7.742343890307167 ], [ 112.765084327586862, -7.742340159444021 ], [ 112.766581340539219, -7.741135408477898 ] ], [ [ 112.729675776224738, -7.752073888444303 ], [ 112.729376585901989, -7.752374746840399 ], [ 112.729676999923612, -7.752373526384289 ], [ 112.729675776224738, -7.752073888444303 ] ], [ [ 112.746488988594251, -7.749608125472358 ], [ 112.746188579225205, -7.749609357351688 ], [ 112.745889404574939, -7.749910224404828 ], [ 112.746488988594251, -7.749608125472358 ] ], [ [ 112.745889404574939, -7.749910224404828 ], [ 112.745889404574925, -7.749910224404845 ], [ 112.745889404574939, -7.749910224404845 ], [ 112.745889404574939, -7.749910224404828 ] ], [ [ 112.745889404574925, -7.749910224404845 ], [ 112.745590229500252, -7.750211091338302 ], [ 112.745890639392101, -7.75020985978592 ], [ 112.745889404574925, -7.749910224404845 ] ] ] } },
{ "type": "Feature", "properties": { "station": "Bd. Baong", "station_confidence": "Sedang", "subbasin_id": "10", "upstream_area_km2": 238.19, "inside_big_basin": true }, "geometry": { "type": "MultiPolygon", "coordinates": [ [ [ [ 112.782292856755888, -7.762643714293053 ], [ 112.782897471583723, -7.763540082794031 ], [ 112.787101986833463, -7.763222794825094 ], [ 112.787705344726859, -7.763819525557053 ], [ 112.787711678630785, -7.765317667495498 ], [ 112.786215938948658, -7.766822125878101 ], [ 112.786221003732663, -7.768020640247227 ], [ 112.788330253676534, -7.769509935340533 ], [ 112.788634475285704, -7.770407555005108 ], [ 112.790136560878196, -7.770401227003251 ], [ 112.791042892446555, -7.771595938653486 ], [ 112.791050515188118, -7.773393705017516 ], [ 112.794670820771628, -7.776974007716785 ], [ 112.794385686148246, -7.780570803096393 ], [ 112.794987807709816, -7.780867888062915 ], [ 112.794994181542577, -7.782366022808207 ], [ 112.797709495153953, -7.785051208878837 ], [ 112.801317165219999, -7.785635158870966 ], [ 112.801328686614923, -7.788331791315443 ], [ 112.800731670811629, -7.789233222520066 ], [ 112.80109874483766, -7.804812483592685 ], [ 112.800202555220196, -7.806014824103926 ], [ 112.800234634189451, -7.813505466316481 ], [ 112.801744573884832, -7.815296814437348 ], [ 112.801753571304232, -7.817394191832131 ], [ 112.803867007894311, -7.819782212277818 ], [ 112.802983677858094, -7.823980813848912 ], [ 112.805699360459784, -7.826665870699141 ], [ 112.806012718526901, -7.829660828962467 ], [ 112.808727168235876, -7.83204622884005 ], [ 112.808738806817217, -7.83474284431951 ], [ 112.809645362699968, -7.835937468989598 ], [ 112.809356550545473, -7.838635373589717 ], [ 112.810562286532857, -7.839529079014174 ], [ 112.810567468979457, -7.840727573182366 ], [ 112.811170988911968, -7.841324235431229 ], [ 112.81327423671263, -7.841315181855713 ], [ 112.814783049788218, -7.842806822654278 ], [ 112.814789545819536, -7.844304936605488 ], [ 112.815696142968051, -7.845499539053263 ], [ 112.815110810815639, -7.849097603900683 ], [ 112.816924039229193, -7.851486798522769 ], [ 112.816929247910466, -7.852685287770689 ], [ 112.821154120721786, -7.856861788414287 ], [ 112.821159345144238, -7.858060274528301 ], [ 112.820260532642934, -7.858663424395108 ], [ 112.8208889220451, -7.8649528718421 ], [ 112.823000130327358, -7.866741469095539 ], [ 112.82931152167393, -7.867013631556235 ], [ 112.830825752769798, -7.869703657591374 ], [ 112.829331230986298, -7.871507931424306 ], [ 112.82933780333714, -7.873006031155992 ], [ 112.828141122759831, -7.874209753225841 ], [ 112.827848521075566, -7.876008784215894 ], [ 112.828752609201103, -7.876604092474712 ], [ 112.829370684442821, -7.880496528130874 ], [ 112.831186793587875, -7.883484846738376 ], [ 112.831192064805137, -7.884683324601599 ], [ 112.836025045235402, -7.89035502522513 ], [ 112.836959621883636, -7.897841527617866 ], [ 112.836063415088859, -7.899043961617522 ], [ 112.836087252773098, -7.904437092645667 ], [ 112.838500581441693, -7.906523844265167 ], [ 112.839136122019312, -7.914311259489502 ], [ 112.837017940875924, -7.911024728320801 ], [ 112.836705495709211, -7.90832948732093 ], [ 112.835498163043965, -7.907136299835237 ], [ 112.833695117203604, -7.907144221321246 ], [ 112.832184643915923, -7.905353102734285 ], [ 112.830381602458829, -7.905361008146646 ], [ 112.829776627289249, -7.904464783339764 ], [ 112.829767386909268, -7.902367447342427 ], [ 112.828861914228682, -7.901472535516671 ], [ 112.821623523978204, -7.895511620540312 ], [ 112.818613264915967, -7.894326214077847 ], [ 112.817104212601905, -7.892834636141496 ], [ 112.816793242577219, -7.890438967186201 ], [ 112.814681910294823, -7.88865036186948 ], [ 112.813168978256428, -7.886259894140713 ], [ 112.810153591457905, -7.883875913708568 ], [ 112.809542185485412, -7.881481526141544 ], [ 112.808638103131997, -7.880886172694154 ], [ 112.808632899355729, -7.879687679526826 ], [ 112.80772622225291, -7.878493075962283 ], [ 112.807715823960649, -7.876096088070843 ], [ 112.801689184960665, -7.872226842883387 ], [ 112.801682712560762, -7.870728720032609 ], [ 112.798668797209558, -7.868644240012397 ], [ 112.797758302257591, -7.866550726549872 ], [ 112.796552494104603, -7.865656996942768 ], [ 112.795930902026939, -7.860865558608072 ], [ 112.796219785572731, -7.858167642795222 ], [ 112.794712242604334, -7.856975559865958 ], [ 112.794405330833627, -7.855478713226204 ], [ 112.795301613341238, -7.854276359957217 ], [ 112.795295178772562, -7.852778230551388 ], [ 112.796490640813744, -7.851274967706265 ], [ 112.795580213379282, -7.84918143685824 ], [ 112.79677824096494, -7.848277426946723 ], [ 112.796767945766931, -7.84588042111185 ], [ 112.79616186137244, -7.844684483427034 ], [ 112.792543396713938, -7.841703592659234 ], [ 112.792534417086472, -7.839606207027472 ], [ 112.790424748773162, -7.838117020627083 ], [ 112.790722651969006, -7.837516489506708 ], [ 112.787706493812379, -7.834832606544648 ], [ 112.787696268346082, -7.832435587231374 ], [ 112.784678893285289, -7.829452041395665 ], [ 112.784062677897637, -7.825859047433942 ], [ 112.781951837873549, -7.824070166801814 ], [ 112.781643748422425, -7.822273664355501 ], [ 112.779835932805938, -7.82108275591789 ], [ 112.778920602720476, -7.817790636387071 ], [ 112.776812362292191, -7.816600974201556 ], [ 112.776201322148623, -7.814206465603556 ], [ 112.77288372181539, -7.811224047808017 ], [ 112.772878666531341, -7.81002552715042 ], [ 112.770165800583811, -7.807939446637451 ], [ 112.768662304525904, -7.807646103176557 ], [ 112.76715125505379, -7.80555496696357 ], [ 112.767128602747434, -7.800161605220364 ], [ 112.765923063264324, -7.799267727641413 ], [ 112.76561508184443, -7.797471192045728 ], [ 112.763505724240432, -7.795981799213696 ], [ 112.763197758303079, -7.794185258748684 ], [ 112.759577478116228, -7.790604662973186 ], [ 112.75807529564868, -7.790610899005556 ], [ 112.75627891936449, -7.792116540867255 ], [ 112.749666783321956, -7.791544625075126 ], [ 112.749368832713216, -7.792145134300066 ], [ 112.748467515137648, -7.792148855578083 ], [ 112.746077661451764, -7.795454751725999 ], [ 112.742780236818632, -7.797266178493316 ], [ 112.742785198086224, -7.798464719319704 ], [ 112.741587137860975, -7.799368572058434 ], [ 112.742498398567008, -7.801761943722642 ], [ 112.741600777620945, -7.802664560935261 ], [ 112.739796850568169, -7.802372342844792 ], [ 112.738587630876438, -7.80057946845273 ], [ 112.736782475922581, -7.799987598916124 ], [ 112.736184054379194, -7.800589337050148 ], [ 112.731976554930355, -7.80030693738827 ], [ 112.728980692577338, -7.802416685168895 ], [ 112.726275413917136, -7.802128089818162 ], [ 112.725977422130271, -7.802728591282676 ], [ 112.724174718776766, -7.802735942315635 ], [ 112.723876723424738, -7.803336443032356 ], [ 112.717564791523174, -7.802762830458851 ], [ 112.716966333428275, -7.803364548195098 ], [ 112.711858637402088, -7.803385249105093 ], [ 112.711560622305228, -7.80398574504769 ], [ 112.707351835206637, -7.803403463457092 ], [ 112.703450784407934, -7.804617775827341 ], [ 112.701047140303373, -7.804627449873112 ], [ 112.700150617533382, -7.805829641511485 ], [ 112.696247093343416, -7.806444611744364 ], [ 112.695949052337994, -7.807045101873027 ], [ 112.693244926337115, -7.807055939614093 ], [ 112.691735400659852, -7.80526409424943 ], [ 112.687827042980842, -7.80468041323028 ], [ 112.687524181113474, -7.804082324497924 ], [ 112.686020692505849, -7.803788671349503 ], [ 112.677006947623354, -7.803824503524742 ], [ 112.675806305362698, -7.804128912292786 ], [ 112.675808692725226, -7.804728203561292 ], [ 112.674306393616874, -7.804734153367139 ], [ 112.674008318639594, -7.805334634494307 ], [ 112.671304172998674, -7.805345329624934 ], [ 112.668590515512179, -7.802958833513242 ], [ 112.661679933378736, -7.802986034451617 ], [ 112.660170536489858, -7.80119404439623 ], [ 112.651755297778195, -7.800627670138353 ], [ 112.650850390388996, -7.799732239049735 ], [ 112.641537277818614, -7.800068120295211 ], [ 112.640934018211652, -7.799471148765258 ], [ 112.634924783365278, -7.799494405067523 ], [ 112.634621994012079, -7.798896261699996 ], [ 112.631915512646415, -7.798307391725703 ], [ 112.630707862374678, -7.796813760601189 ], [ 112.625299558271777, -7.79683455742399 ], [ 112.623191704938478, -7.795644011538274 ], [ 112.633406197718116, -7.795305075312895 ], [ 112.634903842019909, -7.794100669737766 ], [ 112.65052878831699, -7.794339718155249 ], [ 112.651725912994181, -7.793136434625628 ], [ 112.655630648116329, -7.792821536182867 ], [ 112.658028385421318, -7.791313891662923 ], [ 112.661934268705338, -7.791298587558332 ], [ 112.662538719972773, -7.792195173434581 ], [ 112.668248501184308, -7.792472377452228 ], [ 112.668546580040797, -7.791871900224047 ], [ 112.670349289094389, -7.791864796011543 ], [ 112.670946627100619, -7.790963486542397 ], [ 112.672749330052241, -7.790956372943524 ], [ 112.674258724994971, -7.792748315396111 ], [ 112.6775660738178, -7.793334530189139 ], [ 112.678761908901208, -7.791831541702229 ], [ 112.681165507753704, -7.791822009820658 ], [ 112.682062072205809, -7.790619852431917 ], [ 112.692876989932955, -7.790277130920818 ], [ 112.694075163318203, -7.789373398568339 ], [ 112.697979749084396, -7.789058123684549 ], [ 112.700676499851298, -7.787249428530843 ], [ 112.70307883489204, -7.786940136341334 ], [ 112.705473892317173, -7.784832983556399 ], [ 112.706068713884562, -7.783332360050712 ], [ 112.707568486100442, -7.782727031976925 ], [ 112.711157954876768, -7.778817174789843 ], [ 112.712959352252525, -7.778510261214342 ], [ 112.714156225562547, -7.777306848107328 ], [ 112.72016489927735, -7.77728253606295 ], [ 112.720462890218101, -7.776682040125312 ], [ 112.726765839677924, -7.775158228220626 ], [ 112.72706381936969, -7.77455772997471 ], [ 112.731567809284471, -7.773940098676023 ], [ 112.733065035819493, -7.772735421241587 ], [ 112.73576888507607, -7.772724377353596 ], [ 112.736966898366134, -7.771820553948892 ], [ 112.740270354136058, -7.771507388775744 ], [ 112.742980366798889, -7.772994478444488 ], [ 112.747784705070643, -7.772375450597798 ], [ 112.755001122990578, -7.77384388148473 ], [ 112.755297812382906, -7.772943738925591 ], [ 112.757999136699468, -7.772333286987579 ], [ 112.758891675105929, -7.770232123967729 ], [ 112.763095077540953, -7.769615422347624 ], [ 112.763399249739336, -7.770513072187443 ], [ 112.765203029368763, -7.770805216880807 ], [ 112.767896791055833, -7.768396918769708 ], [ 112.76940014095986, -7.768690297014027 ], [ 112.769696796242613, -7.767790151873045 ], [ 112.770898469798951, -7.767785145132358 ], [ 112.771503073975637, -7.768681533449261 ], [ 112.772706005736552, -7.768976151812542 ], [ 112.77270223533624, -7.768077259452549 ], [ 112.773902650195069, -7.767772613430665 ], [ 112.774798871083291, -7.766570327927817 ], [ 112.776904306386285, -7.767160800281972 ], [ 112.777801776406179, -7.766258140623854 ], [ 112.777796736644973, -7.76505962064079 ], [ 112.777194646704373, -7.764762503206047 ], [ 112.777789178506168, -7.763261840533674 ], [ 112.779890813924069, -7.762953411880185 ], [ 112.781697080322431, -7.76384475010871 ], [ 112.782292856755888, -7.762643714293053 ] ] ], [ [ [ 112.622887779857621, -7.794746201867303 ], [ 112.622588473565415, -7.79504700703973 ], [ 112.622888934425148, -7.795045855657097 ], [ 112.622887779857621, -7.794746201867303 ] ] ], [ [ [ 112.623189395239123, -7.795044704061481 ], [ 112.622890089038421, -7.795345509442474 ], [ 112.623190550065928, -7.795344357802079 ], [ 112.623189395239123, -7.795044704061481 ] ] ] ] } },
{ "type": "Feature", "properties": { "station": "Bd. Domas", "station_confidence": "Tinggi", "subbasin_id": "7", "upstream_area_km2": 343.54, "inside_big_basin": true }, "geometry": { "type": "GeometryCollection", "geometries": [ { "type": "MultiPolygon", "coordinates": [ [ [ [ 112.825615053355349, -7.707328344016831 ], [ 112.826224778211582, -7.709423141448187 ], [ 112.823527880764004, -7.710932783138615 ], [ 112.82293740522681, -7.713332328810871 ], [ 112.820534434598216, -7.713342561385839 ], [ 112.817834927507846, -7.714252929244943 ], [ 112.818142980339118, -7.716049396884365 ], [ 112.816641110477448, -7.71605577923063 ], [ 112.816644948114629, -7.716954652038001 ], [ 112.817854128367443, -7.718747290273179 ], [ 112.816954280579651, -7.719050745218716 ], [ 112.816362485459749, -7.721150667971511 ], [ 112.814567890155203, -7.722956070910178 ], [ 112.813067270725057, -7.723262071143753 ], [ 112.812176350312384, -7.725662893267462 ], [ 112.812181461124226, -7.726861392775854 ], [ 112.813389384515091, -7.728354416044886 ], [ 112.813398338112705, -7.730451788460307 ], [ 112.811606253916835, -7.732856440003331 ], [ 112.811622877464814, -7.736751563073506 ], [ 112.812230054576432, -7.738247134590535 ], [ 112.813737130165265, -7.739439247304289 ], [ 112.814938694205509, -7.739434134656638 ], [ 112.815245496067519, -7.740930976824884 ], [ 112.813753787596525, -7.74333436456156 ], [ 112.813164533069966, -7.746033541022042 ], [ 112.812565022522392, -7.746335721967509 ], [ 112.812577838433612, -7.749331967064117 ], [ 112.813183764449704, -7.750527907066817 ], [ 112.81198601291112, -7.751431895734828 ], [ 112.811993704507444, -7.753229642995489 ], [ 112.813502126114273, -7.754721367837908 ], [ 112.812902605055513, -7.755023551930357 ], [ 112.813215842294312, -7.758018514932974 ], [ 112.811419828200414, -7.759524316374026 ], [ 112.811731782489389, -7.762219657077965 ], [ 112.810834408001327, -7.763122370074972 ], [ 112.810282362789309, -7.774510663602688 ], [ 112.811186182525176, -7.775106068227389 ], [ 112.81149431259054, -7.776902532100399 ], [ 112.811530332039268, -7.785292010221987 ], [ 112.81454488553635, -7.787676151732117 ], [ 112.814849180606132, -7.788573736094301 ], [ 112.815750457837055, -7.788569875378163 ], [ 112.816957326601113, -7.789763217569451 ], [ 112.816669817977171, -7.792760737905935 ], [ 112.817573688684277, -7.793356117334273 ], [ 112.817581446228445, -7.795153855465408 ], [ 112.816384894910229, -7.796357504979806 ], [ 112.816396528842589, -7.799054113521895 ], [ 112.816704721391346, -7.800850562538387 ], [ 112.817910341063225, -7.801744269763451 ], [ 112.81822501979282, -7.805038829381696 ], [ 112.819734982659753, -7.806830103271206 ], [ 112.820043202300397, -7.808626544633103 ], [ 112.814953840965529, -7.812843229663709 ], [ 112.814978439533192, -7.81853606960872 ], [ 112.812582621912824, -7.820344136536336 ], [ 112.812587797287009, -7.821542630446446 ], [ 112.811690327977686, -7.822445371482901 ], [ 112.811698089635655, -7.824243113034425 ], [ 112.810504040297005, -7.826046014701473 ], [ 112.810545449223198, -7.835633972474171 ], [ 112.809945823215855, -7.835936178234059 ], [ 112.809954885739884, -7.838033544056067 ], [ 112.809645362699968, -7.835937468989598 ], [ 112.808738806817217, -7.834742844319526 ], [ 112.808727168235876, -7.832046228840068 ], [ 112.806012718526901, -7.829660828962467 ], [ 112.805699360459784, -7.826665870699158 ], [ 112.802983677858094, -7.82398081384893 ], [ 112.803867007894311, -7.819782212277818 ], [ 112.801753571304232, -7.817394191832146 ], [ 112.801744573884832, -7.815296814437348 ], [ 112.800234634189451, -7.813505466316481 ], [ 112.800202555220196, -7.806014824103926 ], [ 112.80109874483766, -7.804812483592685 ], [ 112.800731670811629, -7.789233222520066 ], [ 112.801328686614923, -7.788331791315443 ], [ 112.801317165219999, -7.785635158870966 ], [ 112.797709495153953, -7.785051208878852 ], [ 112.794994181542577, -7.782366022808223 ], [ 112.794987807709816, -7.780867888062931 ], [ 112.794385686148246, -7.780570803096393 ], [ 112.794670820771628, -7.776974007716785 ], [ 112.791050515188118, -7.773393705017516 ], [ 112.791042892446555, -7.771595938653486 ], [ 112.790136560878196, -7.770401227003269 ], [ 112.788634475285704, -7.770407555005125 ], [ 112.788330253676534, -7.769509935340551 ], [ 112.786221003732663, -7.768020640247227 ], [ 112.786215938948658, -7.766822125878101 ], [ 112.787710411749231, -7.765018039116638 ], [ 112.792207720506298, -7.762901668493225 ], [ 112.792196295324089, -7.760205019274938 ], [ 112.791592938878964, -7.759608295092299 ], [ 112.789793018428057, -7.760215139971116 ], [ 112.788299835290061, -7.76231885688185 ], [ 112.786196953181744, -7.762327696364273 ], [ 112.785293187932567, -7.761732223894806 ], [ 112.783798711285783, -7.7635363021213 ], [ 112.782897471583723, -7.763540082794031 ], [ 112.782593269502954, -7.762642454852438 ], [ 112.781697080322445, -7.76384475010871 ], [ 112.779890813924069, -7.762953411880199 ], [ 112.777789178506168, -7.763261840533674 ], [ 112.777194646704373, -7.764762503206031 ], [ 112.777796736644973, -7.765059620640772 ], [ 112.777801776406179, -7.766258140623854 ], [ 112.776904306386285, -7.767160800281972 ], [ 112.774798871083291, -7.766570327927817 ], [ 112.773902650195069, -7.767772613430665 ], [ 112.77270223533624, -7.768077259452549 ], [ 112.772706005736552, -7.768976151812542 ], [ 112.771503073975637, -7.768681533449279 ], [ 112.770898469798951, -7.767785145132377 ], [ 112.769696796242613, -7.767790151873045 ], [ 112.76940014095986, -7.768690297014027 ], [ 112.767896791055833, -7.768396918769708 ], [ 112.765203029368763, -7.770805216880807 ], [ 112.763399249739336, -7.770513072187462 ], [ 112.763095077540953, -7.769615422347643 ], [ 112.758891675105929, -7.770232123967729 ], [ 112.757999136699468, -7.772333286987579 ], [ 112.755297812382906, -7.772943738925591 ], [ 112.755001122990578, -7.77384388148473 ], [ 112.747784705070643, -7.772375450597817 ], [ 112.742980366798889, -7.772994478444504 ], [ 112.740871205816049, -7.771504926258646 ], [ 112.736966898366134, -7.771820553948892 ], [ 112.736068081043328, -7.772423512557311 ], [ 112.737559125773075, -7.769720641044972 ], [ 112.741162988274283, -7.769406243722435 ], [ 112.741458473697463, -7.768206468959503 ], [ 112.745349128248691, -7.764594820416752 ], [ 112.748952927338763, -7.764280367898687 ], [ 112.750445102345367, -7.761877109304896 ], [ 112.754050107722918, -7.76186225343573 ], [ 112.754345554065594, -7.760662478614496 ], [ 112.757350955444934, -7.760949708608935 ], [ 112.758844313966236, -7.758846066628848 ], [ 112.760649289939579, -7.759437875561972 ], [ 112.762141378330512, -7.757034594064516 ], [ 112.764543424273612, -7.756725001356447 ], [ 112.764838838898527, -7.755525226442163 ], [ 112.766934209026459, -7.753718708646196 ], [ 112.766627550267145, -7.752221795635838 ], [ 112.770226180665148, -7.750708663995477 ], [ 112.769917012157407, -7.748612492258368 ], [ 112.770507807396172, -7.746212943622161 ], [ 112.771106109453598, -7.745611183712104 ], [ 112.772909776908747, -7.745903318749593 ], [ 112.773506820909788, -7.745001925342455 ], [ 112.773200153295022, -7.743505020305379 ], [ 112.769895742693379, -7.743518755782529 ], [ 112.769599093181697, -7.744418898104653 ], [ 112.768697887184857, -7.744422639507924 ], [ 112.766889230716785, -7.742931956200826 ], [ 112.766581340539219, -7.741135408477898 ], [ 112.765084327586862, -7.742340159444021 ], [ 112.764183123801971, -7.742343890307167 ], [ 112.763286903399219, -7.743546149971931 ], [ 112.759082508981521, -7.743863162691421 ], [ 112.757874684794373, -7.742369953065361 ], [ 112.755771866934111, -7.742378619929705 ], [ 112.754276050802659, -7.743882974853671 ], [ 112.752173221368352, -7.743891625649737 ], [ 112.752180651825341, -7.745689432316608 ], [ 112.751281910594301, -7.7462924066422 ], [ 112.751293054773299, -7.748989117571516 ], [ 112.750694714589727, -7.749590856938342 ], [ 112.748889788142165, -7.748998992998517 ], [ 112.746487753451092, -7.749308490178842 ], [ 112.746785691995683, -7.748707987632261 ], [ 112.746183639796541, -7.748410815958482 ], [ 112.745585291375534, -7.749012549594875 ], [ 112.741080381106499, -7.749330630757716 ], [ 112.739583251754979, -7.750535314321879 ], [ 112.736882006920737, -7.7511456247226 ], [ 112.733877884714929, -7.75115786865638 ], [ 112.733579924898137, -7.751758366544881 ], [ 112.729675776224738, -7.752073888444303 ], [ 112.729973742309298, -7.751473392026521 ], [ 112.728772088672599, -7.751478272854832 ], [ 112.727874515063093, -7.752380845945006 ], [ 112.725771613843932, -7.752389375798467 ], [ 112.723677247775029, -7.754495367404637 ], [ 112.721270260430714, -7.753606176168226 ], [ 112.720972279817587, -7.754206669478882 ], [ 112.718269743696482, -7.754517232977404 ], [ 112.717971758005703, -7.755117725235237 ], [ 112.714665945730161, -7.75483141218315 ], [ 112.714067535627251, -7.755433113205016 ], [ 112.709861669886692, -7.755450032789543 ], [ 112.709257202060726, -7.754553523102235 ], [ 112.70835594550914, -7.754557141630425 ], [ 112.706856266242227, -7.75516245128764 ], [ 112.705959837187009, -7.756364631553388 ], [ 112.702359607243878, -7.757577638381878 ], [ 112.699666638948344, -7.760285231806176 ], [ 112.694863444430609, -7.761203344283996 ], [ 112.693966966714228, -7.762405509091117 ], [ 112.692164405367237, -7.762412686716606 ], [ 112.691267916922186, -7.763614847971432 ], [ 112.682855913493071, -7.763648230034482 ], [ 112.680454858517308, -7.764257028205002 ], [ 112.675361787971013, -7.767872942436046 ], [ 112.668151369921574, -7.767901311562212 ], [ 112.661547686432385, -7.769425450851766 ], [ 112.656741867271549, -7.769743873716804 ], [ 112.655543638110785, -7.770647506521486 ], [ 112.649830617787032, -7.769471116849358 ], [ 112.649226232483613, -7.768574499411399 ], [ 112.638710873334929, -7.768615187241291 ], [ 112.633906150111471, -7.769233005818909 ], [ 112.630586271882862, -7.765350214024412 ], [ 112.626974088605465, -7.76356610794925 ], [ 112.628174685932862, -7.763261853787963 ], [ 112.630567788298521, -7.76055576458229 ], [ 112.632670833185173, -7.7605476964358 ], [ 112.634169534710168, -7.759642969340486 ], [ 112.637173871956392, -7.759631416150843 ], [ 112.638381407361749, -7.76112504871223 ], [ 112.640784880860821, -7.761115782304963 ], [ 112.641990105786718, -7.762010098194252 ], [ 112.6470986516333, -7.762289995907228 ], [ 112.651905587763778, -7.76227134823587 ], [ 112.652502942196747, -7.761370064065593 ], [ 112.655205659554426, -7.761059898915055 ], [ 112.669025471628572, -7.761005885637994 ], [ 112.670222458077035, -7.759802579180245 ], [ 112.672025028709754, -7.75979549691666 ], [ 112.672323088466612, -7.759195022191525 ], [ 112.674427267811311, -7.759486395550919 ], [ 112.674725323672675, -7.758885919906501 ], [ 112.677127552505553, -7.758576804792466 ], [ 112.677724842088864, -7.757675497533865 ], [ 112.683733350887039, -7.757651760825659 ], [ 112.684031391401362, -7.757051281710394 ], [ 112.685833937508662, -7.757044143456164 ], [ 112.687630508921728, -7.755538775151596 ], [ 112.689431849505937, -7.755231978821697 ], [ 112.690029105964129, -7.754330660782176 ], [ 112.691831634894214, -7.754323499621988 ], [ 112.692729305237421, -7.753420985002517 ], [ 112.699641370976892, -7.753992737171212 ], [ 112.706849018974097, -7.753364602195998 ], [ 112.70984594143377, -7.751554699077135 ], [ 112.710749611399109, -7.752150360662608 ], [ 112.713152944566303, -7.75214069648621 ], [ 112.715541713754263, -7.748535336323966 ], [ 112.718544631317499, -7.74822358603707 ], [ 112.721236176190445, -7.745216275347203 ], [ 112.726042734236728, -7.745196832377272 ], [ 112.727837863486073, -7.743391697245555 ], [ 112.729341124575271, -7.743685243411777 ], [ 112.731440308108134, -7.742777792110494 ], [ 112.732336632740285, -7.741575579619518 ], [ 112.734742329793335, -7.742165081439206 ], [ 112.735941500283616, -7.741560915437633 ], [ 112.735937821243255, -7.74066200414236 ], [ 112.735335785921421, -7.740364812796625 ], [ 112.735631286823207, -7.739165041357183 ], [ 112.737734111445803, -7.739156477354595 ], [ 112.738332462690053, -7.738554755098654 ], [ 112.738635321264113, -7.739152803897234 ], [ 112.741340177940472, -7.739441408372613 ], [ 112.743740937052905, -7.738832315825989 ], [ 112.744637215185691, -7.737630086841382 ], [ 112.745538418439907, -7.737626399522238 ], [ 112.745532256235435, -7.736128221408535 ], [ 112.747025622946296, -7.734024624997917 ], [ 112.749729204961611, -7.734013547330524 ], [ 112.751524174389417, -7.732208344438336 ], [ 112.756629663397845, -7.731887722764049 ], [ 112.757527128592031, -7.730985111545191 ], [ 112.758130398092689, -7.731581904852034 ], [ 112.759932765416735, -7.731574477081157 ], [ 112.762329702519722, -7.730066396561456 ], [ 112.767135983360362, -7.730046528879785 ], [ 112.767130997468755, -7.728847999916619 ], [ 112.76862172852303, -7.726145092930074 ], [ 112.76771557583865, -7.724950294699076 ], [ 112.769512916419444, -7.723744305130163 ], [ 112.769206294667711, -7.722247389138577 ], [ 112.77040534438666, -7.721643149314936 ], [ 112.770400354769905, -7.720444622007407 ], [ 112.77159814950015, -7.719540748669585 ], [ 112.772190179673487, -7.717440837502686 ], [ 112.779695964861986, -7.716510756697739 ], [ 112.780595852447647, -7.716207375295039 ], [ 112.780891217005163, -7.715007603767583 ], [ 112.782092733743283, -7.715002599393017 ], [ 112.783300527749262, -7.716495740624546 ], [ 112.785707338171932, -7.71738460120316 ], [ 112.788110377929954, -7.717374558960687 ], [ 112.78990635357161, -7.715868874939427 ], [ 112.791412029244356, -7.716761471966702 ], [ 112.797119217160954, -7.716737525422296 ], [ 112.799513369048441, -7.71463003002617 ], [ 112.801314355735016, -7.714322817281855 ], [ 112.801309283905155, -7.713124309855534 ], [ 112.803111530514599, -7.713116717864891 ], [ 112.804006304987738, -7.711614786882842 ], [ 112.806708389223573, -7.711303755241696 ], [ 112.807615866770618, -7.712798078894069 ], [ 112.808516986467495, -7.712794270727352 ], [ 112.809111366841208, -7.711293602968277 ], [ 112.811511791842619, -7.710684186815916 ], [ 112.811807064043592, -7.709484414591269 ], [ 112.812706899392424, -7.709180974203749 ], [ 112.813302536966859, -7.707979929930601 ], [ 112.815104749824343, -7.707972292498418 ], [ 112.815709318628109, -7.708868618618387 ], [ 112.817809344282779, -7.708260446335055 ], [ 112.819918323147263, -7.709749631946007 ], [ 112.821114674653899, -7.708546026943486 ], [ 112.82201577858531, -7.708542192456396 ], [ 112.823509922112009, -7.706738057972471 ], [ 112.825615053355349, -7.707328344016831 ] ] ], [ [ [ 112.729675776224738, -7.752073888444303 ], [ 112.729376585901989, -7.752374746840415 ], [ 112.729375362415396, -7.752075108852702 ], [ 112.729675776224738, -7.752073888444303 ] ] ], [ [ [ 112.745590229500252, -7.750211091338302 ], [ 112.745889404574925, -7.749910224404828 ], [ 112.745890639392101, -7.75020985978592 ], [ 112.745590229500252, -7.750211091338302 ] ] ], [ [ [ 112.74588816980696, -7.749610589019353 ], [ 112.746188579225205, -7.749609357351672 ], [ 112.746487753451092, -7.749308490178842 ], [ 112.746488988594251, -7.749608125472358 ], [ 112.746188579225205, -7.749609357351688 ], [ 112.74618981420538, -7.74990899268898 ], [ 112.74588816980696, -7.749610589019353 ] ] ] ] }, { "type": "MultiLineString", "coordinates": [ [ [ 112.7467869272526, -7.749007622886362 ], [ 112.7467869272526, -7.749007622886342 ] ], [ [ 112.729974966122953, -7.75177302992755 ], [ 112.729974966122953, -7.751773029927533 ] ], [ [ 112.746188579225205, -7.749609357351672 ], [ 112.746188579225205, -7.749609357351688 ] ] ] } ] } },
{ "type": "Feature", "properties": { "station": "Bd. Grinting", "station_confidence": "Tinggi", "subbasin_id": "5", "upstream_area_km2": 347.06, "inside_big_basin": true }, "geometry": { "type": "Polygon", "coordinates": [ [ [ 112.855512094792687, -7.675140079983961 ], [ 112.856414410896946, -7.675435808067776 ], [ 112.85672385358211, -7.677531837352475 ], [ 112.857325835075997, -7.677828859643412 ], [ 112.855833235313881, -7.679932674723735 ], [ 112.855846243241274, -7.682928856161428 ], [ 112.857349265441101, -7.683221981858033 ], [ 112.856463855011853, -7.686821293805342 ], [ 112.854362727021496, -7.687129999942656 ], [ 112.853765933390747, -7.688031449911877 ], [ 112.851965143170588, -7.688338848704491 ], [ 112.850170839495675, -7.690144335543314 ], [ 112.849269788707574, -7.690148220044424 ], [ 112.847781005210337, -7.693150883753994 ], [ 112.845682422242319, -7.694058795565726 ], [ 112.845987960488458, -7.695255981342881 ], [ 112.845093375500127, -7.69675795846672 ], [ 112.841491690139989, -7.697372696454746 ], [ 112.840893562706228, -7.697974517505815 ], [ 112.841804986062769, -7.700367608936577 ], [ 112.840002832322696, -7.700375351136804 ], [ 112.839405991708432, -7.701276792181211 ], [ 112.837905483441233, -7.701582857800572 ], [ 112.837309928016666, -7.702783918312574 ], [ 112.836108482544319, -7.702789069627115 ], [ 112.835814573583178, -7.704288463095978 ], [ 112.836419172042298, -7.70518475111623 ], [ 112.834615702548945, -7.704892854057672 ], [ 112.8343127600495, -7.704294897721272 ], [ 112.832511870447007, -7.704602234106451 ], [ 112.83041962247448, -7.707008202150671 ], [ 112.826824228577408, -7.709120955209584 ], [ 112.825923125845875, -7.709124800102177 ], [ 112.825615053355349, -7.707328344016847 ], [ 112.824411021013717, -7.706734219339704 ], [ 112.823509922112009, -7.706738057972471 ], [ 112.82201577858531, -7.708542192456396 ], [ 112.821114674653899, -7.708546026943486 ], [ 112.819918323147263, -7.709749631946007 ], [ 112.817810622957623, -7.708560070522314 ], [ 112.818406244010717, -7.707359022664674 ], [ 112.819607714286619, -7.707353917974723 ], [ 112.821999121413285, -7.704647086818764 ], [ 112.823200581634097, -7.704641973837624 ], [ 112.824405889288045, -7.705535726880812 ], [ 112.825301851761779, -7.704333395033382 ], [ 112.826503308878372, -7.704328272997313 ], [ 112.826499456812016, -7.703429404612018 ], [ 112.828299066830652, -7.702822471147494 ], [ 112.82829521174105, -7.701923603603881 ], [ 112.830085810028109, -7.699219308945871 ], [ 112.83007938190427, -7.697721197601826 ], [ 112.831278244601933, -7.697116822383361 ], [ 112.830971456802871, -7.69561999462105 ], [ 112.831567026942693, -7.694418940693749 ], [ 112.832765878369088, -7.693814563904921 ], [ 112.833358867778472, -7.692014265565475 ], [ 112.837866757330247, -7.692594228613905 ], [ 112.84026700420192, -7.691984685052355 ], [ 112.840854792057399, -7.688985901963532 ], [ 112.842356546178294, -7.688979457156383 ], [ 112.84295336854575, -7.688078017059679 ], [ 112.843854418190531, -7.688074146854353 ], [ 112.846842369813132, -7.684465797254576 ], [ 112.849848429131214, -7.685052106291189 ], [ 112.850744277916093, -7.683849747257288 ], [ 112.852844098163771, -7.683241443394522 ], [ 112.854036379619927, -7.681138929187271 ], [ 112.854027284544557, -7.679041599893193 ], [ 112.852222637653739, -7.678450134437838 ], [ 112.852218744642869, -7.677551278013672 ], [ 112.855512094792687, -7.675140079983961 ] ] ] } },
{ "type": "Feature", "properties": { "station": "Bd. Lecari", "station_confidence": "Sedang", "subbasin_id": "6", "upstream_area_km2": 27.51, "inside_big_basin": true }, "geometry": { "type": "GeometryCollection", "geometries": [ { "type": "Polygon", "coordinates": [ [ [ 112.737256294786434, -7.695710306652768 ], [ 112.7402612420411, -7.69599776312697 ], [ 112.740566504321734, -7.69719509179318 ], [ 112.738764263803532, -7.697202405356114 ], [ 112.737567651326316, -7.698405826636952 ], [ 112.733363619775147, -7.698722491201712 ], [ 112.733065679409123, -7.699322982138243 ], [ 112.731864175135257, -7.699327839005384 ], [ 112.730369588959945, -7.701131736702915 ], [ 112.727066645320448, -7.701444706390665 ], [ 112.724972482311713, -7.70355065227572 ], [ 112.72408467614828, -7.706850314556515 ], [ 112.721392127389947, -7.709557950532045 ], [ 112.719893831805109, -7.710462908403265 ], [ 112.71839190162261, -7.710468941477639 ], [ 112.718098769588607, -7.712267989539357 ], [ 112.716003303114789, -7.714074271426091 ], [ 112.715410978960676, -7.716174165975499 ], [ 112.71360984082321, -7.716481032458492 ], [ 112.711519155961966, -7.719485865861067 ], [ 112.708214823385006, -7.719499082385859 ], [ 112.707617644035636, -7.720400408277744 ], [ 112.707314843508541, -7.719802324392645 ], [ 112.702806521631047, -7.719221011760275 ], [ 112.702202134929252, -7.718324476118454 ], [ 112.698898991907683, -7.718637261943581 ], [ 112.698596204091828, -7.718039168883995 ], [ 112.693489488741193, -7.71805942556748 ], [ 112.68690454956635, -7.724078451514687 ], [ 112.686909306195275, -7.725277031674866 ], [ 112.682102875342736, -7.725295984783219 ], [ 112.678801997927366, -7.726207922546426 ], [ 112.676708631652062, -7.728613354899184 ], [ 112.674908560594929, -7.729219722320041 ], [ 112.674017970635603, -7.731920079163269 ], [ 112.671923370934806, -7.734025852050101 ], [ 112.669521267379309, -7.734334909237393 ], [ 112.666829336935223, -7.737341959075982 ], [ 112.665928097177243, -7.737345480003524 ], [ 112.663234947001712, -7.740052867769651 ], [ 112.660544109282185, -7.74335954316738 ], [ 112.659342435283705, -7.743364223226211 ], [ 112.656946111277492, -7.745171469408567 ], [ 112.655144758930533, -7.745478124272208 ], [ 112.653948921737239, -7.746981039370236 ], [ 112.645843329977069, -7.748510708228279 ], [ 112.642549115364815, -7.751220327988236 ], [ 112.635338860896979, -7.751248081208037 ], [ 112.632940057725449, -7.752455916745812 ], [ 112.631145562060226, -7.75456039887781 ], [ 112.618224704761388, -7.754010402001368 ], [ 112.615824675045829, -7.754918498856834 ], [ 112.609516703823815, -7.755242061385277 ], [ 112.605623554416269, -7.758553039965536 ], [ 112.603521626646142, -7.758860629545394 ], [ 112.599623859154576, -7.760972938275137 ], [ 112.596629636202579, -7.763681151447576 ], [ 112.594830371169323, -7.764586892745318 ], [ 112.592127507745943, -7.764896687648882 ], [ 112.591829320006056, -7.765497130462497 ], [ 112.590026652770561, -7.765503877864124 ], [ 112.587311401503058, -7.762517389930019 ], [ 112.587301282677217, -7.759820454311702 ], [ 112.584285652435739, -7.756835055674273 ], [ 112.583082773976002, -7.756539868313044 ], [ 112.582775612829906, -7.754743024445625 ], [ 112.582173616832563, -7.7544455982009 ], [ 112.582162422095635, -7.751448994431777 ], [ 112.581256640252931, -7.75025370041061 ], [ 112.582756576452567, -7.749648799337433 ], [ 112.587861710299805, -7.749030468650876 ], [ 112.589662060988246, -7.748424425943016 ], [ 112.590259552710421, -7.747523205283958 ], [ 112.594465594655574, -7.747507483413751 ], [ 112.594768281143701, -7.748105676055283 ], [ 112.599275881453622, -7.74838843860358 ], [ 112.601375501578872, -7.747481564566394 ], [ 112.604965912379896, -7.743572454404315 ], [ 112.606468046402497, -7.743566795237676 ], [ 112.610964197444417, -7.740852879289568 ], [ 112.613967296062341, -7.740541861485521 ], [ 112.614864003514697, -7.739339825894304 ], [ 112.617267381675845, -7.739330717837258 ], [ 112.618473642490827, -7.740524779616571 ], [ 112.6226818491904, -7.74110810277584 ], [ 112.629889674119966, -7.740481292613768 ], [ 112.633783604628434, -7.737469815936957 ], [ 112.635886531580567, -7.73746175578616 ], [ 112.638279464321997, -7.734755660721738 ], [ 112.640079642410512, -7.734149431951924 ], [ 112.641275510421195, -7.732646552178122 ], [ 112.647280289132041, -7.731724451521539 ], [ 112.652672545523956, -7.727808095991542 ], [ 112.655676629234762, -7.727796459771978 ], [ 112.659576079788422, -7.726283055082592 ], [ 112.663481359981915, -7.726267863746258 ], [ 112.670363606443502, -7.719349004220222 ], [ 112.67156520574828, -7.719344307614066 ], [ 112.672162471496065, -7.718443015856766 ], [ 112.673964864670381, -7.718435962922976 ], [ 112.678451930360652, -7.713623953912175 ], [ 112.680851536593252, -7.712715580415979 ], [ 112.684440848262156, -7.708806011180398 ], [ 112.684735313332411, -7.707306601021475 ], [ 112.686234886895775, -7.706701397654636 ], [ 112.687131306627492, -7.705499266799265 ], [ 112.689533217579296, -7.705190147998342 ], [ 112.690423682792385, -7.70248978889343 ], [ 112.692218855724164, -7.700684806419465 ], [ 112.69312000563292, -7.700681246794745 ], [ 112.693714821571007, -7.699180651022028 ], [ 112.704533336146326, -7.700336351743473 ], [ 112.706925591270874, -7.697630006110129 ], [ 112.708127106569734, -7.697625220185287 ], [ 112.708731464943767, -7.698521751981119 ], [ 112.712935566590687, -7.698205325544454 ], [ 112.71503941887444, -7.698496558884288 ], [ 112.715944170035769, -7.699391874879622 ], [ 112.71924833324347, -7.699378632988504 ], [ 112.719546295237663, -7.698778147341631 ], [ 112.721647728714416, -7.698470066666355 ], [ 112.723445148403329, -7.697264265101377 ], [ 112.729756679929594, -7.698137775728446 ], [ 112.73185809181939, -7.697829647292211 ], [ 112.733052288451447, -7.696026962328484 ], [ 112.736059680351886, -7.696913723816925 ], [ 112.737256294786434, -7.695710306652768 ] ], [ [ 112.737865584297353, -7.697805334100807 ], [ 112.737563989617058, -7.697506914311253 ], [ 112.737565210137873, -7.69780655175752 ], [ 112.737865584297353, -7.697805334100807 ] ] ] }, { "type": "LineString", "coordinates": [ [ 112.737865584297353, -7.697805334100823 ], [ 112.737865584297353, -7.697805334100807 ] ] } ] } },
{ "type": "Feature", "properties": { "station": "Bd. Sentono", "station_confidence": "Sedang", "subbasin_id": "14", "upstream_area_km2": 56.21, "inside_big_basin": true }, "geometry": { "type": "Polygon", "coordinates": [ [ [ 112.776595666959381, -7.836377774731389 ], [ 112.777797531831197, -7.836372704397014 ], [ 112.779306225557363, -7.837864505369468 ], [ 112.781410767315009, -7.838155243216713 ], [ 112.781419689564672, -7.840252641779134 ], [ 112.782625389540001, -7.841146439629947 ], [ 112.782631769131854, -7.842644580275862 ], [ 112.783537008667878, -7.843539645794605 ], [ 112.783548502259208, -7.846236297226914 ], [ 112.785356449587795, -7.847427161602006 ], [ 112.785360286163041, -7.848326044392317 ], [ 112.786564739262559, -7.848920196119822 ], [ 112.7889813457721, -7.851906248610919 ], [ 112.788991604338335, -7.854303264024217 ], [ 112.790501691954049, -7.856094626765261 ], [ 112.789333154909727, -7.863890042235631 ], [ 112.790839430733527, -7.864782515495864 ], [ 112.792353433982385, -7.867472738952879 ], [ 112.793554089899459, -7.867167977540805 ], [ 112.793861016858457, -7.868664822763778 ], [ 112.795970872501655, -7.870153952304586 ], [ 112.796579591632636, -7.871949131491521 ], [ 112.798084618001539, -7.872541943202275 ], [ 112.798690765852797, -7.873737866228477 ], [ 112.802000033088831, -7.874622547818928 ], [ 112.80349599965048, -7.873117966450561 ], [ 112.807715823960649, -7.876096088070843 ], [ 112.80772622225291, -7.878493075962264 ], [ 112.808632899355729, -7.879687679526826 ], [ 112.808638103131997, -7.880886172694138 ], [ 112.809542185485412, -7.881481526141544 ], [ 112.810153591457905, -7.88387591370855 ], [ 112.813168978256428, -7.886259894140697 ], [ 112.814681910294823, -7.88865036186948 ], [ 112.816793242577219, -7.890438967186201 ], [ 112.817104212601905, -7.892834636141481 ], [ 112.818613264915967, -7.89432621407783 ], [ 112.821623523978204, -7.895511620540298 ], [ 112.828861914228682, -7.901472535516652 ], [ 112.829767386909268, -7.902367447342408 ], [ 112.829776627289249, -7.904464783339746 ], [ 112.830381602458829, -7.905361008146629 ], [ 112.832184643915923, -7.905353102734271 ], [ 112.833695117203604, -7.907144221321228 ], [ 112.835498163043965, -7.907136299835221 ], [ 112.836705495709211, -7.90832948732093 ], [ 112.837017940875924, -7.911024728320801 ], [ 112.838529785298704, -7.913115437250938 ], [ 112.838533769588338, -7.914014290670722 ], [ 112.839739804333107, -7.91490784482149 ], [ 112.840351467725057, -7.917302133618734 ], [ 112.844275477302944, -7.921179894144334 ], [ 112.84878054048086, -7.920560694605708 ], [ 112.849670051123113, -7.917860153013622 ], [ 112.85147312724699, -7.917852151818139 ], [ 112.855361016924917, -7.913640180340662 ], [ 112.857765085768705, -7.913629483219547 ], [ 112.85806827866962, -7.914227374073678 ], [ 112.862274051078643, -7.913909002601247 ], [ 112.863783322128015, -7.915400360889806 ], [ 112.867087565049417, -7.915085965894211 ], [ 112.871013093002659, -7.919263034204032 ], [ 112.875220230640238, -7.919244134068695 ], [ 112.876728204343991, -7.920435818535156 ], [ 112.877930244176881, -7.920430405555615 ], [ 112.879425999321043, -7.918925580800591 ], [ 112.883038904000557, -7.920407361780992 ], [ 112.884249114101536, -7.922199589891389 ], [ 112.885453880903555, -7.922793373333002 ], [ 112.888745833460121, -7.919782314769101 ], [ 112.889039513308049, -7.918282907913744 ], [ 112.896854031871555, -7.918547048336737 ], [ 112.900749605359721, -7.916132402686544 ], [ 112.902853123391921, -7.916122811715068 ], [ 112.903750503623939, -7.915219878369506 ], [ 112.903745002121639, -7.914021452057422 ], [ 112.905848505771488, -7.91401184852969 ], [ 112.906445374915535, -7.913110284357743 ], [ 112.910045847742595, -7.911895371221523 ], [ 112.913654584803169, -7.912478061269625 ], [ 112.91456160974316, -7.913672344979588 ], [ 112.914572675611481, -7.916069182390238 ], [ 112.915478328774654, -7.916963856916955 ], [ 112.917584604550242, -7.917553398908226 ], [ 112.923593220140717, -7.917226117563236 ], [ 112.925099891124233, -7.918117993077081 ], [ 112.929309673546186, -7.918697754232541 ], [ 112.930518649272898, -7.920190199878276 ], [ 112.931720650630908, -7.920184632030949 ], [ 112.931135010865489, -7.923483034542933 ], [ 112.929639475491385, -7.924988003982356 ], [ 112.928756106137143, -7.928887004200049 ], [ 112.926356230812459, -7.929796938642163 ], [ 112.924560147088627, -7.93130328940943 ], [ 112.921589845682533, -7.938807249077911 ], [ 112.919487626602859, -7.939116565536466 ], [ 112.918883813010012, -7.93852013168754 ], [ 112.915276231421146, -7.938237147767128 ], [ 112.911070383535105, -7.938556102867793 ], [ 112.909577484717232, -7.940660239995126 ], [ 112.905975397650153, -7.941575601489935 ], [ 112.905990599977713, -7.944871265032682 ], [ 112.903897987865619, -7.947277755284436 ], [ 112.900594969353023, -7.947892102571358 ], [ 112.900291686131169, -7.947294263772076 ], [ 112.898787680623627, -7.94700152610636 ], [ 112.895782422775639, -7.947015247928551 ], [ 112.893389202826199, -7.949423072992725 ], [ 112.88918180248173, -7.949442228620288 ], [ 112.88618883111765, -7.952152367216444 ], [ 112.884986704840841, -7.952157825626514 ], [ 112.884079639142797, -7.950963479271675 ], [ 112.884074169562041, -7.949765041317035 ], [ 112.881056582128835, -7.947082171124888 ], [ 112.879253409187058, -7.947090329989588 ], [ 112.878047205702018, -7.946196933139719 ], [ 112.876245394514442, -7.94650468894818 ], [ 112.874738668837452, -7.945612637174361 ], [ 112.871432850057801, -7.945627536141523 ], [ 112.869335923921483, -7.947135064073563 ], [ 112.865411431385724, -7.943257655593048 ], [ 112.859995165449689, -7.941783824834031 ], [ 112.859088189123668, -7.940589401218815 ], [ 112.856378055338084, -7.93940302623647 ], [ 112.855163846780314, -7.936711858139687 ], [ 112.8551571270512, -7.93521378482233 ], [ 112.853347267226908, -7.933723744434474 ], [ 112.84944179384317, -7.934040738265648 ], [ 112.846747771965653, -7.93644967715309 ], [ 112.845245137166458, -7.936456343853178 ], [ 112.844048372724814, -7.937660139458728 ], [ 112.841347620031016, -7.938570970826246 ], [ 112.839544443364034, -7.938578948938539 ], [ 112.838638857275171, -7.937684082759547 ], [ 112.837136211108572, -7.93769072121001 ], [ 112.835327714886063, -7.936500208157303 ], [ 112.828112359878048, -7.935932722720536 ], [ 112.825996747954363, -7.933245383263347 ], [ 112.823288032735405, -7.932358379530461 ], [ 112.823577998393233, -7.92996010259556 ], [ 112.82146508634915, -7.927871966676044 ], [ 112.81665536707979, -7.927593345110661 ], [ 112.814856153562161, -7.928500070130565 ], [ 112.813046433634, -7.927009814142744 ], [ 112.808837760496942, -7.926728482343488 ], [ 112.807329898397285, -7.925536512823416 ], [ 112.805827270033163, -7.925543028304315 ], [ 112.803110797103642, -7.922858130312292 ], [ 112.802496714607159, -7.91986449297405 ], [ 112.799181863014411, -7.917781401243498 ], [ 112.796776392555643, -7.917492141606465 ], [ 112.796773795465199, -7.916892892147914 ], [ 112.794965479994261, -7.915702155824968 ], [ 112.79405225335222, -7.913009407266837 ], [ 112.792247845869355, -7.912717530028411 ], [ 112.791942150228138, -7.911520318212093 ], [ 112.79013387083296, -7.91032955229763 ], [ 112.7895237919724, -7.908234747163143 ], [ 112.788619661617659, -7.907639357778044 ], [ 112.788605462862336, -7.904343469201287 ], [ 112.784079740908211, -7.900167967125651 ], [ 112.784075881438639, -7.899269085920659 ], [ 112.784974838300172, -7.898665983186659 ], [ 112.784363527994813, -7.896271532696916 ], [ 112.780135885707523, -7.891495419821685 ], [ 112.779516933645297, -7.887303185037599 ], [ 112.778610304345619, -7.886108503768219 ], [ 112.778903123824406, -7.884309458339563 ], [ 112.77799778384167, -7.883414402031132 ], [ 112.778290606778128, -7.881615356643836 ], [ 112.777385274974662, -7.880720297302766 ], [ 112.777075829803493, -7.878624172543483 ], [ 112.780663862553354, -7.874414074222384 ], [ 112.779753430062414, -7.872320504732445 ], [ 112.780652345811546, -7.871717422144214 ], [ 112.780945159976554, -7.869918378340674 ], [ 112.783649565307272, -7.869906888717517 ], [ 112.786341137017288, -7.866899110255636 ], [ 112.786621103400108, -7.86210379668967 ], [ 112.7860175737394, -7.86150709859831 ], [ 112.78600732270921, -7.859110080096035 ], [ 112.786906202228039, -7.858506992144593 ], [ 112.786902357288014, -7.857608110549443 ], [ 112.786595471243899, -7.856111252048617 ], [ 112.785087956685359, -7.854919126603781 ], [ 112.784471650982823, -7.851326146584047 ], [ 112.783264636235714, -7.850132734004315 ], [ 112.781746943876271, -7.846543563796231 ], [ 112.780239479899421, -7.845351409598866 ], [ 112.779632164369858, -7.843855808663099 ], [ 112.778129807817081, -7.843862158604435 ], [ 112.776924105408142, -7.842968347580392 ], [ 112.776310449996643, -7.839974592375999 ], [ 112.775405231849021, -7.839079505971858 ], [ 112.775400151098097, -7.837880988536116 ], [ 112.776595666959381, -7.836377774731389 ] ] ] } },
{ "type": "Feature", "properties": { "station": "Bd. Suwoto", "station_confidence": "Rendah", "subbasin_id": "11", "upstream_area_km2": 42.89, "inside_big_basin": true }, "geometry": { "type": "GeometryCollection", "geometries": [ { "type": "MultiPolygon", "coordinates": [ [ [ [ 112.703557749209253, -7.830986196551702 ], [ 112.703558966855923, -7.831285837499093 ], [ 112.703258492452065, -7.831287051685333 ], [ 112.703259709932254, -7.831586692675268 ], [ 112.707163435731673, -7.830971610195297 ], [ 112.709870140426048, -7.831559930124423 ], [ 112.710475978494131, -7.832756051423416 ], [ 112.711679099217704, -7.833050811561486 ], [ 112.711383519363665, -7.834250590544284 ], [ 112.709283858169826, -7.835158047592359 ], [ 112.708088060939858, -7.836661122615194 ], [ 112.705684239231473, -7.836670862570832 ], [ 112.705704986830952, -7.841764751039457 ], [ 112.706308392515425, -7.842361596457464 ], [ 112.709915395713224, -7.842646605287914 ], [ 112.709921516355948, -7.844144804167834 ], [ 112.710524930915994, -7.844741641440983 ], [ 112.713830240274504, -7.844728193756342 ], [ 112.716243930369089, -7.847115507297079 ], [ 112.717745118146397, -7.846809737181108 ], [ 112.718955669983487, -7.84890229624075 ], [ 112.724671046816113, -7.850377112288329 ], [ 112.731006031736939, -7.856343912452004 ], [ 112.736419789258861, -7.857520139314862 ], [ 112.737918489563455, -7.856615022054165 ], [ 112.739420924507399, -7.856608805584688 ], [ 112.740318641067958, -7.855706168802353 ], [ 112.742423291774486, -7.855997087677013 ], [ 112.744824675572161, -7.855387845646582 ], [ 112.747237325529824, -7.85747529441889 ], [ 112.749941699633268, -7.857464039731373 ], [ 112.750845668265129, -7.85805955043378 ], [ 112.750855716182571, -7.860456614768486 ], [ 112.754777164731337, -7.864035901063639 ], [ 112.758986541471103, -7.864617559519021 ], [ 112.757490402197476, -7.86612201171304 ], [ 112.757797203999019, -7.867618912417333 ], [ 112.75569754268723, -7.868526614576436 ], [ 112.754187519510239, -7.866735104370435 ], [ 112.751480576329044, -7.866147133924406 ], [ 112.74877991531028, -7.867057310690615 ], [ 112.747875926313085, -7.866461799415876 ], [ 112.743970770647763, -7.866777683911672 ], [ 112.741578078345469, -7.869484376165198 ], [ 112.74007559880792, -7.869490610477326 ], [ 112.739470858439518, -7.868594198515472 ], [ 112.733763926005636, -7.869217100267914 ], [ 112.729575605600374, -7.873729007954379 ], [ 112.728071859237119, -7.873435566133796 ], [ 112.727165391951843, -7.872240733671838 ], [ 112.722958386147553, -7.872258037740844 ], [ 112.722359859888542, -7.872859781108772 ], [ 112.71875260587845, -7.872574937631122 ], [ 112.717561708861311, -7.875276605306837 ], [ 112.715157677025317, -7.875286447244072 ], [ 112.713949500198552, -7.873793169557088 ], [ 112.7103434572645, -7.873807893483513 ], [ 112.709752281444565, -7.876207459286459 ], [ 112.707046501053412, -7.875918841665733 ], [ 112.706449169675452, -7.876820208125174 ], [ 112.704046340136514, -7.877129628482733 ], [ 112.700738311820217, -7.87654377272476 ], [ 112.699241883522973, -7.878048071080875 ], [ 112.695932626826561, -7.877162536038807 ], [ 112.693818106651392, -7.874474265530731 ], [ 112.692620945322403, -7.875677687793967 ], [ 112.690216879842183, -7.87568738724757 ], [ 112.689618292372444, -7.876289094926499 ], [ 112.689013631771786, -7.875392589226963 ], [ 112.687810384712819, -7.875097787386417 ], [ 112.6878018931219, -7.873000287840657 ], [ 112.687200879395945, -7.873002706271318 ], [ 112.687197242151086, -7.872103777548218 ], [ 112.686292088270974, -7.87120847397971 ], [ 112.685694710238806, -7.872109819162491 ], [ 112.682389135848425, -7.872123091788117 ], [ 112.682085002983357, -7.871225365965106 ], [ 112.679378030150161, -7.870636914561022 ], [ 112.679373204533491, -7.869438337946156 ], [ 112.674242963278189, -7.864065145543212 ], [ 112.67243874705953, -7.863772686555187 ], [ 112.671829342859908, -7.861677562250593 ], [ 112.670020343781104, -7.860186507432021 ], [ 112.670302873694283, -7.855690626753683 ], [ 112.669400185281219, -7.855394562735068 ], [ 112.669094901579982, -7.854197172410768 ], [ 112.667592420102068, -7.854203135687484 ], [ 112.667581662494086, -7.851506319787968 ], [ 112.669376255080905, -7.849401643907608 ], [ 112.668467605285073, -7.847607344125942 ], [ 112.666057705088207, -7.846118638610823 ], [ 112.66424284287136, -7.843129305188412 ], [ 112.663341375738014, -7.843132868400385 ], [ 112.661530115106828, -7.841042458010499 ], [ 112.659725999086746, -7.840749921427353 ], [ 112.657914766061154, -7.838659489315098 ], [ 112.657013305643673, -7.838663036968878 ], [ 112.653996602960177, -7.835678363492426 ], [ 112.652180695751085, -7.832389300331598 ], [ 112.650977582676248, -7.832094360966951 ], [ 112.648561933783157, -7.829107275426803 ], [ 112.646456210469154, -7.828516194089493 ], [ 112.644947927559471, -7.827023807301421 ], [ 112.644635700227042, -7.824028478179169 ], [ 112.639508835733935, -7.819253943417424 ], [ 112.637688454413038, -7.814766171895472 ], [ 112.629544308920529, -7.806706927215493 ], [ 112.628937569817893, -7.805210978999185 ], [ 112.626227571376944, -7.803723120077608 ], [ 112.618386622644536, -7.796261721834681 ], [ 112.617777640918561, -7.794166436535583 ], [ 112.615667517837878, -7.792376536142222 ], [ 112.614758099808355, -7.790282387771332 ], [ 112.612646863012543, -7.788192809998097 ], [ 112.612637694190681, -7.78579556660226 ], [ 112.611431290831462, -7.78460151385923 ], [ 112.611422133196356, -7.782204268617918 ], [ 112.613533329066968, -7.78429386044228 ], [ 112.614141119492103, -7.786089504818167 ], [ 112.61685441254572, -7.788476438782897 ], [ 112.617462225846069, -7.790272073917755 ], [ 112.623794938019941, -7.796241014808867 ], [ 112.62740510564096, -7.797425784139343 ], [ 112.629816919246849, -7.79951410591108 ], [ 112.631319233603207, -7.799508317937742 ], [ 112.63252689540424, -7.801001945087953 ], [ 112.634029213032065, -7.800996146398951 ], [ 112.63493525963824, -7.802191272197258 ], [ 112.636437579697017, -7.802185464080471 ], [ 112.639152259836521, -7.804871857121109 ], [ 112.647866910975821, -7.805137647381412 ], [ 112.650880961133012, -7.807523124959029 ], [ 112.65178942059039, -7.80931749988077 ], [ 112.653898580787967, -7.810807520342106 ], [ 112.65510045004541, -7.810802815264264 ], [ 112.659622837618727, -7.814680564795725 ], [ 112.662328245121429, -7.814969579272181 ], [ 112.662932741817954, -7.815866156288682 ], [ 112.669850679212757, -7.817636768510145 ], [ 112.671959932461874, -7.819126675941327 ], [ 112.673462284814789, -7.819120723583232 ], [ 112.674668946784763, -7.820314540226989 ], [ 112.676774636522993, -7.82090548119167 ], [ 112.677982510108308, -7.822398930230772 ], [ 112.679484869518987, -7.822392953963758 ], [ 112.681297303753254, -7.824782931529808 ], [ 112.683100142063395, -7.824775743035843 ], [ 112.687324839085804, -7.829253593005376 ], [ 112.686727504257405, -7.830154928176582 ], [ 112.687326044862886, -7.829553236506461 ], [ 112.690330799228775, -7.829541201198374 ], [ 112.695440082322335, -7.829820334323959 ], [ 112.69664440543562, -7.830414783564946 ], [ 112.70295436649134, -7.830389342520101 ], [ 112.702656326497177, -7.83098983832761 ], [ 112.702958018000203, -7.831288265657627 ], [ 112.703258492452065, -7.831287051685315 ], [ 112.703257275019922, -7.830987410690924 ], [ 112.703557749209253, -7.830986196551702 ] ] ], [ [ [ 112.702955583612933, -7.830688983570372 ], [ 112.703257275019922, -7.830987410690924 ], [ 112.702956800782545, -7.830988624616226 ], [ 112.702955583612933, -7.830688983570372 ] ] ] ] }, { "type": "LineString", "coordinates": [ [ 112.703258492452065, -7.831287051685315 ], [ 112.703258492452065, -7.831287051685333 ] ] } ] } },
{ "type": "Feature", "properties": { "station": "Dhompo", "station_confidence": "Tinggi", "subbasin_id": "1", "upstream_area_km2": 488.53, "inside_big_basin": true }, "geometry": { "type": "GeometryCollection", "geometries": [ { "type": "Polygon", "coordinates": [ [ [ 112.86497824197474, -7.641841014377781 ], [ 112.865886990102169, -7.643634823130739 ], [ 112.867692786469519, -7.644525879497008 ], [ 112.86829081057266, -7.643924046614742 ], [ 112.87159296354929, -7.643610117827288 ], [ 112.872197508604756, -7.644506360468563 ], [ 112.873098451609835, -7.64450245102821 ], [ 112.872506966847354, -7.646602368039525 ], [ 112.873409221191068, -7.646898072502511 ], [ 112.873413142818038, -7.647796919319797 ], [ 112.874916033042666, -7.648090010863393 ], [ 112.874925193046067, -7.650187318110394 ], [ 112.87612646428471, -7.650182093660701 ], [ 112.876430711609942, -7.651079632147347 ], [ 112.877332976826295, -7.651375325400949 ], [ 112.880031902313533, -7.650464705544785 ], [ 112.879719777774397, -7.647769484306306 ], [ 112.882120985913062, -7.647459394555272 ], [ 112.882431810448566, -7.649854996465953 ], [ 112.88453402383665, -7.649845815302246 ], [ 112.884537970281713, -7.650744656234385 ], [ 112.885438919965026, -7.650740717849426 ], [ 112.88544681805611, -7.652538398659466 ], [ 112.887550358919313, -7.652828812687441 ], [ 112.887253995008095, -7.653728966913805 ], [ 112.888760862147819, -7.654920841316796 ], [ 112.888764820096284, -7.655819679839584 ], [ 112.887866499126702, -7.656422853746103 ], [ 112.887873094159758, -7.657920918600702 ], [ 112.889377339392311, -7.658513561232209 ], [ 112.889381300512369, -7.659412399284538 ], [ 112.890585230237107, -7.660006353201038 ], [ 112.890589194670369, -7.660905190561915 ], [ 112.889993834142047, -7.662106277178279 ], [ 112.889092862966294, -7.662110230904335 ], [ 112.8888031049364, -7.664508450192889 ], [ 112.890310020322374, -7.665700308315482 ], [ 112.889411685003282, -7.666303489708159 ], [ 112.889418294050841, -7.667801552536713 ], [ 112.88881896002006, -7.668103802363847 ], [ 112.889129864035439, -7.670499384510599 ], [ 112.887945727219076, -7.674399624766535 ], [ 112.8858513220828, -7.676206530309567 ], [ 112.885556271032897, -7.6774063003442 ], [ 112.884354930022582, -7.677411569619051 ], [ 112.884357570275156, -7.678010796208754 ], [ 112.883153588163381, -7.677416835540422 ], [ 112.88255687359208, -7.678318308056861 ], [ 112.88045320066901, -7.678027899542226 ], [ 112.87896073374489, -7.680131767781645 ], [ 112.878059718896097, -7.680135707618228 ], [ 112.877762012467016, -7.680736249271892 ], [ 112.876860995722623, -7.680740186903199 ], [ 112.875956034425684, -7.679845278517431 ], [ 112.874455654743954, -7.680151448094118 ], [ 112.872964461303866, -7.682554919408592 ], [ 112.873271368859903, -7.68405168514801 ], [ 112.872084442673525, -7.687352692929085 ], [ 112.871183409041663, -7.687356622016151 ], [ 112.869975472156142, -7.685863779604565 ], [ 112.869383963071371, -7.68796370600167 ], [ 112.868186513154896, -7.688867785024443 ], [ 112.868199623053258, -7.691863944081404 ], [ 112.866999539844855, -7.692168790710161 ], [ 112.866405393154437, -7.693669485711004 ], [ 112.863706167529159, -7.694580091011147 ], [ 112.862811654659765, -7.696082089968095 ], [ 112.859808130040264, -7.696095129410092 ], [ 112.859514307350395, -7.697594518711173 ], [ 112.858613245625961, -7.697598426585453 ], [ 112.858306365765927, -7.696101641251555 ], [ 112.854405679668361, -7.697017401988732 ], [ 112.854102720956675, -7.696419464694799 ], [ 112.851097879055828, -7.696132824967655 ], [ 112.845700568927853, -7.698253470873109 ], [ 112.845105040474763, -7.699454536109499 ], [ 112.844504325175265, -7.699457122003918 ], [ 112.844210446646429, -7.700956513935888 ], [ 112.842106639254283, -7.700665938045601 ], [ 112.841496864355946, -7.698571177857147 ], [ 112.840894855864747, -7.698274137955833 ], [ 112.841491690139989, -7.697372696454746 ], [ 112.845093375500127, -7.69675795846672 ], [ 112.845987960488458, -7.695255981342881 ], [ 112.845682422242319, -7.694058795565726 ], [ 112.847781005210337, -7.693150883753994 ], [ 112.849269788707574, -7.690148220044424 ], [ 112.850170839495675, -7.690144335543314 ], [ 112.851965143170588, -7.688338848704491 ], [ 112.853765933390747, -7.688031449911877 ], [ 112.854362727021496, -7.687129999942656 ], [ 112.856463855011853, -7.686821293805342 ], [ 112.857349265441101, -7.683221981858049 ], [ 112.855846243241274, -7.682928856161444 ], [ 112.855833235313881, -7.679932674723735 ], [ 112.857325835075997, -7.677828859643428 ], [ 112.85672385358211, -7.67753183735249 ], [ 112.856414410896946, -7.675435808067776 ], [ 112.855512094792687, -7.675140079983961 ], [ 112.852218744642869, -7.677551278013672 ], [ 112.852222637653739, -7.678450134437822 ], [ 112.854027284544557, -7.679041599893193 ], [ 112.854036379619927, -7.681138929187271 ], [ 112.852844098163771, -7.683241443394522 ], [ 112.850744277916093, -7.683849747257288 ], [ 112.849848429131214, -7.685052106291189 ], [ 112.846842369813132, -7.684465797254576 ], [ 112.843854418190531, -7.688074146854353 ], [ 112.84295336854575, -7.688078017059679 ], [ 112.842356546178294, -7.688979457156383 ], [ 112.840854792057399, -7.688985901963532 ], [ 112.84026700420192, -7.691984685052355 ], [ 112.837866757330247, -7.692594228613905 ], [ 112.833358867778472, -7.692014265565475 ], [ 112.832765878369088, -7.693814563904921 ], [ 112.831567026942693, -7.694418940693749 ], [ 112.830971456802871, -7.69561999462105 ], [ 112.831278244601933, -7.697116822383361 ], [ 112.83007938190427, -7.697721197601826 ], [ 112.830085810028109, -7.699219308945871 ], [ 112.82829521174105, -7.701923603603881 ], [ 112.828299066830652, -7.702822471147494 ], [ 112.826499456812016, -7.703429404612018 ], [ 112.826503308878372, -7.704328272997313 ], [ 112.825301851761779, -7.704333395033382 ], [ 112.824405889288045, -7.705535726880812 ], [ 112.823200581634097, -7.704641973837638 ], [ 112.821999121413285, -7.704647086818764 ], [ 112.819607714286619, -7.707353917974723 ], [ 112.818406244010717, -7.707359022664674 ], [ 112.818109712663968, -7.708259170748671 ], [ 112.816607870246074, -7.708265546575871 ], [ 112.816310056899809, -7.708866069981364 ], [ 112.815104749824343, -7.707972292498418 ], [ 112.813302536966859, -7.707979929930601 ], [ 112.812706899392424, -7.709180974203749 ], [ 112.811807064043592, -7.709484414591269 ], [ 112.811511791842619, -7.710684186815916 ], [ 112.809111366841208, -7.711293602968277 ], [ 112.808516986467495, -7.712794270727352 ], [ 112.807615866770618, -7.712798078894085 ], [ 112.806708389223573, -7.711303755241713 ], [ 112.804006304987738, -7.711614786882842 ], [ 112.803111530514599, -7.713116717864891 ], [ 112.801309283905155, -7.713124309855534 ], [ 112.801314355735016, -7.714322817281855 ], [ 112.799513369048441, -7.71463003002617 ], [ 112.797119217160954, -7.716737525422296 ], [ 112.791412029244356, -7.716761471966702 ], [ 112.790206731956189, -7.715867617693291 ], [ 112.791401938908919, -7.714364444239045 ], [ 112.790797402828659, -7.7134680739451 ], [ 112.791087695166382, -7.711069787952699 ], [ 112.792889943235352, -7.71106224100561 ], [ 112.793772138916182, -7.706564042153935 ], [ 112.796767004698637, -7.704454054123693 ], [ 112.796456532982276, -7.702058291686071 ], [ 112.799147196757957, -7.699050673731103 ], [ 112.800949386012348, -7.69904310459322 ], [ 112.802741442863692, -7.696638513162447 ], [ 112.804543618350337, -7.696630931276843 ], [ 112.805148146748152, -7.697527281660354 ], [ 112.806647422988817, -7.696921702389867 ], [ 112.806037820155083, -7.694826849317752 ], [ 112.807239263390471, -7.694821787517284 ], [ 112.808734716791761, -7.693317326044729 ], [ 112.808728368567515, -7.691819196440675 ], [ 112.810823250716339, -7.69001257277002 ], [ 112.810818168383136, -7.688814070300887 ], [ 112.811715422700246, -7.687911390730973 ], [ 112.812307234386722, -7.685811476734451 ], [ 112.81410044987669, -7.683706489359118 ], [ 112.814689704202621, -7.681007325607876 ], [ 112.815888557447394, -7.680402998863433 ], [ 112.815578030594494, -7.678007268591253 ], [ 112.81767791496749, -7.677399131545313 ], [ 112.817674095067986, -7.676500257602234 ], [ 112.819473621813685, -7.675893384125693 ], [ 112.819766320523968, -7.674094366749654 ], [ 112.820962596227034, -7.672890783568815 ], [ 112.82034661981892, -7.669297835508917 ], [ 112.821541608783875, -7.667794629863026 ], [ 112.823341092510816, -7.66718774983987 ], [ 112.824237003496194, -7.665985436361799 ], [ 112.827841051145214, -7.66597014512021 ], [ 112.828137552021929, -7.66507000032876 ], [ 112.829338896868833, -7.66506489631872 ], [ 112.831447653652177, -7.666554068713499 ], [ 112.832348663811018, -7.666550233355585 ], [ 112.83265541119772, -7.668047065833595 ], [ 112.834757773411823, -7.668038106103077 ], [ 112.835363584965691, -7.669234031474932 ], [ 112.83626459877685, -7.669230186586105 ], [ 112.837462092491094, -7.668326192822458 ], [ 112.837455664675559, -7.666828085545357 ], [ 112.840158686343784, -7.666816535686571 ], [ 112.842553635678073, -7.665008531212657 ], [ 112.84405530420149, -7.665002100451035 ], [ 112.844643072266564, -7.662003323727191 ], [ 112.846442477885589, -7.661396360418819 ], [ 112.846433443611417, -7.659299020167818 ], [ 112.849419934343203, -7.65539108148787 ], [ 112.850619944990939, -7.655086305181469 ], [ 112.851523507924597, -7.655681673939138 ], [ 112.853018664734904, -7.654177124749051 ], [ 112.853012194621726, -7.652679029680447 ], [ 112.851810900522139, -7.652684191438868 ], [ 112.851206375486811, -7.651787913051166 ], [ 112.850003791033316, -7.651493449631941 ], [ 112.849998625090834, -7.650294971385237 ], [ 112.850898299673261, -7.649991485946286 ], [ 112.85119474528264, -7.649091338775109 ], [ 112.853896340292579, -7.648780110472458 ], [ 112.854790829987948, -7.647278143147272 ], [ 112.857192087175022, -7.64696818855812 ], [ 112.857487222119715, -7.645768422250207 ], [ 112.859293019609936, -7.646659515746672 ], [ 112.860492993684531, -7.646354719367231 ], [ 112.862876044129877, -7.641850090801002 ], [ 112.865877882141291, -7.641537504374502 ], [ 112.86497824197474, -7.641841014377781 ] ], [ [ 112.880031902313533, -7.650464705544803 ], [ 112.880033214708178, -7.650764319963377 ], [ 112.880333532117191, -7.650763010510122 ], [ 112.880332219513207, -7.650463396143421 ], [ 112.880031902313533, -7.650464705544803 ] ], [ [ 112.880334844774083, -7.651062624872483 ], [ 112.880633849473256, -7.650761700848026 ], [ 112.880333532117191, -7.650763010510138 ], [ 112.880334844774083, -7.651062624872483 ] ] ] }, { "type": "MultiLineString", "coordinates": [ [ [ 112.86497824197474, -7.641841014377781 ], [ 112.86497824197474, -7.641841014377765 ] ], [ [ 112.880031902313533, -7.650464705544785 ], [ 112.880031902313533, -7.650464705544803 ] ], [ [ 112.880333532117191, -7.650763010510122 ], [ 112.880333532117191, -7.650763010510138 ] ] ] } ] } },
{ "type": "Feature", "properties": { "station": "Jalan Nasional", "station_confidence": "Tinggi-Sedang", "subbasin_id": "0", "upstream_area_km2": 491.17, "inside_big_basin": true }, "geometry": { "type": "MultiPolygon", "coordinates": [ [ [ [ 112.880633849473256, -7.65076170084801 ], [ 112.880334844774083, -7.651062624872483 ], [ 112.880333532117191, -7.650763010510122 ], [ 112.880633849473256, -7.65076170084801 ] ] ], [ [ [ 112.880333532117191, -7.650763010510138 ], [ 112.880031902313533, -7.650464705544785 ], [ 112.880332219513207, -7.650463396143404 ], [ 112.880333532117191, -7.650763010510138 ] ] ], [ [ [ 112.878676240506024, -7.615115384518721 ], [ 112.878689296062234, -7.618111535734358 ], [ 112.876593753083199, -7.619618727944459 ], [ 112.875705906609241, -7.622618787750185 ], [ 112.878109599414472, -7.622907983743117 ], [ 112.878712809386442, -7.623504606824271 ], [ 112.877818444644078, -7.625006593107592 ], [ 112.877822364112262, -7.625905438552829 ], [ 112.878725879746327, -7.626500756819349 ], [ 112.877836739564955, -7.62920120484948 ], [ 112.878146195099404, -7.631297205776175 ], [ 112.876948898942487, -7.632201268656944 ], [ 112.876952820336342, -7.633100114254134 ], [ 112.879664733770156, -7.635185670945262 ], [ 112.879373593186912, -7.637284280409612 ], [ 112.881185929709602, -7.639673352174571 ], [ 112.881503293249352, -7.64356702958114 ], [ 112.883917615721572, -7.64625307416608 ], [ 112.883622559063284, -7.647452840747299 ], [ 112.879719777774397, -7.647769484306306 ], [ 112.880031902313533, -7.650464705544803 ], [ 112.877332976826295, -7.651375325400966 ], [ 112.876430711609942, -7.651079632147347 ], [ 112.87612646428471, -7.650182093660701 ], [ 112.874925193046067, -7.650187318110394 ], [ 112.874916033042666, -7.648090010863409 ], [ 112.873413142818038, -7.647796919319816 ], [ 112.873409221191068, -7.646898072502529 ], [ 112.872506966847354, -7.646602368039525 ], [ 112.873098451609835, -7.644502451028224 ], [ 112.871594268870581, -7.643909733795469 ], [ 112.87189066651213, -7.643009583615324 ], [ 112.870981898332062, -7.641215793204251 ], [ 112.872174011457801, -7.639113274389404 ], [ 112.872457359821766, -7.635216965559628 ], [ 112.875153597641443, -7.633707166731422 ], [ 112.8748480682588, -7.632510007466459 ], [ 112.873042320900325, -7.631618971933595 ], [ 112.87273288873449, -7.629522961391319 ], [ 112.874234407378395, -7.629516455448377 ], [ 112.874214842844481, -7.625022219299193 ], [ 112.872409131367874, -7.624131172877019 ], [ 112.873304819533374, -7.622928809539457 ], [ 112.873299608308145, -7.621730345658264 ], [ 112.87299670507204, -7.621132413224969 ], [ 112.87149391326453, -7.62083929147163 ], [ 112.871183208236843, -7.618443658736735 ], [ 112.872384393439376, -7.618438466206717 ], [ 112.872981080224122, -7.617537020438405 ], [ 112.875085753716604, -7.618127155128942 ], [ 112.87477373232106, -7.615431913261673 ], [ 112.876878395148381, -7.616022041194112 ], [ 112.877174775872277, -7.615121893648858 ], [ 112.878676240506024, -7.615115384518721 ] ] ] ] } },
{ "type": "Feature", "properties": { "station": "Klosod", "station_confidence": "Sedang", "subbasin_id": "3", "upstream_area_km2": 105.41, "inside_big_basin": true }, "geometry": { "type": "Polygon", "coordinates": [ [ [ 112.842179942729999, -7.647931430849883 ], [ 112.844583803840663, -7.648220784506046 ], [ 112.844886700574122, -7.648818741083696 ], [ 112.844288630654205, -7.649420550887749 ], [ 112.844588953254927, -7.649419266544483 ], [ 112.844887988162967, -7.649118361540221 ], [ 112.844886700574122, -7.648818741083678 ], [ 112.846990243084775, -7.64910936418447 ], [ 112.848497013106254, -7.650301410573878 ], [ 112.849394107799142, -7.6493986886502 ], [ 112.850895715862663, -7.64939224709429 ], [ 112.850898299673261, -7.649991485946286 ], [ 112.849998625090834, -7.650294971385237 ], [ 112.850003791033316, -7.651493449631924 ], [ 112.851206375486811, -7.65178791305115 ], [ 112.851810900522139, -7.652684191438854 ], [ 112.853012194621726, -7.652679029680431 ], [ 112.852421897132132, -7.655078563852635 ], [ 112.851223182122681, -7.655682964158273 ], [ 112.849718968216905, -7.65509017302449 ], [ 112.846433443611417, -7.659299020167818 ], [ 112.846442477885589, -7.661396360418819 ], [ 112.844943403614451, -7.662002037037484 ], [ 112.843141414748274, -7.66200975403792 ], [ 112.843134972446776, -7.660511651124956 ], [ 112.841334275101005, -7.66081897996614 ], [ 112.841031370242931, -7.660221022043832 ], [ 112.841923351414422, -7.658119824076602 ], [ 112.843127243397305, -7.658713927485069 ], [ 112.844024365435686, -7.657811210183479 ], [ 112.844315674312028, -7.655712581511458 ], [ 112.844915039525517, -7.655410390118282 ], [ 112.844903443279918, -7.652713806677892 ], [ 112.843998605972757, -7.651818799703503 ], [ 112.840692464748059, -7.651233673609252 ], [ 112.838891800601161, -7.651540983511842 ], [ 112.839183138505348, -7.649442352770691 ], [ 112.840684755398286, -7.649435946717413 ], [ 112.842179942729999, -7.647931430849883 ] ] ] } },
{ "type": "Feature", "properties": { "station": "Krajan Timur", "station_confidence": "Sedang-Tinggi", "subbasin_id": "13", "upstream_area_km2": 161.48, "inside_big_basin": true }, "geometry": { "type": "GeometryCollection", "geometries": [ { "type": "MultiPolygon", "coordinates": [ [ [ [ 112.687326044862886, -7.829553236506461 ], [ 112.683100142063395, -7.824775743035843 ], [ 112.681297303753254, -7.824782931529808 ], [ 112.679484869518987, -7.822392953963774 ], [ 112.677982510108308, -7.822398930230788 ], [ 112.676774636522993, -7.820905481191687 ], [ 112.674668946784763, -7.820314540226989 ], [ 112.673462284814789, -7.819120723583248 ], [ 112.671959932461874, -7.819126675941345 ], [ 112.669850679212757, -7.817636768510145 ], [ 112.666843599807947, -7.817049346294451 ], [ 112.666540751933482, -7.816451238405814 ], [ 112.662932741817954, -7.815866156288682 ], [ 112.662328245121429, -7.814969579272181 ], [ 112.659622837618727, -7.814680564795742 ], [ 112.65510045004541, -7.81080281526428 ], [ 112.653898580787967, -7.810807520342122 ], [ 112.65178942059039, -7.809317499880787 ], [ 112.650880961133012, -7.807523124959046 ], [ 112.647866910975821, -7.805137647381412 ], [ 112.639152259836521, -7.804871857121125 ], [ 112.636437579697017, -7.802185464080488 ], [ 112.63493525963824, -7.802191272197274 ], [ 112.634029213032065, -7.800996146398965 ], [ 112.63252689540424, -7.801001945087969 ], [ 112.631319233603207, -7.79950831793776 ], [ 112.629816919246849, -7.799514105911096 ], [ 112.62740510564096, -7.797425784139357 ], [ 112.625299558271777, -7.796834557423972 ], [ 112.630707862374678, -7.79681376060117 ], [ 112.631915512646415, -7.798307391725689 ], [ 112.634621994012079, -7.798896261699996 ], [ 112.634924783365278, -7.799494405067507 ], [ 112.640934018211652, -7.799471148765242 ], [ 112.641537277818614, -7.800068120295196 ], [ 112.650850390388996, -7.799732239049735 ], [ 112.651755297778195, -7.800627670138353 ], [ 112.660170536489858, -7.801194044396213 ], [ 112.661679933378721, -7.8029860344516 ], [ 112.668590515512179, -7.802958833513224 ], [ 112.671304172998674, -7.805345329624918 ], [ 112.674008318639594, -7.805334634494307 ], [ 112.674306393616874, -7.804734153367139 ], [ 112.675808692725226, -7.804728203561292 ], [ 112.675806305362698, -7.804128912292786 ], [ 112.677006947623354, -7.803824503524742 ], [ 112.686020692505849, -7.803788671349485 ], [ 112.687524181113474, -7.804082324497924 ], [ 112.687827042980842, -7.804680413230265 ], [ 112.691735400659852, -7.805264094249414 ], [ 112.693244926337115, -7.807055939614077 ], [ 112.695949052337994, -7.807045101873027 ], [ 112.696247093343416, -7.806444611744364 ], [ 112.700150617533382, -7.805829641511485 ], [ 112.701047140303373, -7.804627449873112 ], [ 112.703450784407934, -7.804617775827341 ], [ 112.707351835206637, -7.803403463457092 ], [ 112.711560622305228, -7.80398574504769 ], [ 112.711858637402088, -7.803385249105093 ], [ 112.716966333428275, -7.803364548195098 ], [ 112.717564791523174, -7.802762830458851 ], [ 112.723876723424738, -7.803336443032356 ], [ 112.724174718776766, -7.802735942315635 ], [ 112.725977422130271, -7.802728591282676 ], [ 112.726275413917136, -7.802128089818162 ], [ 112.728980692577338, -7.802416685168895 ], [ 112.731976554930355, -7.80030693738827 ], [ 112.736184054379194, -7.800589337050148 ], [ 112.736482029165245, -7.799988831862262 ], [ 112.738587630876438, -7.800579468452714 ], [ 112.739495163912807, -7.802073942634528 ], [ 112.741001121625544, -7.802966669719082 ], [ 112.741307770815894, -7.804463609899859 ], [ 112.742808774842416, -7.804157787277476 ], [ 112.743405947123733, -7.803256405805022 ], [ 112.744607738746268, -7.803251451023947 ], [ 112.748530994577123, -7.807430202960271 ], [ 112.74973279482235, -7.80742523098264 ], [ 112.750630402364521, -7.806522598306168 ], [ 112.753934090654354, -7.806209269038606 ], [ 112.754844188601851, -7.808302961395471 ], [ 112.756049741824128, -7.809196869684841 ], [ 112.756053496830432, -7.810095768406062 ], [ 112.75756076210601, -7.81128805465957 ], [ 112.759980687761782, -7.815173269964586 ], [ 112.76148421281728, -7.815466639574353 ], [ 112.762090148393298, -7.816662660409722 ], [ 112.765393886161931, -7.816349225807341 ], [ 112.766301548279714, -7.817843612649651 ], [ 112.767504627974716, -7.818138214454307 ], [ 112.771126514704903, -7.822018300111053 ], [ 112.775034985059293, -7.822601148922681 ], [ 112.775041322285787, -7.82409929708656 ], [ 112.776249495752324, -7.825592386143046 ], [ 112.777471648919658, -7.830381390472658 ], [ 112.778677309837192, -7.831275208295006 ], [ 112.781082279876344, -7.831564687428032 ], [ 112.783799189971617, -7.83454953318776 ], [ 112.787402196117256, -7.833934998908615 ], [ 112.790722651969006, -7.837516489506694 ], [ 112.790424748773162, -7.838117020627065 ], [ 112.792534417086472, -7.839606207027472 ], [ 112.792543396713938, -7.841703592659216 ], [ 112.79616186137244, -7.844684483427018 ], [ 112.796767945766931, -7.84588042111185 ], [ 112.79677824096494, -7.848277426946723 ], [ 112.795580213379282, -7.84918143685824 ], [ 112.796490640813744, -7.851274967706265 ], [ 112.795295178772562, -7.852778230551388 ], [ 112.795301613341238, -7.854276359957217 ], [ 112.794405330833627, -7.855478713226204 ], [ 112.794712242604334, -7.856975559865939 ], [ 112.796219785572731, -7.858167642795222 ], [ 112.796249430892289, -7.865059031864751 ], [ 112.797758302257591, -7.866550726549856 ], [ 112.798668797209558, -7.868644240012379 ], [ 112.801682712560762, -7.870728720032609 ], [ 112.801689184960665, -7.87222684288337 ], [ 112.803196807200848, -7.87341888296426 ], [ 112.802000033088831, -7.874622547818928 ], [ 112.798690765852797, -7.873737866228491 ], [ 112.798084618001539, -7.872541943202275 ], [ 112.796579591632636, -7.871949131491537 ], [ 112.795970872501655, -7.870153952304602 ], [ 112.793861016858457, -7.868664822763796 ], [ 112.793554089899459, -7.867167977540805 ], [ 112.792353433982385, -7.867472738952895 ], [ 112.790839430733527, -7.86478251549588 ], [ 112.789333154909727, -7.863890042235648 ], [ 112.790501691954049, -7.856094626765278 ], [ 112.788991604338335, -7.854303264024237 ], [ 112.7889813457721, -7.851906248610919 ], [ 112.786564739262559, -7.848920196119841 ], [ 112.785360286163041, -7.848326044392334 ], [ 112.785356449587795, -7.847427161602022 ], [ 112.783548502259208, -7.84623629722693 ], [ 112.783537008667878, -7.843539645794623 ], [ 112.782631769131854, -7.84264458027588 ], [ 112.782625389540001, -7.841146439629963 ], [ 112.781419689564672, -7.84025264177915 ], [ 112.781410767315009, -7.838155243216732 ], [ 112.779306225557363, -7.837864505369468 ], [ 112.777797531831197, -7.836372704397033 ], [ 112.775996004514411, -7.836679937904228 ], [ 112.775999815689602, -7.837578825747135 ], [ 112.775400151098097, -7.837880988536116 ], [ 112.776924105408142, -7.842968347580378 ], [ 112.778129807817081, -7.843862158604419 ], [ 112.779632164369858, -7.843855808663085 ], [ 112.780239479899421, -7.845351409598848 ], [ 112.781746943876271, -7.846543563796213 ], [ 112.783264636235714, -7.850132734004299 ], [ 112.784471650982823, -7.851326146584031 ], [ 112.785087956685359, -7.854919126603765 ], [ 112.786595471243899, -7.856111252048599 ], [ 112.786902357288014, -7.857608110549427 ], [ 112.786906202228039, -7.858506992144593 ], [ 112.78600732270921, -7.859110080096035 ], [ 112.7860175737394, -7.861507098598292 ], [ 112.786621103400108, -7.862103796689654 ], [ 112.786341137017288, -7.866899110255636 ], [ 112.783649565307272, -7.869906888717517 ], [ 112.780945159976554, -7.869918378340674 ], [ 112.780652345811546, -7.871717422144214 ], [ 112.779754708952993, -7.872620132897516 ], [ 112.776738299153834, -7.86993621647891 ], [ 112.776130939475649, -7.868440617328925 ], [ 112.77372829634173, -7.868750415438867 ], [ 112.772223299825725, -7.868157505362587 ], [ 112.771926627834901, -7.869057662878277 ], [ 112.770425446046289, -7.869363635233761 ], [ 112.768920449168832, -7.868770712767259 ], [ 112.768313117635557, -7.867275095599497 ], [ 112.766207150795026, -7.866684692761679 ], [ 112.765902857208843, -7.865787065711957 ], [ 112.7637931005642, -7.864297755690504 ], [ 112.755379404140115, -7.864333020903579 ], [ 112.750855716182571, -7.860456614768502 ], [ 112.750845668265129, -7.858059550433799 ], [ 112.749941699633268, -7.857464039731373 ], [ 112.747237325529824, -7.85747529441889 ], [ 112.744824675572161, -7.855387845646599 ], [ 112.742423291774486, -7.855997087677013 ], [ 112.740318641067972, -7.855706168802353 ], [ 112.739420924507399, -7.856608805584688 ], [ 112.737918489563455, -7.856615022054165 ], [ 112.736419789258861, -7.857520139314862 ], [ 112.731006031736939, -7.85634391245202 ], [ 112.724671046816113, -7.850377112288345 ], [ 112.718955669983487, -7.84890229624075 ], [ 112.717745118146397, -7.846809737181124 ], [ 112.716243930369089, -7.847115507297079 ], [ 112.713830240274504, -7.84472819375636 ], [ 112.710524930915994, -7.844741641441001 ], [ 112.709921516355948, -7.84414480416785 ], [ 112.709915395713224, -7.842646605287914 ], [ 112.706308392515425, -7.842361596457482 ], [ 112.705704986830952, -7.841764751039457 ], [ 112.705684239231473, -7.836670862570832 ], [ 112.708088060939858, -7.836661122615194 ], [ 112.709283858169826, -7.835158047592359 ], [ 112.710185286717774, -7.835154389715758 ], [ 112.711682770691795, -7.833949730479247 ], [ 112.711679099217704, -7.833050811561503 ], [ 112.710475978494131, -7.832756051423416 ], [ 112.709870140426048, -7.83155993012444 ], [ 112.707163435731673, -7.830971610195297 ], [ 112.703558966855923, -7.831285837499093 ], [ 112.703259709932254, -7.831586692675286 ], [ 112.703557749209253, -7.830986196551702 ], [ 112.702958018000203, -7.831288265657643 ], [ 112.702656326497177, -7.83098983832761 ], [ 112.70295436649134, -7.830389342520115 ], [ 112.69664440543562, -7.830414783564962 ], [ 112.695440082322335, -7.829820334323977 ], [ 112.690332007198251, -7.829840844228882 ], [ 112.690330799228775, -7.829541201198389 ], [ 112.687326044862886, -7.829553236506477 ], [ 112.687327250687545, -7.829852880003129 ], [ 112.687026774774637, -7.829854082404127 ], [ 112.687027980432376, -7.830153725942917 ], [ 112.686727504257405, -7.830154928176582 ], [ 112.687326044862886, -7.829553236506461 ] ], [ [ 112.703256057635784, -7.830687769692099 ], [ 112.702955583612933, -7.830688983570392 ], [ 112.702956800782559, -7.830988624616226 ], [ 112.703257275019922, -7.830987410690924 ], [ 112.703256057635784, -7.830687769692099 ] ] ], [ [ [ 112.624997940159901, -7.796536057329823 ], [ 112.625299558271777, -7.79683455742399 ], [ 112.624999096496964, -7.79683571077945 ], [ 112.624997940159901, -7.796536057329823 ] ] ] ] }, { "type": "MultiLineString", "coordinates": [ [ [ 112.687326044862886, -7.829553236506461 ], [ 112.687326044862886, -7.829553236506477 ] ], [ [ 112.702955583612933, -7.830688983570372 ], [ 112.702955583612933, -7.830688983570392 ] ], [ [ 112.703558966855923, -7.831285837499075 ], [ 112.703558966855923, -7.831285837499093 ] ], [ [ 112.687026774774637, -7.829854082404109 ], [ 112.687026774774637, -7.829854082404127 ] ], [ [ 112.702956800782545, -7.830988624616226 ], [ 112.702956800782559, -7.830988624616226 ] ] ] } ] } },
{ "type": "Feature", "properties": { "station": "Purwodadi", "station_confidence": "Tinggi", "subbasin_id": "12", "upstream_area_km2": 169.0, "inside_big_basin": true }, "geometry": { "type": "Polygon", "coordinates": [ [ [ 112.75807529564868, -7.790610899005556 ], [ 112.759577478116228, -7.79060466297317 ], [ 112.763197758303079, -7.794185258748668 ], [ 112.763505724240432, -7.79598179921368 ], [ 112.76561508184443, -7.797471192045728 ], [ 112.765923063264324, -7.799267727641413 ], [ 112.767128602747434, -7.800161605220364 ], [ 112.767435336437117, -7.801658506435372 ], [ 112.76715125505379, -7.80555496696357 ], [ 112.768662304525904, -7.807646103176541 ], [ 112.770165800583811, -7.807939446637437 ], [ 112.772878666531341, -7.81002552715042 ], [ 112.77288372181539, -7.811224047808001 ], [ 112.776201322148623, -7.81420646560354 ], [ 112.776812362292191, -7.81660097420154 ], [ 112.778920602720476, -7.817790636387054 ], [ 112.779835932805938, -7.821082755917874 ], [ 112.781643748422425, -7.822273664355486 ], [ 112.781951837873549, -7.824070166801796 ], [ 112.784062677897637, -7.825859047433924 ], [ 112.784678893285289, -7.829452041395646 ], [ 112.787696268346082, -7.832435587231374 ], [ 112.787703937143334, -7.834233351743068 ], [ 112.786200344544596, -7.833940095061105 ], [ 112.785902435518935, -7.834540623966637 ], [ 112.783799189971617, -7.834549533187778 ], [ 112.781082279876344, -7.831564687428032 ], [ 112.778677309837192, -7.831275208295025 ], [ 112.777471648919658, -7.830381390472675 ], [ 112.776249495752324, -7.82559238614306 ], [ 112.775041322285787, -7.824099297086578 ], [ 112.775034985059293, -7.822601148922681 ], [ 112.771126514704903, -7.822018300111067 ], [ 112.767504627974716, -7.818138214454307 ], [ 112.766301548279714, -7.817843612649667 ], [ 112.765393886161931, -7.816349225807341 ], [ 112.762090148393298, -7.816662660409738 ], [ 112.76148421281728, -7.815466639574353 ], [ 112.759980687761782, -7.815173269964601 ], [ 112.75756076210601, -7.811288054659586 ], [ 112.756053496830432, -7.810095768406062 ], [ 112.756049741824128, -7.809196869684841 ], [ 112.754844188601851, -7.808302961395471 ], [ 112.753934090654354, -7.806209269038626 ], [ 112.750630402364521, -7.806522598306168 ], [ 112.74973279482235, -7.80742523098264 ], [ 112.748530994577123, -7.807430202960271 ], [ 112.744607738746268, -7.803251451023963 ], [ 112.743405947123733, -7.803256405805022 ], [ 112.742209118203078, -7.804459898032767 ], [ 112.741006081497858, -7.80416521136274 ], [ 112.740699433786162, -7.802668270658327 ], [ 112.741600777620945, -7.802664560935261 ], [ 112.742498398567008, -7.801761943722642 ], [ 112.741587137860975, -7.799368572058434 ], [ 112.742785198086224, -7.798464719319704 ], [ 112.742780236818632, -7.797266178493316 ], [ 112.746077661451764, -7.795454751725999 ], [ 112.748467515137648, -7.792148855578083 ], [ 112.749368832713216, -7.792145134300066 ], [ 112.749666783321956, -7.791544625075126 ], [ 112.75627891936449, -7.792116540867255 ], [ 112.75807529564868, -7.790610899005556 ] ] ] } },
{ "type": "Feature", "properties": { "station": "Sidogiri", "station_confidence": "Sedang", "subbasin_id": "4", "upstream_area_km2": 104.35, "inside_big_basin": true }, "geometry": { "type": "Polygon", "coordinates": [ [ [ 112.836185027636049, -7.650653636869273 ], [ 112.837993391824554, -7.652144068243311 ], [ 112.83889436838983, -7.65214022637453 ], [ 112.839190841574521, -7.651240081185377 ], [ 112.840692464748059, -7.651233673609252 ], [ 112.843998605972757, -7.651818799703487 ], [ 112.844903443279918, -7.652713806677876 ], [ 112.844915039525517, -7.655410390118282 ], [ 112.844315674312028, -7.655712581511458 ], [ 112.8440243654357, -7.657811210183479 ], [ 112.843127243397305, -7.658713927485069 ], [ 112.841923351414422, -7.658119824076602 ], [ 112.841028796724032, -7.659621780127773 ], [ 112.841334275101005, -7.660818979966123 ], [ 112.843134972446776, -7.660511651124937 ], [ 112.843141414748274, -7.66200975403792 ], [ 112.844643072266564, -7.662003323727191 ], [ 112.844646941415533, -7.662902184659414 ], [ 112.844047566706593, -7.663204378120327 ], [ 112.84405530420149, -7.665002100451035 ], [ 112.842553635678073, -7.665008531212657 ], [ 112.840158686343784, -7.666816535686571 ], [ 112.837455664675559, -7.666828085545357 ], [ 112.837462092491094, -7.668326192822458 ], [ 112.835363584965691, -7.669234031474932 ], [ 112.834757773411823, -7.668038106103094 ], [ 112.83265541119772, -7.668047065833613 ], [ 112.832348663811018, -7.666550233355585 ], [ 112.832945490519947, -7.665648808693355 ], [ 112.835043990209471, -7.664740984643788 ], [ 112.834137854576355, -7.66354633649072 ], [ 112.834431775593686, -7.662046946709927 ], [ 112.835634391092967, -7.662341448983927 ], [ 112.836826734828378, -7.660238974329517 ], [ 112.835910344956844, -7.656647353808838 ], [ 112.834707746366519, -7.656352848490939 ], [ 112.833800353933086, -7.654858572520422 ], [ 112.833796511612931, -7.653959705753923 ], [ 112.83499910307755, -7.654254215386636 ], [ 112.834990133245086, -7.652156860892911 ], [ 112.835891111361704, -7.652153025291676 ], [ 112.836185027636049, -7.650653636869273 ] ] ] } }
]
}
