Datetime,Bd. Suwoto,Krajan Timur,Purwodadi,Bd. Sentono,Bd. Baong,Bd. Lecari,Bd. Bakalan,AWLR Kademungan,Bd. Domas,Bd Guyangan,Bd. Grinting,Sidogiri,Klosod,Dhompo,Jalan Nasional
2022-10-01 08:00:00,503.723,335.546,287.063,680.536,169.046,167.806,136.422,128.465,57.289,32.597,28.065,24.642,22.708,7.094,1.875
2022-10-01 08:30:00,503.723,336.023,287.063,681.512,169.144,168.79,139.022,128.826,57.289,33.136,28.124,25.27,23.939,7.307,1.875
2022-10-01 09:00:00,503.723,336.188,287.063,681.665,169.461,168.884,139.281,128.742,57.289,33.265,28.197,25.348,24.073,7.394,1.875
2022-10-01 09:30:00,503.803,336.285,287.063,681.739,169.784,168.954,139.151,128.915,57.289,33.357,28.245,25.329,24.196,7.467,1.875
2022-10-01 10:00:00,503.929,336.349,287.063,681.831,169.999,168.988,139.396,128.925,57.289,33.431,28.303,25.28,24.307,7.51,1.875
2022-10-01 10:30:00,504.065,336.523,287.67,681.89,169.813,169.044,139.56,129.509,57.289,33.535,28.436,25.431,24.422,7.63,1.875
2022-10-01 11:00:00,504.208,336.91,289.767,682.352,169.746,169.102,139.853,130.01,57.289,33.61,28.574,25.588,24.528,7.823,1.906
2022-10-01 11:30:00,504.5,337.079,290.541,681.854,169.822,169.139,140.069,129.887,57.289,33.529,28.592,25.586,24.476,7.933,1.92
2022-10-01 12:00:00,504.579,337.104,290.867,681.808,170.091,169.168,140.549,131.094,57.289,33.521,28.581,25.574,24.459,7.922,1.923
2022-10-01 12:30:00,504.675,337.075,290.813,681.769,172.819,169.169,140.616,129.35,57.289,33.503,28.556,25.561,24.45,7.882,1.924
2022-10-01 13:00:00,504.799,337.04,290.678,681.726,169.466,169.174,140.661,131.162,57.407,33.468,28.533,25.549,24.445,7.851,1.925
2022-10-01 13:30:00,504.939,337.019,290.514,681.63,173.077,169.187,140.698,129.786,57.936,33.464,28.759,25.538,24.441,7.848,1.925
2022-10-01 14:00:00,505.082,336.99,290.354,681.608,169.824,169.196,140.751,129.264,57.33,33.466,29.673,25.53,24.439,7.883,1.925
2022-10-01 14:30:00,505.243,336.974,290.201,681.619,170.286,169.203,140.832,133.332,59.353,33.501,29.862,25.545,24.456,7.9,1.933
2022-10-01 15:00:00,505.402,336.96,290.151,681.697,174.093,169.203,140.879,130.397,59.153,33.531,29.823,25.559,24.467,8.915,1.946
2022-10-01 15:30:00,505.535,336.939,290.14,681.694,177.077,169.195,140.905,129.34,60.136,33.518,30.321,25.559,24.466,9.619,1.954
2022-10-01 16:00:00,505.658,336.929,290.193,681.694,169.799,169.19,140.909,129.445,57.796,33.543,31.491,25.559,24.466,10.011,1.961
2022-10-01 16:30:00,505.762,336.901,290.224,681.614,176.168,169.182,140.895,132.595,58.979,33.658,30.53,25.549,24.458,11.224,1.963
2022-10-01 17:00:00,505.829,336.875,290.205,681.602,169.962,169.172,140.873,129.287,57.901,33.897,30.725,25.539,24.453,10.832,1.964
2022-10-01 17:30:00,505.857,336.871,290.135,681.591,174.175,169.157,140.849,129.385,57.735,34.027,30.617,25.531,24.449,10.654,4.248
2022-10-01 18:00:00,505.863,336.898,290.041,681.581,169.839,169.138,140.824,129.948,57.873,34.083,31.121,25.524,24.445,10.644,4.412
2022-10-01 18:30:00,505.861,336.907,289.969,681.571,173.318,169.118,140.801,129.303,58.887,34.147,31.36,25.517,24.443,10.881,4.5
2022-10-01 19:00:00,505.856,336.89,289.889,681.562,169.73,169.096,140.78,132.043,59.587,34.233,30.09,25.512,24.441,11.091,4.613
2022-10-01 19:30:00,505.851,336.864,289.817,681.554,173.874,169.082,140.762,129.375,57.328,34.275,30.275,25.507,24.439,10.511,4.766
2022-10-01 20:00:00,505.846,336.838,289.74,681.547,169.708,169.069,140.743,129.438,57.799,34.283,30.796,25.503,24.437,10.372,4.785
2022-10-01 20:30:00,505.842,336.815,289.673,681.547,169.603,169.056,140.726,129.193,57.289,34.277,29.892,25.499,24.436,10.783,4.713
2022-10-01 21:00:00,505.84,336.79,289.61,681.653,172.192,169.043,140.708,129.55,57.711,34.267,30.774,25.581,24.435,10.234,4.723
2022-10-01 21:30:00,505.841,336.767,289.55,681.687,169.767,169.031,140.69,129.237,57.927,34.256,30.054,25.995,24.798,10.762,4.677
2022-10-01 22:00:00,505.844,336.742,289.496,681.704,170.486,169.02,140.373,129.425,57.44,34.243,29.995,26.155,25.129,10.247,4.689
2022-10-01 22:30:00,505.849,336.717,289.448,681.709,170.002,169.01,140.353,130.415,58.218,34.227,30.34,26.186,25.256,10.186,4.646
2022-10-01 23:00:00,505.855,336.694,289.4,681.71,169.503,169.0,140.333,130.674,57.46,34.211,30.392,26.188,25.276,10.08,4.557
2022-10-01 23:30:00,505.861,336.673,289.355,681.709,169.583,168.991,140.314,132.059,57.767,34.196,30.215,26.184,25.284,10.305,4.468
2022-10-02 00:00:00,505.867,336.653,289.315,681.708,169.486,168.982,140.296,131.262,58.392,34.175,29.844,26.18,25.284,10.168,4.443
2022-10-02 00:30:00,505.873,336.635,289.28,681.709,169.63,168.974,140.279,129.19,58.15,34.155,30.048,26.175,25.282,10.075,4.423
2022-10-02 01:00:00,505.878,336.62,289.248,681.709,169.569,168.966,140.262,129.506,57.495,34.137,30.077,26.167,25.282,9.854,4.38
2022-10-02 01:30:00,505.883,336.606,289.219,681.709,172.589,168.96,140.246,129.183,57.988,34.121,30.096,26.157,25.278,10.15,4.302
2022-10-02 02:00:00,505.887,336.593,289.193,681.708,169.618,168.955,140.23,129.233,57.522,34.105,29.945,26.146,25.272,10.207,4.276
2022-10-02 02:30:00,505.889,336.58,289.181,681.705,169.57,168.949,140.215,130.277,57.289,34.089,29.955,26.132,25.264,10.262,4.297
2022-10-02 03:00:00,505.89,336.567,289.271,681.703,169.549,168.944,140.199,129.494,57.524,34.073,29.937,26.118,25.256,10.16,4.331
2022-10-02 03:30:00,505.891,336.556,289.373,681.701,170.011,168.94,140.184,130.339,58.021,34.057,29.733,26.103,25.248,10.227,4.339
2022-10-02 04:00:00,505.89,336.546,289.397,681.699,169.543,168.937,140.17,129.126,57.331,34.041,29.893,26.088,25.239,10.191,4.347
2022-10-02 04:30:00,505.889,336.538,289.386,681.697,169.576,168.933,140.155,129.663,58.144,34.032,29.857,26.073,25.231,10.184,4.355
2022-10-02 05:00:00,505.888,336.53,289.368,681.696,169.564,168.929,140.141,129.276,58.197,34.016,29.722,26.058,25.223,10.188,4.35
2022-10-02 05:30:00,505.886,336.523,289.35,681.694,169.488,168.924,140.126,130.439,57.856,34.001,30.014,26.043,25.214,10.178,4.351
2022-10-02 06:00:00,505.883,336.517,289.335,681.693,172.936,168.92,140.113,130.446,57.438,33.987,29.58,26.026,25.205,10.202,4.349
2022-10-02 06:30:00,505.88,336.511,289.32,681.692,172.645,168.915,140.1,129.608,57.883,33.974,29.663,26.007,25.195,10.12,4.345
2022-10-02 07:00:00,505.877,336.505,289.305,681.69,169.588,168.911,140.087,129.838,57.625,33.961,29.56,25.989,25.183,9.989,4.339
2022-10-02 07:30:00,505.874,336.5,289.288,681.689,169.67,168.907,140.076,130.523,58.048,33.949,29.658,25.971,25.17,9.954,4.299
2022-10-02 08:00:00,505.87,336.493,289.27,681.688,171.814,168.903,140.064,129.366,57.289,33.936,29.63,25.955,25.159,9.928,4.254
2022-10-02 08:30:00,505.867,336.487,289.25,681.687,169.6,168.9,140.053,129.173,57.728,33.924,29.618,25.94,25.151,9.925,4.212
2022-10-02 09:00:00,505.864,336.481,289.231,681.685,169.592,168.897,140.043,129.143,57.289,33.912,29.489,25.925,25.149,9.933,4.182
2022-10-02 09:30:00,505.86,336.476,289.21,681.684,169.961,168.894,140.033,129.339,57.381,33.901,29.383,25.911,25.14,9.898,4.16
2022-10-02 10:00:00,505.856,336.471,289.19,681.683,169.583,168.891,140.009,129.334,57.315,33.89,29.454,25.897,25.13,9.79,4.139
2022-10-02 10:30:00,505.853,336.468,289.17,681.681,169.491,168.889,139.999,129.223,57.289,33.881,29.51,25.882,25.121,9.74,4.103
2022-10-02 11:00:00,505.849,336.463,289.149,681.68,169.621,168.886,139.989,130.306,57.549,33.874,29.507,25.869,25.112,9.738,4.055
2022-10-02 11:30:00,505.847,336.46,289.128,681.681,169.797,168.885,139.981,130.289,57.289,33.866,29.529,25.856,25.104,9.776,4.019
2022-10-02 12:00:00,505.844,336.457,289.109,681.681,169.661,168.885,139.973,129.669,57.413,33.857,29.233,25.845,25.096,9.773,3.999
2022-10-02 12:30:00,505.841,336.453,289.09,681.68,170.555,168.882,139.965,129.332,57.373,33.849,29.444,25.832,25.089,9.747,3.99
2022-10-02 13:00:00,505.838,336.448,289.072,681.678,169.58,168.88,139.958,129.44,57.289,33.842,29.346,25.821,25.082,9.635,3.978
2022-10-02 13:30:00,505.835,336.443,289.053,681.677,170.017,168.877,139.95,129.092,57.289,33.835,29.404,25.807,25.075,9.662,3.945
2022-10-02 14:00:00,505.831,336.438,289.035,681.676,169.619,168.875,139.943,129.033,57.289,33.828,29.315,25.791,25.068,9.667,3.912
2022-10-02 14:30:00,505.828,336.433,289.017,681.675,169.754,168.873,139.936,129.419,57.289,33.821,29.239,25.774,25.061,9.673,3.897
2022-10-02 15:00:00,505.825,336.428,288.998,681.674,169.531,168.871,139.929,129.344,57.335,33.815,29.372,25.758,25.053,9.623,3.888
2022-10-02 15:30:00,505.823,336.424,288.981,681.675,169.714,168.87,139.923,129.157,57.289,33.809,29.212,25.741,25.047,9.573,3.873
2022-10-02 16:00:00,505.82,336.421,288.966,681.675,169.613,168.87,139.917,129.572,57.289,33.803,29.3,25.725,25.042,9.597,3.844
2022-10-02 16:30:00,505.817,336.416,288.951,681.674,169.568,168.868,139.911,129.361,57.289,33.798,29.253,25.706,25.035,9.551,3.825
2022-10-02 17:00:00,505.814,336.411,288.937,681.673,169.776,168.865,139.905,129.163,57.304,33.793,29.231,25.687,25.029,9.551,3.806
2022-10-02 17:30:00,505.811,336.406,288.922,681.671,169.635,168.863,139.899,129.388,57.289,33.788,29.245,25.668,25.023,9.54,3.786
2022-10-02 18:00:00,505.808,336.402,288.907,681.594,171.321,168.861,139.893,129.036,57.289,33.784,29.217,25.65,25.017,9.511,3.773
2022-10-02 18:30:00,505.805,336.397,288.89,681.593,170.458,168.859,139.887,129.092,57.289,33.78,29.209,25.631,25.011,9.51,3.754
2022-10-02 19:00:00,505.802,336.392,288.874,681.592,169.64,168.857,139.882,129.56,57.289,33.775,29.228,25.612,25.004,9.497,3.739
2022-10-02 19:30:00,505.799,336.387,288.858,681.591,169.645,168.855,139.876,129.39,57.289,33.77,29.162,25.594,24.998,9.478,3.726
2022-10-02 20:00:00,505.796,336.382,288.843,681.59,171.131,168.853,139.871,129.117,57.289,33.765,29.15,25.577,24.992,9.467,3.712
2022-10-02 20:30:00,505.793,336.377,288.829,681.589,169.763,168.852,139.865,129.361,57.289,33.76,29.144,25.562,24.986,9.448,3.696
2022-10-02 21:00:00,505.791,336.372,288.814,681.588,169.602,168.85,139.859,129.189,57.289,33.755,29.166,25.55,24.979,9.42,3.681
2022-10-02 21:30:00,505.788,336.368,288.8,681.587,169.661,168.849,139.854,129.256,57.289,33.75,29.13,25.54,24.973,9.405,3.661
2022-10-02 22:00:00,505.785,336.363,288.785,681.586,171.009,168.847,139.848,129.219,57.372,33.745,29.126,25.531,24.967,9.408,3.641
2022-10-02 22:30:00,505.782,336.359,288.771,681.586,170.095,168.845,139.843,129.133,57.289,33.741,29.097,25.524,24.961,9.395,3.627
2022-10-02 23:00:00,505.779,336.355,288.756,681.585,170.255,168.844,139.838,128.517,57.289,33.736,29.137,25.518,24.955,9.374,3.617
2022-10-02 23:30:00,505.776,336.351,288.742,681.584,169.592,168.842,139.833,129.578,57.289,33.732,29.117,25.513,24.949,9.364,3.603
2022-10-03 00:00:00,505.773,336.347,288.728,681.583,170.458,168.841,139.828,129.152,57.289,33.728,29.074,25.509,24.943,9.362,3.588
2022-10-03 00:30:00,505.77,336.344,288.714,681.582,171.054,168.839,139.824,129.053,57.397,33.723,29.024,25.505,24.938,9.351,3.577
2022-10-03 01:00:00,505.767,336.34,288.701,681.582,169.794,168.838,139.819,128.514,57.289,33.719,29.008,25.501,24.933,9.335,3.567
2022-10-03 01:30:00,505.764,336.335,288.687,681.581,169.734,168.837,139.815,129.288,57.289,33.714,29.041,25.498,24.927,9.307,3.555
2022-10-03 02:00:00,505.761,336.332,288.674,681.58,169.773,168.836,139.81,129.294,57.289,33.71,29.055,25.495,24.922,9.283,3.537
2022-10-03 02:30:00,505.759,336.329,288.661,681.58,169.641,168.834,139.806,129.344,57.332,33.705,29.018,25.493,24.917,9.278,3.514
2022-10-03 03:00:00,505.756,336.326,288.648,681.579,170.843,168.833,139.801,129.313,57.38,33.701,29.013,25.491,24.912,9.285,3.498
2022-10-03 03:30:00,505.753,336.323,288.635,681.578,169.605,168.832,139.797,128.761,57.289,33.696,29.01,25.489,24.907,9.276,3.49
2022-10-03 04:00:00,505.751,336.32,288.623,681.578,169.551,168.831,139.793,129.222,57.289,33.692,29.002,25.487,24.903,9.263,3.485
2022-10-03 04:30:00,505.748,336.317,288.612,681.577,170.529,168.83,139.789,129.335,57.289,33.65,29.011,25.486,24.898,9.253,3.478
2022-10-03 05:00:00,505.745,336.314,288.601,681.577,169.656,168.829,139.785,128.911,57.289,33.646,28.985,25.484,24.894,9.247,3.468
2022-10-03 05:30:00,505.743,336.311,288.59,681.576,170.359,168.828,139.781,129.115,57.289,33.642,28.965,25.483,24.89,9.241,3.46
2022-10-03 06:00:00,505.741,336.308,288.579,681.575,169.871,168.827,139.777,128.765,57.289,33.639,28.959,25.482,24.886,9.234,3.452
2022-10-03 06:30:00,505.738,336.305,288.569,681.575,170.503,168.826,139.773,129.055,57.289,33.635,28.954,25.48,24.882,9.222,3.445
2022-10-03 07:00:00,505.736,336.302,288.559,681.574,170.006,168.825,139.769,129.038,57.289,33.631,28.939,25.479,24.878,9.209,3.437
2022-10-03 07:30:00,505.734,336.299,288.55,681.573,170.306,168.824,139.766,128.538,57.289,33.628,28.913,25.478,24.874,9.202,3.428
2022-10-03 08:00:00,505.731,336.297,288.541,681.573,170.627,168.823,139.762,128.938,57.289,33.624,28.952,25.478,24.87,9.195,3.418
2022-10-03 08:30:00,505.729,336.294,288.534,681.572,169.928,168.822,139.759,128.719,57.289,33.621,28.955,25.477,24.866,9.183,3.409
2022-10-03 09:00:00,505.727,336.291,288.527,681.571,169.577,168.821,139.755,128.961,57.289,33.617,28.916,25.476,24.862,9.176,3.401
2022-10-03 09:30:00,505.725,336.289,288.52,681.571,169.558,168.82,139.752,128.669,57.289,33.614,28.895,25.475,24.858,9.183,3.392
2022-10-03 10:00:00,505.723,336.286,288.513,681.57,170.278,168.82,140.664,128.73,57.289,33.611,28.909,25.475,24.854,9.178,3.387
2022-10-03 10:30:00,505.721,336.283,288.506,681.57,169.886,168.819,140.66,129.294,57.289,33.608,28.897,25.474,24.85,9.162,3.384
2022-10-03 11:00:00,505.718,336.281,288.5,681.569,169.665,168.818,140.657,129.117,57.289,33.605,28.863,25.473,24.847,9.153,3.378
2022-10-03 11:30:00,505.716,336.278,288.493,681.569,169.768,168.817,140.653,129.009,57.289,33.603,28.863,25.473,24.843,9.15,3.369
2022-10-03 12:00:00,505.714,336.276,288.487,681.568,169.751,168.817,140.65,129.05,57.289,33.6,28.892,25.472,24.839,9.142,3.361
2022-10-03 12:30:00,505.713,336.273,288.481,681.568,169.903,168.816,140.647,128.778,57.289,33.598,28.867,25.472,24.835,9.13,3.354
2022-10-03 13:00:00,505.711,336.271,288.475,681.567,170.143,168.815,140.644,128.724,57.289,33.596,28.839,25.471,24.831,9.126,3.345
2022-10-03 13:30:00,505.709,336.268,288.468,681.567,170.383,168.814,140.641,128.957,57.289,33.593,28.848,25.471,24.828,9.13,3.337
2022-10-03 14:00:00,505.708,336.266,288.463,681.566,170.215,168.814,140.638,128.72,57.289,33.591,28.844,25.47,24.824,9.122,3.332
2022-10-03 14:30:00,505.706,336.263,288.457,681.565,169.658,168.813,140.635,128.671,57.289,33.589,28.845,25.47,24.82,9.111,3.328
2022-10-03 15:00:00,505.705,336.26,288.451,681.565,169.597,168.812,140.632,128.861,57.289,33.586,28.819,25.47,24.815,9.106,3.321
2022-10-03 15:30:00,505.703,336.258,288.446,681.565,169.85,168.812,140.629,129.027,57.289,33.584,28.828,25.469,24.81,9.105,3.315
2022-10-03 16:00:00,505.702,336.255,288.441,681.564,170.302,168.811,140.626,128.791,57.289,33.582,28.822,25.469,24.806,9.098,3.309
2022-10-03 16:30:00,505.701,336.253,288.436,681.564,169.683,168.81,140.623,128.735,57.289,33.58,28.829,25.469,24.802,9.089,3.305
2022-10-03 17:00:00,505.699,336.25,288.432,681.563,169.602,168.809,140.62,129.2,57.289,33.578,28.831,25.468,24.798,9.084,3.299
2022-10-03 17:30:00,505.698,336.248,288.427,681.563,169.545,168.809,140.617,129.003,57.289,33.576,28.805,25.468,24.794,9.08,3.294
2022-10-03 18:00:00,505.697,336.245,288.422,681.562,169.689,168.808,140.615,128.824,57.289,33.574,28.793,25.468,24.79,9.08,3.289
2022-10-03 18:30:00,505.695,336.243,288.418,681.562,170.064,168.808,140.612,128.649,57.289,33.572,28.796,25.468,24.786,9.077,3.285
2022-10-03 19:00:00,505.694,336.241,288.413,681.562,170.318,168.807,140.61,128.922,57.289,33.57,28.792,25.467,24.783,9.067,3.283
2022-10-03 19:30:00,505.693,336.239,288.408,681.561,169.663,168.806,140.607,128.594,57.289,33.568,28.778,25.467,24.779,9.056,3.279
2022-10-03 20:00:00,505.692,336.236,288.403,681.561,169.701,168.806,140.605,128.931,57.289,33.566,28.79,25.467,24.776,9.051,3.273
2022-10-03 20:30:00,505.691,336.234,288.398,681.561,169.709,168.805,140.602,129.103,57.289,33.564,28.789,25.467,24.773,9.046,3.267
2022-10-03 21:00:00,505.69,336.232,288.394,681.56,169.697,168.804,140.6,129.169,57.289,33.562,28.782,25.466,24.833,9.039,3.262
2022-10-03 21:30:00,505.689,336.23,288.389,681.56,169.709,168.804,140.597,129.04,57.289,33.56,28.768,25.466,24.83,9.037,3.256
2022-10-03 22:00:00,505.688,336.227,288.385,681.559,169.71,168.803,140.595,129.149,57.289,33.559,28.76,25.466,24.826,9.036,3.252
2022-10-03 22:30:00,505.686,336.225,288.38,681.559,169.834,168.803,140.593,128.95,57.289,33.557,28.762,25.466,24.823,9.031,3.248
2022-10-03 23:00:00,505.685,336.223,288.376,681.559,169.661,168.802,140.591,129.215,57.289,33.555,28.769,25.466,24.82,9.022,3.245
2022-10-03 23:30:00,505.684,336.221,288.372,681.558,169.654,168.802,140.589,129.026,57.289,33.554,28.76,25.465,24.817,9.014,3.241
2022-10-04 00:00:00,505.683,336.219,288.367,681.558,169.72,168.801,140.587,129.167,57.289,33.552,28.749,25.465,24.813,9.009,3.237
2022-10-04 00:30:00,505.682,336.217,288.363,681.557,170.07,168.801,140.585,129.041,57.289,33.551,28.746,25.465,24.81,9.007,3.232
2022-10-04 01:00:00,505.681,336.215,288.359,681.557,169.858,168.8,140.583,128.939,57.289,33.549,28.75,25.465,24.807,9.003,3.227
2022-10-04 01:30:00,505.68,336.213,288.355,681.556,169.796,168.8,140.581,129.19,57.289,33.548,28.747,25.465,24.804,8.996,3.223
2022-10-04 02:00:00,505.679,336.211,288.351,681.556,169.626,168.799,140.58,129.022,57.289,33.546,28.741,25.465,24.801,8.99,3.22
2022-10-04 02:30:00,505.679,336.209,288.347,681.555,169.713,168.799,140.578,129.134,57.289,33.545,28.73,25.465,24.798,8.987,3.215
2022-10-04 03:00:00,505.678,336.207,288.343,681.555,169.779,168.798,140.576,129.112,57.289,33.544,28.732,25.464,24.795,8.984,3.211
2022-10-04 03:30:00,505.677,336.205,288.34,681.555,169.936,168.798,140.574,128.929,57.289,33.542,28.727,25.464,24.792,8.979,3.207
2022-10-04 04:00:00,505.676,336.203,288.336,681.554,169.866,168.798,140.573,129.132,57.289,33.541,28.726,25.464,24.79,8.972,3.203
2022-10-04 04:30:00,505.675,336.201,288.332,681.554,169.719,168.797,140.571,129.053,57.289,33.54,28.733,25.464,24.787,8.967,3.199
2022-10-04 05:00:00,505.674,336.199,288.328,681.553,169.903,168.797,140.57,128.984,57.289,33.538,28.728,25.464,24.784,8.962,3.195
2022-10-04 05:30:00,505.673,336.197,288.325,681.553,169.648,168.796,140.568,129.143,57.289,33.537,28.718,25.464,24.782,8.958,3.191
2022-10-04 06:00:00,505.672,336.195,288.322,681.552,170.147,168.796,140.567,128.985,57.289,33.536,28.709,25.464,24.779,8.957,3.187
2022-10-04 06:30:00,505.671,336.193,288.319,681.552,170.141,168.795,140.565,128.97,57.289,33.535,28.712,25.464,24.776,8.955,3.184
2022-10-04 07:00:00,505.671,336.192,288.316,681.551,169.826,168.795,140.564,129.131,57.289,33.533,28.712,25.463,24.774,8.949,3.181
2022-10-04 07:30:00,505.67,336.19,288.313,681.55,169.757,168.795,140.563,128.958,57.289,33.532,28.708,25.463,24.772,8.943,3.179
2022-10-04 08:00:00,505.58,336.188,288.31,681.55,169.654,168.794,140.561,129.196,57.289,33.531,28.706,25.463,24.769,8.938,3.175
2022-10-04 08:30:00,505.579,336.187,288.307,681.549,169.792,168.794,140.56,129.008,57.289,33.53,28.706,25.463,24.767,8.934,3.171
2022-10-04 09:00:00,505.579,336.185,288.305,681.549,169.939,168.793,140.558,129.111,57.289,33.529,28.704,25.463,24.764,8.931,3.168
2022-10-04 09:30:00,505.578,336.183,288.302,681.548,169.698,168.793,140.557,129.103,57.289,33.528,28.699,25.463,24.762,8.928,3.165
2022-10-04 10:00:00,505.578,336.182,288.299,681.548,169.8,168.793,140.556,128.942,57.289,33.527,28.698,25.463,24.76,8.925,3.162
2022-10-04 10:30:00,505.577,336.18,288.297,681.547,169.852,168.792,140.555,129.073,57.289,33.526,28.695,25.463,24.757,8.922,3.159
2022-10-04 11:00:00,505.576,336.179,288.294,681.546,169.728,168.792,140.553,129.083,57.289,33.525,28.69,25.463,24.755,8.918,3.156
2022-10-04 11:30:00,505.576,336.177,288.291,681.545,169.85,168.792,140.552,128.981,57.289,33.524,28.685,25.463,24.753,8.915,3.154
2022-10-04 12:00:00,505.575,336.176,288.288,681.545,169.667,168.791,140.551,129.088,57.289,33.523,28.681,25.463,24.75,8.911,3.151
2022-10-04 12:30:00,505.574,336.175,288.285,681.544,169.727,168.791,140.55,129.084,57.289,33.522,28.682,25.463,24.748,8.907,3.148
2022-10-04 13:00:00,505.574,336.173,288.283,681.544,169.819,168.791,140.549,129.027,57.289,33.521,28.685,25.462,24.746,8.902,3.145
2022-10-04 13:30:00,505.743,336.366,288.79,681.81,169.939,168.966,139.784,129.092,57.289,33.672,28.73,25.66,24.825,8.941,3.187
2022-10-04 14:00:00,505.8,336.563,289.343,682.355,169.858,169.055,140.022,129.338,57.289,33.701,28.817,25.794,24.812,9.016,3.233
2022-10-04 14:30:00,505.887,336.639,290.358,682.414,169.948,169.117,140.66,129.537,57.368,33.754,28.926,25.877,24.864,9.116,3.288
2022-10-04 15:00:00,506.035,336.956,291.894,682.441,172.617,169.254,140.966,129.99,57.475,33.835,29.063,25.904,24.919,9.242,3.358
2022-10-04 15:30:00,506.376,336.999,292.686,682.425,171.151,169.281,141.112,129.577,58.013,33.93,29.2,25.841,24.943,9.349,3.431
2022-10-04 16:00:00,506.568,337.428,292.936,682.458,175.036,169.331,141.176,129.474,58.836,34.097,29.555,25.819,24.99,9.452,3.511
2022-10-04 16:30:00,506.755,337.17,292.518,682.404,170.69,169.354,141.205,129.354,60.224,34.269,30.642,25.846,25.044,9.568,3.594
2022-10-04 17:00:00,506.806,337.211,292.442,682.365,170.146,169.381,141.259,129.247,58.427,34.42,31.47,26.029,25.151,10.41,3.696
2022-10-04 17:30:00,506.785,337.953,292.341,682.397,171.329,169.382,141.303,128.865,62.216,34.468,32.151,26.273,25.294,11.677,4.004
2022-10-04 18:00:00,506.746,337.165,292.059,682.442,169.765,169.374,141.308,131.78,59.476,34.483,32.672,26.425,25.426,12.41,4.641
2022-10-04 18:30:00,506.708,337.345,291.778,682.419,171.268,169.357,141.288,135.34,58.562,33.945,32.247,26.492,25.532,12.801,5.159
2022-10-04 19:00:00,506.673,337.861,291.664,682.397,174.146,169.326,141.254,129.334,60.852,33.999,31.708,26.536,25.592,12.705,5.59
2022-10-04 19:30:00,506.64,337.816,291.841,682.368,169.678,169.296,141.207,136.434,61.561,34.021,32.708,26.585,25.638,12.34,5.835
2022-10-04 20:00:00,506.609,336.961,291.844,682.335,170.121,169.269,141.149,129.006,59.307,34.021,33.81,26.618,25.675,13.009,5.918
2022-10-04 20:30:00,506.579,336.998,291.725,681.86,169.404,169.245,141.094,128.97,58.472,34.009,32.245,26.628,25.696,13.639,6.012
2022-10-04 21:00:00,506.548,336.844,291.634,681.836,177.592,169.224,141.044,131.43,59.452,33.988,32.774,26.622,25.699,13.264,6.192
2022-10-04 21:30:00,506.501,336.836,291.46,681.822,171.594,169.205,140.995,129.063,57.898,33.961,32.057,26.606,25.69,13.188,6.252
2022-10-04 22:00:00,506.47,336.881,291.321,681.81,170.344,169.188,140.948,128.692,61.644,34.506,31.784,26.585,25.674,12.856,6.244
2022-10-04 22:30:00,506.441,336.83,291.136,681.801,171.341,169.173,140.905,129.081,58.27,34.477,32.306,26.562,25.651,12.496,6.178
2022-10-04 23:00:00,506.413,336.782,291.058,681.793,169.902,169.147,140.867,128.783,57.882,34.448,31.821,26.536,25.628,12.66,6.117
2022-10-04 23:30:00,506.386,336.727,290.951,681.785,169.423,169.119,140.833,128.922,58.083,34.423,31.964,26.509,25.604,12.739,6.064
2022-10-05 00:00:00,506.364,336.699,290.846,681.777,171.808,169.091,140.804,138.418,57.547,34.398,31.812,26.483,25.579,12.502,6.076
2022-10-05 00:30:00,506.343,336.671,290.759,681.769,169.506,169.072,140.779,129.05,57.302,34.375,31.683,26.458,25.555,12.396,6.069
2022-10-05 01:00:00,506.323,336.648,290.674,681.763,169.396,169.055,140.754,128.771,61.421,34.351,30.339,26.433,25.53,12.156,6.017
2022-10-05 01:30:00,506.304,336.639,290.562,681.757,169.562,169.039,140.732,131.801,59.869,34.33,31.221,26.409,25.509,11.336,5.966
2022-10-05 02:00:00,506.287,336.623,290.46,681.751,169.591,169.026,140.709,129.063,60.488,34.311,31.707,26.387,25.487,11.743,5.82
2022-10-05 02:30:00,506.27,336.608,290.374,681.735,175.864,169.014,140.391,133.275,59.465,34.29,30.778,26.367,25.465,12.088,5.709
2022-10-05 03:00:00,506.254,336.594,290.293,681.73,170.286,169.002,140.366,129.101,58.02,34.27,31.025,26.347,25.445,11.626,5.725
2022-10-05 03:30:00,506.24,336.582,290.194,681.725,169.518,168.992,140.342,129.172,58.545,34.251,31.189,26.327,25.425,11.636,5.699
2022-10-05 04:00:00,506.225,336.571,290.119,681.72,176.257,168.982,140.319,128.893,58.712,34.229,30.324,26.307,25.408,11.601,5.653
2022-10-05 04:30:00,506.212,336.562,290.043,681.716,170.464,168.971,140.298,129.082,57.289,34.207,30.277,26.283,25.39,11.159,5.61
2022-10-05 05:00:00,506.199,336.554,289.994,681.712,169.494,168.962,140.277,129.52,57.909,34.184,30.322,26.258,25.371,11.014,5.526
2022-10-05 05:30:00,506.186,336.549,289.93,681.709,169.534,168.954,140.257,128.94,57.289,34.159,29.887,26.235,25.352,10.827,5.415
2022-10-05 06:00:00,506.173,336.546,289.868,681.707,175.314,168.947,140.237,130.515,58.288,34.137,31.147,26.214,25.335,10.601,5.293
2022-10-05 06:30:00,506.16,336.546,289.787,681.705,169.814,168.942,140.218,131.619,57.289,34.116,30.07,26.193,25.32,11.265,5.177
2022-10-05 07:00:00,506.149,336.544,289.722,681.703,169.458,168.938,140.2,128.935,57.289,34.096,30.167,26.173,25.303,10.886,5.161
2022-10-05 07:30:00,505.966,336.541,289.661,681.702,174.386,168.934,140.183,128.916,58.308,34.077,29.715,26.152,25.288,10.717,5.15
2022-10-05 08:00:00,505.956,336.537,289.615,681.7,169.47,168.93,140.166,129.241,58.231,34.058,29.982,26.131,25.276,10.407,5.082
2022-10-05 08:30:00,505.947,336.532,289.586,681.698,169.594,168.925,140.149,128.839,57.387,34.041,30.138,26.109,25.263,10.388,4.976
2022-10-05 09:00:00,505.939,336.527,289.554,681.697,174.631,168.92,140.133,131.239,57.534,34.028,30.054,26.089,25.251,10.59,4.874
2022-10-05 09:30:00,505.931,336.523,289.519,681.695,170.756,168.915,140.117,128.903,57.289,34.01,29.829,26.07,25.24,10.464,4.833
2022-10-05 10:00:00,505.924,336.52,289.484,681.694,169.465,168.911,140.103,129.039,57.959,33.993,29.561,26.052,25.23,10.345,4.797
2022-10-05 10:30:00,505.916,336.517,289.45,681.693,171.494,168.907,140.089,128.845,57.289,33.978,29.941,26.033,25.22,10.157,4.74
2022-10-05 11:00:00,505.909,336.515,289.418,681.692,170.047,168.903,140.076,129.062,57.371,33.964,29.864,26.012,25.21,10.177,4.652
2022-10-05 11:30:00,505.902,336.514,289.389,681.69,169.467,168.899,140.064,128.983,57.289,33.95,29.76,25.991,25.199,10.258,4.575
2022-10-05 12:00:00,505.895,336.513,289.36,681.689,171.49,168.896,140.053,128.815,57.289,33.936,29.915,25.971,25.187,10.227,4.541
2022-10-05 12:30:00,505.889,336.509,289.333,681.688,169.463,168.893,140.041,128.77,57.345,33.923,29.722,25.954,25.171,10.12,4.515
2022-10-05 13:00:00,505.882,336.504,289.306,681.687,171.887,168.89,140.031,128.935,57.289,33.91,29.365,25.937,25.159,10.163,4.477
2022-10-05 13:30:00,505.876,336.499,289.281,681.687,169.445,168.887,140.006,129.075,57.947,33.898,29.5,25.921,25.153,10.002,4.448
2022-10-05 14:00:00,505.871,336.494,289.258,681.686,170.06,168.885,139.996,128.895,57.289,33.887,29.697,25.905,25.147,9.842,4.4
2022-10-05 14:30:00,505.866,336.489,289.234,681.685,171.17,168.882,139.985,129.821,57.289,33.877,29.594,25.89,25.136,9.916,4.324
2022-10-05 15:00:00,505.86,336.484,289.212,681.684,169.506,168.879,139.975,129.014,57.289,33.87,29.745,25.875,25.127,9.959,4.267
2022-10-05 15:30:00,505.856,336.479,289.19,681.683,169.581,168.877,139.966,128.854,57.289,33.86,29.349,25.861,25.117,9.969,4.242
2022-10-05 16:00:00,505.851,336.476,289.168,681.682,171.436,168.874,139.957,129.089,57.289,33.85,29.395,25.847,25.109,9.92,4.227
2022-10-05 16:30:00,505.847,336.471,289.147,681.681,169.524,168.872,139.949,129.082,57.289,33.842,29.339,25.834,25.101,9.75,4.213
2022-10-05 17:00:00,505.843,336.465,289.126,681.68,170.21,168.87,139.94,129.182,57.37,33.834,29.405,25.821,25.092,9.705,4.168
2022-10-05 17:30:00,505.839,336.458,289.104,681.679,169.607,168.868,139.932,128.972,57.289,33.827,29.508,25.805,25.084,9.7,4.11
2022-10-05 18:00:00,505.835,336.451,289.083,681.678,169.459,168.865,139.924,128.86,57.289,33.819,29.382,25.788,25.077,9.709,4.063
2022-10-05 18:30:00,505.831,336.444,289.062,681.677,169.523,168.863,139.917,128.647,57.289,33.812,29.347,25.769,25.068,9.723,4.031
2022-10-05 19:00:00,505.828,336.438,289.042,681.677,169.546,168.861,139.909,129.125,57.289,33.806,29.275,25.751,25.06,9.683,4.013
2022-10-05 19:30:00,505.824,336.431,289.022,681.676,169.549,168.858,139.901,129.558,57.289,33.799,29.272,25.732,25.053,9.646,3.992
2022-10-05 20:00:00,505.82,336.425,289.003,681.675,169.497,168.856,139.894,129.154,57.289,33.794,29.24,25.712,25.046,9.593,3.966
2022-10-05 20:30:00,505.817,336.419,288.984,681.674,169.905,168.854,139.887,128.982,57.289,33.789,29.295,25.692,25.04,9.557,3.932
2022-10-05 21:00:00,505.813,336.412,288.966,681.674,170.068,168.852,139.881,128.876,57.289,33.784,29.191,25.672,25.033,9.539,3.894
2022-10-05 21:30:00,505.81,336.406,288.948,681.673,171.404,168.85,139.874,128.92,57.289,33.78,29.288,25.652,25.026,9.546,3.86
2022-10-05 22:00:00,505.806,336.4,288.931,681.672,169.488,168.848,139.868,128.997,57.289,33.774,29.285,25.632,25.019,9.504,3.838
2022-10-05 22:30:00,505.803,336.395,288.915,681.671,169.543,168.846,139.861,129.114,57.289,33.769,29.235,25.612,25.012,9.533,3.813
2022-10-05 23:00:00,505.8,336.389,288.899,681.671,169.585,168.845,139.855,128.933,57.289,33.763,29.208,25.593,25.005,9.533,3.796
2022-10-05 23:30:00,505.796,336.383,288.882,681.67,171.838,168.843,139.848,128.616,57.289,33.757,29.117,25.575,24.998,9.493,3.793
2022-10-06 00:00:00,505.793,336.377,288.867,681.593,169.737,168.841,139.843,128.681,57.289,33.752,29.099,25.56,24.991,9.468,3.777
2022-10-06 00:30:00,505.79,336.372,288.851,681.592,169.553,168.84,139.837,128.695,57.289,33.747,29.158,25.548,24.984,9.421,3.754
2022-10-06 01:00:00,505.787,336.367,288.835,681.591,169.617,168.838,139.831,129.069,57.289,33.742,29.139,25.538,24.977,9.393,3.724
2022-10-06 01:30:00,505.784,336.362,288.819,681.591,169.494,168.837,139.826,129.597,57.289,33.737,29.122,25.53,24.97,9.39,3.692
2022-10-06 02:00:00,505.781,336.357,288.804,681.59,170.339,168.835,139.821,128.772,57.289,33.732,29.138,25.523,24.963,9.392,3.667
2022-10-06 02:30:00,505.778,336.352,288.789,681.589,169.575,168.834,139.816,128.935,57.289,33.727,29.142,25.517,24.956,9.377,3.653
2022-10-06 03:00:00,505.774,336.347,288.774,681.588,169.469,168.833,139.811,128.592,57.289,33.722,29.058,25.512,24.95,9.374,3.641
2022-10-06 03:30:00,505.771,336.342,288.76,681.588,169.497,168.831,139.806,128.733,57.289,33.717,29.078,25.508,24.943,9.373,3.629
2022-10-06 04:00:00,505.767,336.338,288.746,681.587,169.517,168.83,139.801,129.457,57.289,33.712,29.073,25.504,24.937,9.34,3.621
2022-10-06 04:30:00,505.764,336.334,288.732,681.587,169.499,168.829,139.796,128.973,57.289,33.707,29.033,25.5,24.931,9.32,3.607
2022-10-06 05:00:00,505.761,336.33,288.719,681.586,170.705,168.828,139.792,129.119,57.289,33.702,29.056,25.497,24.925,9.319,3.585
2022-10-06 05:30:00,505.758,336.327,288.706,681.585,171.015,168.827,139.787,129.056,57.289,33.697,29.074,25.495,24.919,9.297,3.569
2022-10-06 06:00:00,505.755,336.324,288.694,681.585,169.484,168.826,139.783,128.635,57.289,33.693,29.032,25.492,24.913,9.288,3.554
2022-10-06 06:30:00,505.752,336.32,288.681,681.584,169.573,168.825,139.779,128.854,57.289,33.688,29.014,25.49,24.908,9.29,3.537
2022-10-06 07:00:00,505.749,336.316,288.668,681.583,169.783,168.824,139.774,129.006,57.289,33.646,28.96,25.488,24.903,9.285,3.526
2022-10-06 07:30:00,505.746,336.313,288.655,681.583,169.527,168.823,139.77,128.617,57.289,33.642,28.984,25.487,24.898,9.264,3.519
2022-10-06 08:00:00,505.743,336.309,288.643,681.582,170.891,168.822,139.766,128.951,57.289,33.638,28.942,25.485,24.893,9.243,3.508
2022-10-06 08:30:00,505.74,336.306,288.631,681.581,169.932,168.821,139.762,128.819,57.289,33.634,29.002,25.484,24.888,9.23,3.494
2022-10-06 09:00:00,505.738,336.303,288.619,681.581,169.546,168.82,139.758,128.61,57.289,33.63,28.993,25.482,24.883,9.219,3.478
2022-10-06 09:30:00,505.735,336.299,288.608,681.58,169.487,168.819,139.755,129.051,57.289,33.626,28.957,25.481,24.878,9.217,3.464
2022-10-06 10:00:00,505.733,336.296,288.597,681.579,169.601,168.818,140.666,128.671,57.289,33.622,28.972,25.48,24.874,9.224,3.453
2022-10-06 10:30:00,505.73,336.293,288.586,681.579,170.32,168.817,140.662,128.857,57.289,33.618,28.932,25.479,24.87,9.214,3.448
2022-10-06 11:00:00,505.728,336.29,288.576,681.578,169.552,168.817,140.659,129.083,57.289,33.615,28.882,25.478,24.865,9.203,3.444
2022-10-06 11:30:00,505.725,336.287,288.566,681.578,169.491,168.816,140.655,129.158,57.289,33.612,28.916,25.477,24.861,9.196,3.437
2022-10-06 12:00:00,505.723,336.285,288.556,681.577,170.177,168.815,140.651,128.542,57.289,33.609,28.908,25.476,24.857,9.174,3.429
2022-10-06 12:30:00,505.747,336.33,288.623,681.708,169.938,168.866,139.765,129.349,57.289,33.671,28.912,25.532,24.867,9.171,3.44
2022-10-06 13:00:00,505.769,336.382,288.71,681.748,169.734,168.91,139.813,129.277,57.289,33.682,28.914,25.581,24.874,9.187,3.437
2022-10-06 13:30:00,505.811,336.511,289.187,681.842,170.531,168.989,139.938,129.451,57.289,33.72,28.948,25.686,24.904,9.224,3.457
2022-10-06 14:00:00,505.853,336.635,289.814,681.898,171.534,169.032,140.128,129.745,57.289,33.755,29.038,25.755,24.932,9.273,3.483
2022-10-06 14:30:00,505.888,336.864,289.994,681.89,169.953,169.029,140.583,129.825,57.289,33.781,29.07,25.748,24.941,9.313,3.506
2022-10-06 15:00:00,506.138,337.002,290.563,681.883,172.592,169.08,140.705,131.329,57.414,33.816,29.174,25.739,24.957,9.367,3.543
2022-10-06 15:30:00,506.205,337.09,290.823,681.866,170.044,169.112,140.774,131.74,57.655,33.851,29.268,25.704,24.967,9.411,3.584
2022-10-06 16:00:00,506.268,337.124,290.935,681.869,170.027,169.151,140.807,129.383,57.815,33.9,29.456,25.68,24.984,9.459,3.634
2022-10-06 16:30:00,506.325,337.212,291.038,681.873,170.088,169.168,140.818,129.358,57.657,33.979,29.833,25.684,25.006,9.54,3.686
2022-10-06 17:00:00,506.383,337.26,291.132,681.871,170.285,169.183,140.826,129.872,58.355,34.039,30.42,25.732,25.037,9.741,3.743
2022-10-06 17:30:00,506.431,337.265,291.174,681.857,169.901,169.193,140.833,132.457,58.686,34.08,30.816,25.823,25.078,10.296,3.834
2022-10-06 18:00:00,506.467,337.255,291.13,681.844,170.255,169.201,140.855,132.303,58.27,34.118,30.462,25.924,25.132,10.747,4.035
2022-10-06 18:30:00,506.482,337.249,291.087,681.832,170.11,169.202,140.883,131.321,57.695,34.154,31.004,26.02,25.187,10.794,4.318
2022-10-06 19:00:00,506.483,337.247,291.027,681.826,169.943,169.199,140.899,129.34,58.08,34.185,31.241,26.094,25.236,11.258,4.569
2022-10-06 19:30:00,506.474,337.246,290.965,681.829,169.993,169.192,140.902,129.28,60.192,34.207,31.416,26.146,25.262,11.448,4.813
2022-10-06 20:00:00,506.461,337.235,290.902,681.829,170.213,169.186,140.893,128.853,59.001,34.22,31.541,26.183,25.286,11.514,5.046
2022-10-06 20:30:00,506.445,337.216,290.83,681.824,177.787,169.18,140.878,128.983,59.493,34.234,31.54,26.206,25.304,11.709,5.174
2022-10-06 21:00:00,506.426,337.178,290.757,681.815,179.331,169.168,140.86,129.278,60.307,34.248,31.339,26.223,25.321,11.668,5.305
2022-10-06 21:30:00,506.406,337.16,290.695,681.807,169.516,169.149,140.839,128.985,59.092,34.266,31.594,26.237,25.333,11.571,5.396
2022-10-06 22:00:00,506.386,337.134,290.709,681.799,169.892,169.127,140.818,128.955,60.341,34.286,31.198,26.252,25.345,11.775,5.433
2022-10-06 22:30:00,506.365,337.103,290.749,681.792,169.832,169.101,140.801,129.175,60.175,34.297,30.561,26.269,25.358,11.582,5.474
2022-10-06 23:00:00,506.348,337.072,290.749,681.785,169.725,169.084,140.781,129.058,60.262,34.299,30.603,26.285,25.371,11.242,5.496
2022-10-06 23:30:00,506.33,337.041,290.719,681.778,178.844,169.069,140.76,129.162,59.563,34.294,31.382,26.295,25.382,11.204,5.456
2022-10-07 00:00:00,506.313,337.01,290.656,681.771,169.757,169.054,140.741,130.144,57.484,34.286,31.875,26.298,25.387,11.639,5.402
2022-10-07 00:30:00,506.296,336.983,290.57,681.765,169.701,169.04,140.723,130.112,57.289,34.275,30.436,26.296,25.388,11.957,5.403
2022-10-07 01:00:00,506.281,336.956,290.504,681.76,176.451,169.028,140.703,129.555,57.776,34.264,31.053,26.29,25.386,11.225,5.487
2022-10-07 01:30:00,506.265,336.929,290.417,681.755,172.871,169.017,140.386,129.046,58.746,34.251,31.614,26.282,25.38,11.158,5.475
2022-10-07 02:00:00,506.251,336.913,290.333,681.739,169.634,169.006,140.364,128.675,60.675,34.235,30.536,26.271,25.373,11.599,5.388
2022-10-07 02:30:00,506.238,336.89,290.211,681.733,169.692,168.996,140.343,128.886,57.289,34.218,30.305,26.258,25.364,11.175,5.38
2022-10-07 03:00:00,506.225,336.869,290.138,681.728,169.598,168.987,140.322,128.967,57.479,34.202,30.689,26.243,25.354,11.025,5.366
2022-10-07 03:30:00,506.212,336.848,290.086,681.724,169.732,168.977,140.302,132.88,59.822,34.181,30.015,26.228,25.342,11.148,5.317
2022-10-07 04:00:00,506.199,336.829,290.032,681.72,169.61,168.968,140.283,129.613,57.289,34.16,30.798,26.214,25.331,10.687,5.277
2022-10-07 04:30:00,506.187,336.809,289.963,681.716,169.533,168.959,140.264,129.136,57.438,34.141,30.445,26.198,25.32,11.011,5.192
2022-10-07 05:00:00,506.175,336.788,289.919,681.712,169.551,168.952,140.245,128.79,58.346,34.122,29.811,26.182,25.308,11.053,5.137
2022-10-07 05:30:00,506.163,336.767,289.851,681.709,171.019,168.946,140.227,129.99,57.364,34.104,29.853,26.166,25.295,10.535,5.147
2022-10-07 06:00:00,506.152,336.747,289.788,681.707,169.602,168.941,140.209,128.837,57.716,34.087,30.42,26.148,25.285,10.496,5.069
2022-10-07 06:30:00,505.97,336.728,289.718,681.705,170.269,168.938,140.192,129.222,57.432,34.069,30.315,26.129,25.273,10.576,4.965
2022-10-07 07:00:00,505.96,336.712,289.654,681.703,169.459,168.934,140.176,128.981,57.319,34.052,30.081,26.11,25.262,10.61,4.892
2022-10-07 07:30:00,505.952,336.695,289.603,681.702,169.47,168.93,140.16,128.88,58.261,34.038,30.238,26.092,25.252,10.572,4.864
2022-10-07 08:00:00,505.944,336.678,289.57,681.7,170.957,168.925,140.144,129.384,57.289,34.025,29.92,26.075,25.242,10.53,4.84
2022-10-07 08:30:00,505.936,336.66,289.542,681.699,169.434,168.92,140.129,132.226,57.534,34.008,30.153,26.059,25.233,10.502,4.809
2022-10-07 09:00:00,505.928,336.643,289.513,681.697,169.498,168.916,140.114,128.92,57.403,33.993,29.574,26.042,25.224,10.425,4.787
2022-10-07 09:30:00,505.921,336.627,289.483,681.696,169.436,168.911,140.1,130.718,57.344,33.979,29.867,26.024,25.215,10.279,4.741
2022-10-07 10:00:00,505.914,336.611,289.452,681.695,172.394,168.907,140.087,129.026,57.769,33.965,29.922,26.004,25.205,10.166,4.681
2022-10-07 10:30:00,505.907,336.596,289.42,681.693,169.401,168.903,140.075,128.846,57.814,33.952,29.779,25.985,25.194,10.233,4.6
2022-10-07 11:00:00,505.9,336.581,289.39,681.692,174.77,168.9,140.063,128.939,57.491,33.939,29.75,25.966,25.181,10.275,4.55
2022-10-07 11:30:00,505.893,336.567,289.362,681.691,171.936,168.896,140.052,128.906,57.664,33.926,29.44,25.95,25.168,10.093,4.527
2022-10-07 12:00:00,505.887,336.556,289.335,681.69,172.407,168.893,140.041,128.762,57.78,33.914,29.711,25.934,25.157,10.007,4.483
2022-10-07 12:30:00,505.881,336.545,289.308,681.689,169.48,168.89,140.031,128.864,57.442,33.902,29.669,25.919,25.154,9.931,4.419
2022-10-07 13:00:00,505.875,336.533,289.283,681.688,172.214,168.888,140.007,128.855,57.317,33.891,29.527,25.904,25.146,9.985,4.349
2022-10-07 13:30:00,505.87,336.523,289.259,681.687,170.126,168.885,139.996,129.844,58.137,33.881,29.715,25.89,25.136,9.931,4.307
2022-10-07 14:00:00,505.865,336.512,289.237,681.686,172.673,168.882,139.986,128.935,57.503,33.874,29.656,25.875,25.127,9.954,4.272
2022-10-07 14:30:00,505.86,336.501,289.215,681.685,170.409,168.88,139.976,128.912,57.531,33.865,29.394,25.861,25.117,9.974,4.242
2022-10-07 15:00:00,505.855,336.49,289.193,681.684,169.691,168.877,139.967,128.85,57.435,33.855,29.484,25.848,25.109,9.876,4.229
2022-10-07 15:30:00,505.85,336.479,289.172,681.683,169.57,168.875,139.958,129.113,57.289,33.847,29.52,25.836,25.101,9.808,4.207
2022-10-07 16:00:00,505.846,336.47,289.152,681.683,170.296,168.873,139.95,128.917,57.507,33.839,29.368,25.823,25.094,9.782,4.167
2022-10-07 16:30:00,505.843,336.464,289.131,681.682,169.512,168.87,139.942,128.925,57.316,33.831,29.306,25.809,25.086,9.773,4.129
2022-10-07 17:00:00,505.839,336.457,289.11,681.681,169.505,168.868,139.934,128.96,57.289,33.824,29.245,25.792,25.079,9.698,4.097
2022-10-07 17:30:00,505.835,336.45,289.089,681.68,169.651,168.866,139.926,128.881,57.424,33.817,29.531,25.775,25.071,9.632,4.059
2022-10-07 18:00:00,505.831,336.444,289.068,681.679,169.473,168.863,139.918,128.853,57.356,33.81,29.432,25.757,25.063,9.606,4.012
2022-10-07 18:30:00,505.828,336.437,289.047,681.678,169.577,168.861,139.91,129.108,57.453,33.804,29.17,25.738,25.056,9.735,3.967
2022-10-07 19:00:00,505.824,336.431,289.027,681.677,169.554,168.859,139.903,129.23,57.289,33.798,29.359,25.72,25.049,9.674,3.958
2022-10-07 19:30:00,505.82,336.424,289.007,681.676,169.481,168.857,139.896,129.074,57.326,33.792,29.285,25.7,25.043,9.553,3.954
2022-10-07 20:00:00,505.817,336.418,288.988,681.676,170.833,168.855,139.889,128.951,57.289,33.788,29.278,25.68,25.036,9.573,3.918
2022-10-07 20:30:00,505.813,336.412,288.969,681.675,171.648,168.853,139.882,129.046,57.342,33.783,29.234,25.661,25.029,9.568,3.882
2022-10-07 21:00:00,505.81,336.405,288.952,681.674,169.445,168.851,139.876,129.235,57.289,33.779,29.254,25.641,25.023,9.543,3.861
2022-10-07 21:30:00,505.807,336.401,288.939,681.675,169.601,168.851,139.871,129.137,57.657,33.774,29.288,25.623,25.016,9.511,3.84
2022-10-07 22:00:00,505.805,336.397,288.926,681.676,169.633,168.851,139.865,129.127,57.289,33.769,29.306,25.605,25.01,9.498,3.814
2022-10-07 22:30:00,505.809,336.404,288.927,681.689,169.718,168.863,139.868,128.991,57.289,33.768,29.208,25.6,25.006,9.515,3.79
2022-10-07 23:00:00,505.813,336.414,288.939,681.7,169.647,168.875,139.874,129.366,57.289,33.767,29.178,25.594,25.003,9.538,3.781
2022-10-07 23:30:00,505.823,336.435,288.979,681.721,169.711,168.895,139.892,129.661,57.289,33.77,29.074,25.602,25.003,9.5,3.787
2022-10-08 00:00:00,505.832,336.459,289.044,681.736,169.717,168.91,139.919,129.485,57.289,33.774,29.167,25.611,25.003,9.459,3.785
2022-10-08 00:30:00,505.83,336.469,289.109,681.731,170.332,168.904,139.937,129.728,57.289,33.773,29.189,25.598,24.998,9.426,3.763
2022-10-08 01:00:00,505.83,336.475,289.172,681.728,169.658,168.902,139.952,129.296,57.289,33.774,29.236,25.586,24.994,9.423,3.734
2022-10-08 01:30:00,505.829,336.476,289.216,681.719,169.982,168.898,139.961,129.406,57.433,33.774,29.141,25.572,24.989,9.443,3.71
2022-10-08 02:00:00,505.829,336.475,289.235,681.709,169.87,168.896,139.97,129.281,57.289,33.773,29.175,25.559,24.985,9.467,3.7
2022-10-08 02:30:00,505.831,336.474,289.233,681.702,169.717,168.895,139.976,129.341,57.289,33.773,29.214,25.549,24.981,9.43,3.704
2022-10-08 03:00:00,505.834,336.475,289.223,681.697,169.675,168.896,139.982,129.358,57.289,33.773,29.28,25.54,24.978,9.421,3.699
2022-10-08 03:30:00,505.837,336.475,289.21,681.694,169.684,168.897,139.986,129.328,57.442,33.773,29.23,25.532,24.975,9.444,3.686
2022-10-08 04:00:00,505.84,336.475,289.2,681.692,169.622,168.898,139.988,129.315,57.289,33.773,29.291,25.525,24.972,9.469,3.684
2022-10-08 04:30:00,505.842,336.474,289.191,681.692,169.641,168.898,139.989,129.366,57.356,33.773,29.241,25.519,24.97,9.46,3.692
2022-10-08 05:00:00,505.844,336.473,289.183,681.691,171.479,168.898,139.988,129.235,57.588,33.773,29.383,25.514,24.968,9.475,3.697
2022-10-08 05:30:00,505.845,336.473,289.175,681.691,171.245,168.897,139.986,129.359,57.564,33.772,29.391,25.51,24.967,9.477,3.701
2022-10-08 06:00:00,505.846,336.473,289.167,681.691,169.614,168.896,139.984,129.286,57.615,33.771,29.399,25.506,24.965,9.525,3.705
2022-10-08 06:30:00,505.847,336.474,289.159,681.691,170.928,168.894,139.981,129.266,57.432,33.769,29.353,25.503,24.964,9.543,3.72
2022-10-08 07:00:00,505.847,336.475,289.15,681.69,169.589,168.893,139.977,129.327,57.3,33.767,29.392,25.499,24.963,9.559,3.739
2022-10-08 07:30:00,505.847,336.476,289.14,681.69,169.606,168.892,139.973,129.374,57.289,33.765,29.294,25.497,24.961,9.542,3.756
2022-10-08 08:00:00,505.847,336.476,289.13,681.689,169.63,168.891,139.969,130.095,57.375,33.763,29.405,25.494,24.96,9.539,3.764
2022-10-08 08:30:00,505.846,336.475,289.119,681.688,169.621,168.89,139.965,129.179,57.319,33.76,29.412,25.492,24.958,9.498,3.765
2022-10-08 09:00:00,505.846,336.474,289.109,681.687,170.368,168.89,139.961,129.303,57.289,33.758,29.312,25.49,24.957,9.529,3.756
2022-10-08 09:30:00,505.846,336.472,289.098,681.687,170.999,168.889,139.956,129.456,57.382,33.756,29.309,25.488,24.955,9.537,3.751
2022-10-08 10:00:00,505.845,336.47,289.089,681.686,171.832,168.888,139.952,129.352,57.289,33.754,29.475,25.487,24.953,9.505,3.756
2022-10-08 10:30:00,505.845,336.468,289.079,681.686,169.572,168.887,139.948,129.574,57.3,33.752,29.239,25.485,24.951,9.506,3.75
2022-10-08 11:00:00,505.844,336.465,289.067,681.685,169.916,168.886,139.945,129.215,57.416,33.751,29.33,25.484,24.949,9.546,3.743
2022-10-08 11:30:00,505.843,336.463,289.055,681.684,169.635,168.885,139.941,129.299,57.296,33.749,29.258,25.483,24.947,9.476,3.749
2022-10-08 12:00:00,505.842,336.46,289.044,681.683,170.402,168.884,139.938,129.764,57.289,33.748,29.284,25.481,24.944,9.466,3.74
2022-10-08 12:30:00,505.841,336.457,289.032,681.682,171.079,168.883,139.934,129.367,57.289,33.746,29.269,25.48,24.942,9.441,3.721
2022-10-08 13:00:00,505.839,336.454,289.02,681.682,169.555,168.881,139.931,129.473,57.347,33.745,29.233,25.479,24.94,9.45,3.702
2022-10-08 13:30:00,505.838,336.451,289.008,681.681,169.627,168.88,139.928,129.666,57.289,33.743,29.231,25.478,24.938,9.442,3.688
2022-10-08 14:00:00,505.836,336.448,288.995,681.681,171.24,168.878,139.925,129.244,57.291,33.742,29.305,25.478,24.935,9.407,3.682
2022-10-08 14:30:00,505.834,336.445,288.982,681.68,169.65,168.877,139.922,129.237,57.458,33.741,29.269,25.477,24.933,9.406,3.665
2022-10-08 15:00:00,505.832,336.441,288.969,681.68,169.88,168.875,139.919,129.352,57.289,33.74,29.237,25.476,24.931,9.438,3.65
2022-10-08 15:30:00,505.83,336.438,288.956,681.679,169.803,168.873,139.915,129.367,57.289,33.738,29.246,25.475,24.929,9.434,3.648
2022-10-08 16:00:00,505.828,336.434,288.943,681.679,169.665,168.871,139.912,129.216,57.289,33.737,29.268,25.475,24.926,9.408,3.653
2022-10-08 16:30:00,505.826,336.431,288.93,681.679,169.575,168.869,139.908,129.739,57.289,33.736,29.222,25.474,24.924,9.416,3.647
2022-10-08 17:00:00,505.824,336.427,288.917,681.679,169.56,168.867,139.905,129.399,57.373,33.735,29.213,25.473,24.922,9.417,3.64
2022-10-08 17:30:00,505.821,336.423,288.904,681.679,169.52,168.865,139.901,129.243,57.289,33.734,29.265,25.473,24.92,9.389,3.639
2022-10-08 18:00:00,505.819,336.419,288.892,681.679,169.615,168.863,139.897,129.677,57.289,33.732,29.146,25.472,24.918,9.381,3.629
2022-10-08 18:30:00,505.817,336.415,288.879,681.679,169.588,168.861,139.893,128.639,57.289,33.697,29.271,25.472,24.916,9.389,3.618
2022-10-08 19:00:00,505.814,336.411,288.866,681.679,169.655,168.859,139.889,129.031,57.289,33.696,29.159,25.471,24.914,9.362,3.611
2022-10-08 19:30:00,505.812,336.406,288.854,681.679,170.587,168.858,139.885,129.074,57.289,33.694,29.158,25.471,24.912,9.378,3.602
2022-10-08 20:00:00,505.809,336.402,288.842,681.678,170.199,168.856,139.881,129.379,57.289,33.693,29.207,25.471,24.91,9.354,3.595
2022-10-08 20:30:00,505.807,336.398,288.83,681.678,169.524,168.854,139.877,129.44,57.289,33.691,29.184,25.47,24.908,9.334,3.588
2022-10-08 21:00:00,505.804,336.394,288.817,681.678,169.681,168.852,139.873,129.453,57.289,33.689,29.181,25.47,24.906,9.347,3.573
2022-10-08 21:30:00,505.801,336.39,288.805,681.677,170.264,168.851,139.868,129.378,57.289,33.687,29.171,25.47,24.904,9.345,3.565
2022-10-08 22:00:00,505.799,336.385,288.794,681.677,169.582,168.849,139.863,129.223,57.289,33.685,29.112,25.469,24.902,9.342,3.562
2022-10-08 22:30:00,505.796,336.381,288.782,681.677,169.612,168.847,139.859,128.555,57.289,33.682,29.114,25.469,24.9,9.33,3.56
2022-10-08 23:00:00,505.794,336.376,288.771,681.676,169.536,168.846,139.854,129.524,57.289,33.68,29.178,25.469,24.898,9.309,3.554
2022-10-08 23:30:00,505.791,336.372,288.761,681.675,169.528,168.844,139.85,129.264,57.289,33.678,29.114,25.468,24.896,9.293,3.542
2022-10-09 00:00:00,505.789,336.368,288.751,681.675,170.755,168.843,139.845,129.352,57.325,33.675,29.119,25.468,24.894,9.317,3.526
2022-10-09 00:30:00,505.786,336.363,288.742,681.674,169.586,168.841,139.841,129.12,57.289,33.672,29.12,25.468,24.892,9.301,3.521
2022-10-09 01:00:00,505.784,336.359,288.733,681.674,170.183,168.84,139.836,129.475,57.289,33.669,29.077,25.467,24.89,9.291,3.518
2022-10-09 01:30:00,505.781,336.356,288.725,681.673,169.685,168.838,139.832,129.466,57.289,33.666,29.14,25.467,24.888,9.292,3.511
2022-10-09 02:00:00,505.779,336.352,288.718,681.672,169.656,168.837,139.827,128.849,57.289,33.663,29.052,25.467,24.886,9.272,3.506
2022-10-09 02:30:00,505.776,336.348,288.711,681.672,169.794,168.835,139.823,129.254,57.289,33.66,29.087,25.467,24.883,9.28,3.498
2022-10-09 03:00:00,505.773,336.344,288.705,681.671,170.013,168.834,139.819,129.584,57.289,33.657,29.041,25.467,24.881,9.267,3.493
2022-10-09 03:30:00,505.77,336.34,288.699,681.671,170.313,168.833,139.815,128.942,57.289,33.654,29.052,25.466,24.878,9.256,3.488
2022-10-09 04:00:00,505.767,336.336,288.693,681.67,169.491,168.832,139.81,128.987,57.289,33.651,29.017,25.466,24.876,9.249,3.48
2022-10-09 04:30:00,505.764,336.333,288.687,681.593,169.523,168.831,139.806,128.862,57.289,33.647,29.065,25.466,24.874,9.24,3.471
2022-10-09 05:00:00,505.761,336.33,288.682,681.592,169.844,168.829,139.802,129.183,57.289,33.644,29.038,25.466,24.871,9.229,3.462
2022-10-09 05:30:00,505.759,336.327,288.676,681.591,170.895,168.828,139.798,129.295,57.308,33.641,29.025,25.466,24.869,9.232,3.453
2022-10-09 06:00:00,505.756,336.324,288.671,681.591,169.748,168.827,139.794,129.677,57.289,33.638,29.009,25.465,24.866,9.235,3.447
2022-10-09 06:30:00,505.754,336.321,288.665,681.59,169.639,168.826,139.79,129.212,57.289,33.635,28.971,25.465,24.863,9.223,3.444
2022-10-09 07:00:00,505.751,336.318,288.658,681.589,169.949,168.825,139.786,129.057,57.289,33.632,29.024,25.465,24.861,9.216,3.441
2022-10-09 07:30:00,505.748,336.315,288.651,681.589,169.921,168.824,139.782,129.224,57.289,33.629,29.004,25.465,24.858,9.198,3.435
2022-10-09 08:00:00,505.746,336.312,288.644,681.588,169.702,168.823,139.778,129.038,57.306,33.626,28.998,25.465,24.855,9.2,3.426
2022-10-09 08:30:00,505.744,336.309,288.637,681.587,170.344,168.822,139.775,129.329,57.289,33.623,29.006,25.465,24.852,9.204,3.418
2022-10-09 09:00:00,505.741,336.306,288.629,681.586,169.554,168.821,139.771,129.191,57.289,33.62,28.967,25.465,24.849,9.196,3.415
2022-10-09 09:30:00,505.739,336.303,288.621,681.586,169.781,168.82,139.767,128.491,57.289,33.617,28.967,25.464,24.846,9.198,3.412
2022-10-09 10:00:00,505.736,336.3,288.612,681.585,169.596,168.819,139.763,128.979,57.289,33.614,28.977,25.464,24.843,9.187,3.41
2022-10-09 10:30:00,505.734,336.297,288.604,681.584,170.029,168.819,139.76,128.666,57.289,33.611,28.947,25.464,24.84,9.176,3.406
2022-10-09 11:00:00,505.732,336.294,288.596,681.584,170.102,168.818,139.756,129.252,57.289,33.608,28.985,25.464,24.837,9.174,3.399
2022-10-09 11:30:00,505.73,336.292,288.587,681.583,169.584,168.817,139.753,129.103,57.289,33.606,28.963,25.464,24.834,9.169,3.393
2022-10-09 12:00:00,505.728,336.289,288.579,681.583,170.202,168.816,140.665,128.923,57.289,33.603,28.936,25.464,24.832,9.166,3.387
2022-10-09 12:30:00,505.725,336.286,288.571,681.582,170.468,168.815,140.661,128.713,57.289,33.601,28.917,25.464,24.829,9.168,3.382
2022-10-09 13:00:00,505.723,336.284,288.562,681.582,169.957,168.815,140.658,128.97,57.289,33.598,28.92,25.464,24.826,9.16,3.38
2022-10-09 13:30:00,505.721,336.281,288.554,681.581,169.62,168.814,140.654,129.465,57.289,33.596,28.922,25.463,24.822,9.147,3.376
2022-10-09 14:00:00,505.719,336.279,288.546,681.58,170.062,168.813,140.651,128.596,57.289,33.594,28.907,25.463,24.819,9.138,3.37
2022-10-09 14:30:00,505.717,336.276,288.538,681.58,169.576,168.813,140.648,129.577,57.289,33.592,28.895,25.463,24.813,9.138,3.361
2022-10-09 15:00:00,505.715,336.274,288.532,681.579,169.756,168.812,140.644,128.716,57.289,33.59,28.906,25.463,24.81,9.135,3.354
2022-10-09 15:30:00,505.713,336.271,288.525,681.579,169.599,168.811,140.641,129.265,57.289,33.587,28.881,25.463,24.806,9.127,3.349
2022-10-09 16:00:00,505.712,336.268,288.519,681.578,170.491,168.81,140.638,128.604,57.289,33.585,28.9,25.463,24.803,9.124,3.344
2022-10-09 16:30:00,505.733,336.308,288.579,681.701,170.002,168.854,140.663,129.072,57.289,33.648,28.885,25.513,24.814,9.13,3.355
2022-10-09 17:00:00,505.752,336.351,288.662,681.737,170.023,168.894,139.788,129.395,57.289,33.658,28.873,25.558,24.822,9.136,3.361
2022-10-09 17:30:00,506.164,336.728,290.105,682.561,172.288,169.282,140.763,129.99,57.359,33.869,29.2,26.048,25.06,9.359,3.522
2022-10-09 18:00:00,506.583,337.45,294.117,682.618,176.286,169.488,141.584,132.066,58.13,34.117,29.681,26.189,25.228,9.82,3.763
2022-10-09 18:30:00,507.118,338.389,294.313,682.558,178.13,169.553,141.628,130.396,59.534,34.4,30.07,26.179,25.263,10.244,3.981
2022-10-09 19:00:00,507.123,337.223,293.722,682.53,170.53,169.649,141.63,130.287,60.085,34.114,31.84,26.398,25.379,10.559,4.224
2022-10-09 19:30:00,507.035,338.821,293.908,682.572,169.134,169.692,141.798,143.275,59.688,34.186,32.802,26.709,25.667,12.238,4.494
2022-10-09 20:00:00,506.964,337.661,293.743,682.489,179.354,169.677,142.198,130.341,62.719,34.215,33.229,26.841,25.86,13.182,5.01
2022-10-09 20:30:00,506.919,337.921,293.735,682.499,176.801,169.576,141.72,130.369,62.864,34.32,34.053,26.918,25.922,13.638,5.641
2022-10-09 21:00:00,506.865,336.46,293.491,682.468,201.403,169.478,141.602,132.717,66.481,34.393,34.35,27.017,25.994,14.187,6.101
2022-10-09 21:30:00,506.809,337.278,293.245,682.444,175.313,169.408,141.487,150.582,61.169,34.407,34.69,27.085,26.05,14.802,6.389
2022-10-09 22:00:00,506.753,337.774,292.666,682.406,169.436,169.364,141.384,129.32,60.912,34.36,33.692,27.106,26.077,15.1,6.626
2022-10-09 22:30:00,506.704,337.212,292.578,682.378,169.605,169.32,141.298,129.571,62.952,34.275,33.633,27.067,26.062,14.782,6.832
2022-10-09 23:00:00,506.663,337.029,292.248,682.343,169.38,169.284,141.213,129.003,61.322,34.187,34.501,26.989,26.01,14.559,6.878
2022-10-09 23:30:00,506.627,337.396,292.114,681.867,185.509,169.254,141.136,138.167,58.265,34.116,33.121,26.901,25.947,15.167,6.852
2022-10-10 00:00:00,506.593,337.528,291.871,681.838,169.853,169.23,141.071,129.043,60.424,34.061,32.141,26.824,25.898,14.392,6.943
2022-10-10 00:30:00,506.558,337.397,291.645,681.821,169.654,169.209,141.014,130.522,63.449,34.011,33.506,26.749,25.848,13.687,6.839
2022-10-10 01:00:00,506.508,337.242,291.451,681.808,173.194,169.191,140.962,128.793,59.446,33.976,33.13,26.693,25.796,13.916,6.677
2022-10-10 01:30:00,506.472,337.217,291.296,681.799,170.855,169.175,140.914,134.072,59.175,33.935,32.282,26.65,25.749,13.752,6.608
2022-10-10 02:00:00,506.441,337.177,291.119,681.79,169.799,169.148,140.873,130.304,58.34,34.476,32.657,26.604,25.709,13.289,6.548
2022-10-10 02:30:00,506.41,337.151,291.026,681.782,169.74,169.119,140.837,128.823,58.852,34.444,31.453,26.562,25.668,13.161,6.464
2022-10-10 03:00:00,506.385,337.132,290.915,681.774,169.626,169.09,140.806,130.972,58.22,34.416,32.834,26.524,25.627,12.725,6.378
2022-10-10 03:30:00,506.362,337.092,290.81,681.767,169.648,169.071,140.777,129.624,57.456,34.389,31.41,26.491,25.592,13.152,6.285
2022-10-10 04:00:00,506.34,337.054,290.721,681.76,170.292,169.053,140.753,128.978,57.768,34.363,31.631,26.46,25.561,12.519,6.267
2022-10-10 04:30:00,506.32,337.016,290.633,681.755,169.559,169.038,140.732,128.547,57.289,34.34,30.496,26.432,25.532,12.245,6.181
2022-10-10 05:00:00,506.3,336.984,290.522,681.738,169.61,169.024,140.709,129.097,57.289,34.319,31.235,26.406,25.508,11.609,6.091
2022-10-10 05:30:00,506.282,336.953,290.429,681.733,170.409,169.012,140.39,128.729,57.289,34.298,31.01,26.383,25.485,11.951,5.952
2022-10-10 06:00:00,506.266,336.931,290.346,681.728,178.348,169.0,140.364,129.097,57.763,34.277,31.139,26.361,25.461,11.8,5.887
2022-10-10 06:30:00,506.25,336.904,290.271,681.722,169.947,168.99,140.34,128.962,57.844,34.257,30.004,26.34,25.439,11.71,5.84
2022-10-10 07:00:00,506.235,336.88,290.149,681.718,169.612,168.979,140.317,130.767,57.79,34.235,31.101,26.319,25.419,11.044,5.787
2022-10-10 07:30:00,506.221,336.857,290.07,681.714,172.314,168.969,140.296,128.952,59.984,34.212,30.729,26.295,25.4,11.168,5.65
2022-10-10 08:00:00,506.207,336.836,290.021,681.71,169.421,168.96,140.275,129.404,57.289,34.189,30.172,26.269,25.38,11.264,5.511
2022-10-10 08:30:00,506.194,336.816,289.956,681.708,169.46,168.952,140.255,128.887,57.289,34.164,30.545,26.244,25.361,11.026,5.454
2022-10-10 09:00:00,506.181,336.794,289.888,681.706,174.032,168.946,140.234,129.014,57.289,34.14,30.512,26.222,25.342,11.018,5.395
2022-10-10 09:30:00,506.167,336.771,289.811,681.704,169.448,168.941,140.215,128.915,57.289,34.118,30.158,26.2,25.325,10.88,5.323
2022-10-10 10:00:00,506.156,336.75,289.746,681.702,169.491,168.937,140.197,128.633,57.289,34.098,30.097,26.179,25.309,10.694,5.251
2022-10-10 10:30:00,506.145,336.729,289.684,681.701,169.47,168.933,140.18,128.935,57.289,34.079,30.216,26.158,25.293,10.689,5.172
2022-10-10 11:00:00,505.961,336.712,289.638,681.699,171.959,168.928,140.163,128.497,57.289,34.059,30.011,26.136,25.28,10.676,5.099
2022-10-10 11:30:00,505.952,336.695,289.608,681.698,169.423,168.923,140.146,128.966,57.289,34.041,29.666,26.114,25.267,10.535,5.039
2022-10-10 12:00:00,505.943,336.677,289.575,681.696,169.535,168.918,140.13,128.962,57.85,34.028,30.285,26.093,25.254,10.395,4.974
2022-10-10 12:30:00,505.935,336.659,289.539,681.695,169.458,168.914,140.114,128.609,57.289,34.01,29.906,26.074,25.243,10.305,4.89
2022-10-10 13:00:00,505.928,336.641,289.503,681.694,172.568,168.909,140.1,128.783,57.289,33.993,30.041,26.055,25.232,10.419,4.805
2022-10-10 13:30:00,505.92,336.624,289.469,681.692,169.403,168.905,140.086,129.952,57.36,33.978,29.547,26.035,25.222,10.485,4.768
2022-10-10 14:00:00,505.913,336.608,289.436,681.691,170.638,168.901,140.073,129.015,57.289,33.963,29.747,26.014,25.211,10.234,4.748
2022-10-10 14:30:00,505.923,336.625,289.442,681.723,169.965,168.928,140.08,129.28,57.289,33.957,29.49,26.009,25.207,10.217,4.703
2022-10-10 15:00:00,505.933,336.653,289.491,681.746,169.683,168.946,140.097,130.275,57.289,33.954,29.762,26.002,25.202,10.078,4.646
2022-10-10 15:30:00,505.924,336.653,289.535,681.736,169.664,168.932,140.101,129.272,57.586,33.946,29.735,25.981,25.191,10.114,4.575
2022-10-10 16:00:00,505.917,336.646,289.56,681.729,169.673,168.924,140.099,129.506,57.598,33.939,29.519,25.965,25.177,10.167,4.51
2022-10-10 16:30:00,505.912,336.635,289.55,681.72,169.621,168.92,140.096,129.244,58.095,33.933,29.709,25.951,25.167,10.037,4.481
2022-10-10 17:00:00,505.909,336.624,289.521,681.712,169.645,168.917,140.092,129.222,57.841,33.927,29.697,25.939,25.158,10.008,4.445
2022-10-10 17:30:00,505.906,336.616,289.493,681.706,171.41,168.914,140.089,129.235,57.498,33.92,29.761,25.928,25.15,10.046,4.396
2022-10-10 18:00:00,505.904,336.608,289.473,681.703,169.678,168.913,140.084,129.27,57.324,33.913,29.545,25.917,25.153,10.054,4.368
2022-10-10 18:30:00,505.902,336.601,289.452,681.7,171.033,168.912,140.079,129.658,58.209,33.906,29.536,25.908,25.147,10.014,4.351
2022-10-10 19:00:00,505.9,336.592,289.43,681.698,169.517,168.911,140.072,129.214,57.289,33.898,29.667,25.898,25.14,9.914,4.335
2022-10-10 19:30:00,505.898,336.584,289.409,681.697,169.612,168.909,140.066,129.69,57.463,33.89,29.849,25.888,25.133,9.95,4.301
2022-10-10 20:00:00,505.896,336.576,289.388,681.696,169.655,168.907,140.058,129.178,57.289,33.883,29.493,25.878,25.127,9.934,4.271
2022-10-10 20:30:00,505.893,336.57,289.37,681.695,169.558,168.904,140.051,129.386,57.608,33.876,29.72,25.868,25.121,9.997,4.254
2022-10-10 21:00:00,505.89,336.565,289.354,681.694,169.553,168.902,140.043,129.523,57.591,33.87,29.523,25.858,25.114,9.845,4.251
2022-10-10 21:30:00,505.887,336.56,289.338,681.694,169.546,168.9,140.035,129.188,57.289,33.861,29.53,25.848,25.108,9.93,4.227
2022-10-10 22:00:00,505.884,336.555,289.322,681.693,169.598,168.898,140.014,129.164,57.693,33.854,29.643,25.839,25.102,9.816,4.209
2022-10-10 22:30:00,505.881,336.549,289.305,681.693,169.702,168.896,140.006,129.424,57.289,33.847,29.475,25.829,25.096,9.847,4.185
2022-10-10 23:00:00,505.878,336.542,289.288,681.692,169.637,168.895,139.999,129.142,57.471,33.841,29.611,25.818,25.09,9.856,4.159
2022-10-10 23:30:00,505.875,336.535,289.27,681.691,170.491,168.893,139.991,129.093,57.289,33.835,29.513,25.806,25.084,9.786,4.147
2022-10-11 00:00:00,505.872,336.529,289.253,681.691,169.661,168.892,139.984,129.389,57.328,33.829,29.476,25.792,25.078,9.865,4.128
2022-10-11 00:30:00,505.869,336.522,289.236,681.69,169.662,168.89,139.977,129.124,57.35,33.823,29.439,25.777,25.072,9.765,4.117
2022-10-11 01:00:00,505.867,336.515,289.219,681.689,170.835,168.889,139.971,129.789,57.757,33.818,29.372,25.762,25.064,9.736,4.103
2022-10-11 01:30:00,505.864,336.507,289.202,681.688,169.538,168.888,139.965,129.243,57.587,33.813,29.643,25.747,25.058,9.693,4.074
2022-10-11 02:00:00,505.861,336.5,289.186,681.688,169.534,168.887,139.959,130.516,57.689,33.808,29.298,25.731,25.053,9.705,4.045
2022-10-11 02:30:00,505.858,336.492,289.168,681.687,169.631,168.885,139.954,130.046,57.289,33.803,29.349,25.715,25.047,9.756,4.02
2022-10-11 03:00:00,505.855,336.484,289.151,681.686,170.409,168.884,139.948,129.259,57.439,33.798,29.395,25.698,25.042,9.628,4.017
2022-10-11 03:30:00,505.853,336.477,289.133,681.685,171.108,168.882,139.943,129.333,57.601,33.794,29.411,25.682,25.037,9.612,3.992
2022-10-11 04:00:00,505.85,336.472,289.117,681.685,169.56,168.881,139.938,129.283,57.445,33.79,29.463,25.665,25.031,9.633,3.956
2022-10-11 04:30:00,505.847,336.467,289.101,681.684,169.587,168.879,139.934,129.184,57.289,33.787,29.311,25.648,25.026,9.622,3.936
2022-10-11 05:00:00,505.845,336.462,289.084,681.683,169.712,168.878,139.929,129.293,57.289,33.784,29.261,25.631,25.02,9.644,3.922
2022-10-11 05:30:00,505.842,336.458,289.068,681.682,169.548,168.876,139.924,129.323,57.321,33.781,29.368,25.614,25.014,9.578,3.913
2022-10-11 06:00:00,505.839,336.453,289.052,681.682,172.046,168.874,139.92,129.388,57.289,33.777,29.262,25.598,25.009,9.529,3.897
2022-10-11 06:30:00,505.836,336.448,289.036,681.681,170.03,168.872,139.915,129.225,57.335,33.773,29.317,25.582,25.003,9.552,3.865
2022-10-11 07:00:00,505.834,336.443,289.02,681.681,170.107,168.87,139.91,129.187,57.289,33.77,29.282,25.567,24.998,9.518,3.845
2022-10-11 07:30:00,505.831,336.439,289.004,681.68,170.072,168.869,139.906,129.277,57.289,33.766,29.268,25.555,24.992,9.517,3.826
2022-10-11 08:00:00,505.828,336.434,288.989,681.68,169.529,168.867,139.901,128.959,57.289,33.762,29.295,25.544,24.987,9.504,3.807
2022-10-11 08:30:00,505.825,336.429,288.974,681.679,169.644,168.865,139.897,129.343,57.289,33.759,29.218,25.535,24.981,9.493,3.793
2022-10-11 09:00:00,505.822,336.424,288.958,681.679,170.163,168.863,139.892,129.492,57.306,33.755,29.181,25.527,24.976,9.499,3.777
2022-10-11 09:30:00,505.82,336.419,288.943,681.678,169.626,168.861,139.888,129.292,57.289,33.751,29.38,25.52,24.97,9.459,3.768
2022-10-11 10:00:00,505.817,336.414,288.929,681.678,170.58,168.859,139.883,129.017,57.289,33.748,29.221,25.515,24.965,9.427,3.753
2022-10-11 10:30:00,505.814,336.409,288.914,681.677,169.657,168.857,139.879,129.584,57.289,33.745,29.21,25.51,24.96,9.501,3.728
2022-10-11 11:00:00,505.811,336.405,288.9,681.677,169.836,168.855,139.874,129.567,57.397,33.742,29.231,25.506,24.955,9.461,3.728
2022-10-11 11:30:00,505.808,336.4,288.886,681.677,169.75,168.853,139.87,129.96,57.289,33.739,29.139,25.502,24.95,9.417,3.729
2022-10-11 12:00:00,505.805,336.395,288.873,681.676,170.308,168.852,139.865,129.385,57.289,33.736,29.151,25.499,24.946,9.415,3.709
2022-10-11 12:30:00,505.803,336.392,288.862,681.677,171.552,168.852,139.861,129.401,57.289,33.733,29.201,25.498,24.942,9.383,3.691
2022-10-11 13:00:00,505.802,336.389,288.853,681.679,171.515,168.852,139.858,129.015,57.289,33.731,29.144,25.497,24.938,9.365,3.673
2022-10-11 13:30:00,505.807,336.399,288.861,681.693,170.255,168.867,139.863,129.285,57.397,33.734,29.13,25.512,24.938,9.376,3.656
2022-10-11 14:00:00,505.813,336.412,288.88,681.706,169.781,168.88,139.873,129.095,57.289,33.736,29.166,25.525,24.937,9.369,3.647
2022-10-11 14:30:00,505.81,336.412,288.899,681.7,169.872,168.874,139.877,129.082,57.289,33.733,29.143,25.521,24.932,9.357,3.638
2022-10-11 15:00:00,505.808,336.41,288.92,681.695,169.687,168.87,139.88,129.176,57.289,33.732,29.2,25.516,24.929,9.355,3.627
2022-10-11 15:30:00,505.805,336.406,288.935,681.691,171.351,168.866,139.881,129.074,57.292,33.731,29.118,25.512,24.925,9.355,3.617
2022-10-11 16:00:00,505.803,336.402,288.943,681.687,169.601,168.864,139.881,129.201,57.289,33.729,29.133,25.509,24.922,9.364,3.611
2022-10-11 16:30:00,505.802,336.398,288.941,681.684,169.7,168.863,139.88,129.238,57.382,33.727,29.133,25.505,24.919,9.344,3.609
2022-10-11 17:00:00,505.8,336.395,288.934,681.682,169.633,168.862,139.879,129.141,57.289,33.725,29.209,25.502,24.916,9.331,3.604
2022-10-11 17:30:00,505.799,336.392,288.923,681.681,170.761,168.86,139.879,129.101,57.289,33.723,29.079,25.5,24.913,9.331,3.593
2022-10-11 18:00:00,505.798,336.389,288.913,681.679,170.399,168.86,139.878,129.11,57.289,33.721,29.145,25.497,24.91,9.359,3.583
2022-10-11 18:30:00,505.797,336.387,288.903,681.678,169.573,168.86,139.877,129.17,57.289,33.719,29.102,25.495,24.907,9.323,3.587
2022-10-11 19:00:00,505.796,336.384,288.894,681.677,169.566,168.86,139.875,129.293,57.478,33.717,29.093,25.493,24.905,9.312,3.582
2022-10-11 19:30:00,505.796,336.382,288.886,681.677,171.133,168.86,139.874,128.995,57.289,33.715,29.158,25.491,24.902,9.307,3.568
2022-10-11 20:00:00,505.795,336.379,288.878,681.676,169.613,168.859,139.871,129.17,57.289,33.713,29.179,25.489,24.9,9.297,3.558
2022-10-11 20:30:00,505.794,336.376,288.87,681.675,170.359,168.858,139.869,129.411,57.289,33.711,29.235,25.487,24.898,9.306,3.548
2022-10-11 21:00:00,505.793,336.373,288.861,681.675,169.689,168.857,139.866,129.092,57.309,33.709,29.094,25.486,24.895,9.334,3.541
2022-10-11 21:30:00,505.792,336.371,288.852,681.674,169.579,168.855,139.863,129.124,57.289,33.706,29.131,25.484,24.893,9.355,3.548
2022-10-11 22:00:00,505.791,336.368,288.843,681.674,169.905,168.854,139.859,129.276,57.289,33.703,29.144,25.483,24.891,9.319,3.563
2022-10-11 22:30:00,505.79,336.365,288.833,681.673,169.603,168.853,139.856,129.298,57.289,33.701,29.132,25.482,24.889,9.296,3.565
2022-10-11 23:00:00,505.788,336.363,288.823,681.673,170.259,168.852,139.852,129.485,57.289,33.698,29.142,25.481,24.886,9.311,3.551
2022-10-11 23:30:00,505.787,336.361,288.813,681.672,169.677,168.851,139.848,129.316,57.289,33.695,29.055,25.48,24.884,9.298,3.543
2022-10-12 00:00:00,505.786,336.359,288.804,681.672,169.841,168.85,139.845,129.26,57.289,33.692,29.161,25.479,24.882,9.301,3.536
2022-10-12 00:30:00,505.784,336.356,288.795,681.671,169.528,168.849,139.841,128.936,57.289,33.69,29.084,25.478,24.879,9.275,3.531
2022-10-12 01:00:00,505.782,336.354,288.786,681.671,169.7,168.847,139.837,129.081,57.289,33.687,29.108,25.477,24.877,9.283,3.522
2022-10-12 01:30:00,505.78,336.353,288.776,681.67,169.589,168.846,139.833,128.897,57.289,33.685,29.098,25.476,24.875,9.281,3.513
2022-10-12 02:00:00,505.779,336.351,288.767,681.595,170.057,168.845,139.829,128.898,57.289,33.682,29.037,25.476,24.873,9.268,3.51
2022-10-12 02:30:00,505.777,336.349,288.758,681.594,169.703,168.844,139.826,129.065,57.289,33.68,29.095,25.475,24.87,9.27,3.504
2022-10-12 03:00:00,505.775,336.346,288.749,681.594,170.461,168.843,139.822,128.82,57.289,33.678,29.091,25.474,24.868,9.25,3.5
2022-10-12 03:30:00,505.773,336.344,288.74,681.593,169.744,168.842,139.818,129.209,57.297,33.636,29.075,25.474,24.865,9.252,3.492
2022-10-12 04:00:00,505.771,336.342,288.731,681.593,169.549,168.841,139.815,129.211,57.289,33.634,29.026,25.473,24.862,9.255,3.484
2022-10-12 04:30:00,505.769,336.339,288.722,681.592,170.569,168.84,139.811,129.207,57.289,33.632,29.003,25.473,24.86,9.253,3.48
2022-10-12 05:00:00,505.767,336.337,288.714,681.591,169.717,168.839,139.808,129.483,57.289,33.629,29.024,25.472,24.857,9.237,3.479
2022-10-12 05:30:00,505.766,336.334,288.705,681.591,170.316,168.838,139.804,129.261,57.289,33.627,29.084,25.472,24.855,9.213,3.473
2022-10-12 06:00:00,505.764,336.332,288.697,681.59,169.826,168.837,139.801,129.242,57.376,33.625,28.998,25.471,24.852,9.209,3.461
2022-10-12 06:30:00,505.762,336.33,288.689,681.59,170.516,168.836,139.798,129.422,57.289,33.623,28.97,25.471,24.849,9.225,3.449
2022-10-12 07:00:00,505.76,336.328,288.68,681.589,169.524,168.835,139.795,128.64,57.289,33.62,28.985,25.471,24.847,9.219,3.444
2022-10-12 07:30:00,505.758,336.325,288.671,681.589,171.086,168.834,139.792,129.193,57.289,33.618,29.004,25.47,24.844,9.193,3.444
2022-10-12 08:00:00,505.756,336.322,288.662,681.588,170.232,168.833,139.789,129.192,57.289,33.616,29.027,25.47,24.842,9.182,3.436
2022-10-12 08:30:00,505.755,336.32,288.654,681.588,169.624,168.832,139.786,129.199,57.289,33.614,29.0,25.469,24.839,9.186,3.425
2022-10-12 09:00:00,505.753,336.318,288.645,681.587,169.923,168.831,139.783,129.015,57.289,33.612,28.979,25.469,24.837,9.195,3.417
2022-10-12 09:30:00,505.751,336.316,288.637,681.587,170.28,168.83,139.781,128.768,57.289,33.61,28.952,25.469,24.834,9.194,3.415
2022-10-12 10:00:00,505.749,336.314,288.628,681.586,169.694,168.829,139.778,128.658,57.289,33.609,28.947,25.469,24.832,9.183,3.416
2022-10-12 10:30:00,505.747,336.311,288.62,681.586,170.446,168.828,139.775,129.114,57.289,33.607,28.971,25.468,24.829,9.17,3.413
2022-10-12 11:00:00,505.745,336.309,288.612,681.585,169.711,168.827,139.772,129.595,57.289,33.605,28.966,25.468,24.827,9.159,3.407
2022-10-12 11:30:00,505.756,336.328,288.635,681.685,169.71,168.85,139.783,129.171,57.289,33.656,28.974,25.494,24.831,9.165,3.41
2022-10-12 12:00:00,505.766,336.349,288.669,681.705,169.802,168.871,139.801,129.283,57.289,33.661,28.97,25.518,24.834,9.172,3.409
2022-10-12 12:30:00,505.837,336.537,289.404,681.874,169.746,169.023,139.967,129.632,57.289,33.732,28.996,25.714,24.893,9.229,3.451
2022-10-12 13:00:00,505.901,336.825,289.98,682.393,171.012,169.089,140.242,129.906,57.289,33.785,29.143,25.835,24.943,9.312,3.499
2022-10-12 13:30:00,506.109,337.005,290.513,682.332,170.25,169.041,140.696,130.213,57.354,33.798,29.185,25.756,24.932,9.363,3.525
2022-10-12 14:00:00,506.188,337.114,290.899,681.852,172.717,169.089,140.777,129.429,57.569,33.832,29.267,25.696,24.937,9.41,3.572
2022-10-12 14:30:00,506.249,337.107,290.854,681.843,175.024,169.113,140.799,132.398,57.984,33.872,29.416,25.652,24.947,9.445,3.621
2022-10-12 15:00:00,506.3,337.149,290.9,681.85,169.93,169.134,140.792,129.483,58.15,33.936,29.674,25.62,24.964,9.497,3.669
2022-10-12 15:30:00,506.345,337.184,290.943,681.848,170.312,169.137,140.778,129.388,57.939,34.005,30.103,25.618,24.988,9.615,3.719
2022-10-12 16:00:00,506.386,337.18,290.97,681.839,170.317,169.15,140.769,129.653,57.756,34.04,30.498,25.673,25.022,9.992,3.789
2022-10-12 16:30:00,506.412,337.164,290.899,681.827,174.698,169.17,140.772,129.665,58.769,34.065,30.995,25.787,25.068,10.497,3.922
2022-10-12 17:00:00,506.425,337.143,290.825,681.814,170.588,169.177,140.79,130.367,57.909,34.086,30.792,25.903,25.122,10.828,4.154
2022-10-12 17:30:00,506.426,337.135,290.764,681.807,169.634,169.176,140.817,129.146,57.525,34.105,31.111,25.987,25.172,10.857,4.413
2022-10-12 18:00:00,506.419,337.134,290.71,681.813,169.834,169.166,140.83,134.56,57.46,34.118,31.068,26.05,25.213,11.231,4.631
2022-10-12 18:30:00,506.407,337.131,290.653,681.816,170.008,169.151,140.833,132.74,57.394,34.13,30.985,26.088,25.239,11.296,4.862
2022-10-12 19:00:00,506.391,337.12,290.616,681.811,170.695,169.133,140.825,130.441,57.289,34.14,30.867,26.113,25.255,11.21,5.037
2022-10-12 19:30:00,506.374,337.104,290.535,681.804,169.794,169.114,140.812,128.964,57.65,34.149,31.194,26.129,25.261,11.167,5.123
2022-10-12 20:00:00,506.355,337.081,290.468,681.796,169.71,169.094,140.795,130.449,58.116,34.16,31.561,26.141,25.269,11.386,5.171
2022-10-12 20:30:00,506.339,337.056,290.412,681.788,169.787,169.08,140.777,129.893,57.786,34.177,30.627,26.152,25.276,11.54,5.236
2022-10-12 21:00:00,506.322,337.028,290.494,681.78,171.253,169.065,140.757,130.896,58.318,34.196,31.72,26.163,25.283,11.052,5.299
2022-10-12 21:30:00,506.305,337.0,290.526,681.772,169.665,169.051,140.739,128.963,58.561,34.213,30.907,26.177,25.288,11.674,5.295
2022-10-12 22:00:00,506.289,336.974,290.53,681.766,169.601,169.038,140.721,128.933,57.382,34.222,30.734,26.19,25.297,11.233,5.345
2022-10-12 22:30:00,506.274,336.947,290.492,681.76,169.678,169.026,140.701,133.319,57.857,34.224,30.29,26.203,25.306,11.147,5.347
2022-10-12 23:00:00,506.259,336.929,290.42,681.754,169.681,169.015,140.384,129.491,60.474,34.218,31.356,26.211,25.315,10.921,5.312
2022-10-12 23:30:00,506.245,336.905,290.332,681.737,170.054,169.004,140.361,128.759,58.729,34.209,30.113,26.213,25.32,11.14,5.25
2022-10-13 00:00:00,506.232,336.882,290.198,681.732,169.561,168.994,140.34,128.741,57.683,34.196,30.887,26.211,25.321,10.868,5.187
2022-10-13 00:30:00,506.219,336.861,290.143,681.727,169.572,168.985,140.319,128.902,58.924,34.18,31.079,26.205,25.318,11.259,5.16
2022-10-13 01:00:00,506.206,336.841,290.093,681.722,169.519,168.974,140.299,131.053,59.491,34.164,30.0,26.197,25.314,11.307,5.18
2022-10-13 01:30:00,506.194,336.821,290.026,681.717,169.553,168.965,140.28,131.067,59.917,34.146,30.269,26.187,25.306,10.802,5.219
2022-10-13 02:00:00,506.182,336.801,289.965,681.713,171.248,168.957,140.261,128.978,57.289,34.13,30.345,26.175,25.298,10.688,5.18
2022-10-13 02:30:00,506.17,336.779,289.916,681.71,169.488,168.95,140.241,129.019,57.289,34.113,30.435,26.162,25.289,10.709,5.086
2022-10-13 03:00:00,506.158,336.758,289.848,681.708,172.764,168.944,140.223,128.966,59.072,34.096,30.785,26.147,25.282,10.786,5.016
2022-10-13 03:30:00,506.148,336.738,289.779,681.706,169.707,168.94,140.205,130.015,58.356,34.08,29.895,26.13,25.273,11.043,4.986
2022-10-13 04:00:00,505.966,336.721,289.712,681.704,169.515,168.936,140.188,128.839,57.33,34.063,30.074,26.114,25.263,10.598,5.009
2022-10-13 04:30:00,505.957,336.704,289.648,681.702,169.454,168.932,140.172,130.353,57.293,34.046,30.197,26.098,25.254,10.357,4.976
2022-10-13 05:00:00,505.949,336.687,289.596,681.701,169.754,168.928,140.156,130.148,57.289,34.036,29.802,26.082,25.245,10.438,4.876
2022-10-13 05:30:00,505.941,336.669,289.561,681.699,169.454,168.923,140.14,130.428,58.191,34.02,29.903,26.066,25.236,10.417,4.805
2022-10-13 06:00:00,505.933,336.652,289.535,681.698,169.597,168.918,140.124,130.403,57.724,34.003,29.855,26.05,25.228,10.259,4.761
2022-10-13 06:30:00,505.925,336.635,289.506,681.696,169.509,168.913,140.11,129.59,57.289,33.988,29.852,26.033,25.219,10.258,4.691
2022-10-13 07:00:00,505.918,336.619,289.474,681.695,169.745,168.909,140.096,128.991,57.289,33.975,30.042,26.015,25.21,10.247,4.63
2022-10-13 07:30:00,505.911,336.603,289.441,681.694,169.716,168.905,140.083,128.942,57.289,33.961,29.578,25.996,25.2,10.399,4.586
2022-10-13 08:00:00,505.904,336.588,289.41,681.692,169.433,168.901,140.07,128.935,57.791,33.948,29.716,25.976,25.19,10.184,4.575
2022-10-13 08:30:00,505.897,336.574,289.382,681.691,169.426,168.898,140.059,129.334,57.693,33.935,29.528,25.96,25.175,10.065,4.548
2022-10-13 09:00:00,505.891,336.561,289.354,681.69,172.337,168.894,140.047,128.885,57.407,33.922,29.77,25.944,25.163,10.063,4.483
2022-10-13 09:30:00,505.884,336.55,289.325,681.689,169.448,168.891,140.036,129.022,57.542,33.91,29.777,25.928,25.152,9.928,4.427
2022-10-13 10:00:00,505.878,336.539,289.3,681.688,169.65,168.889,140.013,128.959,57.49,33.898,29.806,25.913,25.151,10.065,4.364
2022-10-13 10:30:00,505.873,336.528,289.274,681.687,169.522,168.886,140.002,130.481,57.325,33.887,29.36,25.898,25.142,10.188,4.331
2022-10-13 11:00:00,505.867,336.517,289.251,681.686,170.054,168.883,139.991,128.88,57.289,33.878,29.415,25.884,25.132,9.992,4.339
2022-10-13 11:30:00,505.862,336.506,289.229,681.685,169.413,168.881,139.981,129.811,57.289,33.871,29.357,25.869,25.123,9.811,4.326
2022-10-13 12:00:00,505.857,336.496,289.207,681.685,169.526,168.878,139.971,129.435,57.289,33.861,29.615,25.856,25.114,9.76,4.267
2022-10-13 12:30:00,505.853,336.484,289.185,681.684,172.424,168.876,139.962,129.103,57.289,33.852,29.608,25.843,25.106,9.755,4.199
2022-10-13 13:00:00,505.849,336.474,289.164,681.683,169.51,168.873,139.954,129.074,57.289,33.843,29.393,25.83,25.098,9.856,4.145
2022-10-13 13:30:00,505.845,336.467,289.144,681.682,169.508,168.871,139.945,128.971,57.328,33.836,29.485,25.817,25.09,9.828,4.123
2022-10-13 14:00:00,505.841,336.46,289.123,681.681,169.623,168.869,139.937,130.113,57.343,33.828,29.316,25.802,25.083,9.727,4.112
2022-10-13 14:30:00,505.837,336.453,289.101,681.68,169.919,168.866,139.929,129.08,57.401,33.821,29.474,25.784,25.075,9.717,4.084
2022-10-13 15:00:00,505.833,336.446,289.08,681.679,169.586,168.864,139.921,128.725,57.303,33.814,29.367,25.767,25.067,9.652,4.051
2022-10-13 15:30:00,505.829,336.44,289.059,681.678,169.87,168.862,139.914,128.932,57.289,33.807,29.243,25.748,25.059,9.694,4.015
2022-10-13 16:00:00,505.826,336.434,289.04,681.677,170.363,168.859,139.906,128.976,57.289,33.801,29.35,25.73,25.052,9.648,3.989
2022-10-13 16:30:00,505.822,336.427,289.02,681.676,169.46,168.857,139.899,129.532,57.289,33.795,29.363,25.71,25.046,9.577,3.968
2022-10-13 17:00:00,505.819,336.421,289.001,681.676,169.51,168.855,139.892,128.868,57.308,33.79,29.271,25.691,25.039,9.603,3.932
2022-10-13 17:30:00,505.815,336.415,288.983,681.675,169.543,168.853,139.885,128.88,57.289,33.786,29.271,25.671,25.033,9.603,3.905
2022-10-13 18:00:00,505.812,336.408,288.964,681.674,170.541,168.851,139.878,128.538,57.289,33.781,29.29,25.651,25.026,9.549,3.891
2022-10-13 18:30:00,505.808,336.402,288.947,681.673,169.595,168.849,139.872,128.833,57.289,33.776,29.27,25.631,25.019,9.526,3.868
2022-10-13 19:00:00,505.805,336.397,288.931,681.673,171.795,168.847,139.865,128.947,57.289,33.771,29.259,25.612,25.012,9.535,3.839
2022-10-13 19:30:00,505.801,336.391,288.914,681.672,170.162,168.846,139.859,128.9,57.289,33.765,29.14,25.592,25.005,9.525,3.82
2022-10-13 20:00:00,505.798,336.385,288.898,681.671,169.474,168.844,139.853,128.777,57.445,33.759,29.251,25.575,24.998,9.501,3.807
2022-10-13 20:30:00,505.795,336.379,288.883,681.671,169.5,168.842,139.847,129.056,57.433,33.754,29.176,25.56,24.991,9.447,3.79
2022-10-13 21:00:00,505.792,336.374,288.868,681.67,169.535,168.84,139.841,129.059,57.289,33.749,29.024,25.548,24.984,9.461,3.761
2022-10-13 21:30:00,505.789,336.369,288.852,681.593,169.472,168.839,139.835,128.478,57.289,33.744,29.192,25.538,24.977,9.443,3.738
2022-10-13 22:00:00,505.786,336.364,288.837,681.592,169.594,168.837,139.83,128.721,57.289,33.739,29.116,25.53,24.97,9.375,3.724
2022-10-13 22:30:00,505.783,336.359,288.822,681.591,169.582,168.836,139.824,129.139,57.289,33.734,29.16,25.523,24.964,9.381,3.693
2022-10-13 23:00:00,505.78,336.354,288.807,681.591,170.57,168.835,139.819,128.579,57.289,33.729,29.127,25.517,24.957,9.38,3.664
2022-10-13 23:30:00,505.776,336.349,288.791,681.59,169.498,168.833,139.814,129.638,57.289,33.724,29.112,25.512,24.95,9.38,3.65
2022-10-14 00:00:00,505.773,336.344,288.776,681.589,169.565,168.832,139.809,128.697,57.333,33.719,29.109,25.508,24.944,9.37,3.641
2022-10-14 00:30:00,505.769,336.34,288.761,681.588,169.662,168.831,139.804,129.141,57.289,33.714,29.126,25.504,24.938,9.35,3.632
2022-10-14 01:00:00,505.766,336.336,288.747,681.588,169.989,168.83,139.8,128.954,57.289,33.709,28.99,25.5,24.932,9.345,3.619
2022-10-14 01:30:00,505.763,336.332,288.734,681.587,169.56,168.828,139.795,129.297,57.289,33.705,29.048,25.497,24.926,9.339,3.606
2022-10-14 02:00:00,505.76,336.328,288.721,681.587,169.525,168.827,139.79,128.465,57.289,33.7,29.139,25.495,24.92,9.302,3.595
2022-10-14 02:30:00,505.757,336.325,288.709,681.586,170.145,168.826,139.786,129.133,57.289,33.695,29.012,25.492,24.915,9.275,3.577
2022-10-14 03:00:00,505.754,336.322,288.696,681.585,169.525,168.825,139.782,129.337,57.354,33.653,29.003,25.49,24.909,9.309,3.552
2022-10-14 03:30:00,505.751,336.318,288.684,681.584,169.545,168.824,139.777,129.4,57.289,33.648,28.962,25.488,24.904,9.292,3.541
2022-10-14 04:00:00,505.748,336.314,288.672,681.584,169.65,168.823,139.773,129.316,57.303,33.644,28.958,25.487,24.899,9.256,3.537
2022-10-14 04:30:00,505.745,336.311,288.66,681.583,169.527,168.822,139.769,128.731,57.298,33.64,29.002,25.485,24.894,9.239,3.521
2022-10-14 05:00:00,505.742,336.308,288.647,681.582,169.517,168.821,139.765,129.079,57.289,33.636,29.029,25.484,24.889,9.221,3.501
2022-10-14 05:30:00,505.74,336.304,288.635,681.582,169.528,168.82,139.761,128.505,57.354,33.632,28.959,25.482,24.884,9.222,3.483
2022-10-14 06:00:00,505.737,336.301,288.624,681.581,170.366,168.819,139.757,128.637,57.289,33.628,28.934,25.481,24.879,9.237,3.469
2022-10-14 06:30:00,505.734,336.298,288.613,681.581,169.699,168.818,139.754,128.715,57.289,33.624,28.954,25.48,24.875,9.227,3.465
2022-10-14 07:00:00,505.732,336.295,288.602,681.58,170.607,168.818,140.665,128.568,57.289,33.62,28.944,25.479,24.871,9.202,3.463
2022-10-14 07:30:00,505.729,336.292,288.592,681.579,169.615,168.817,140.661,128.691,57.289,33.617,28.972,25.478,24.866,9.191,3.453
2022-10-14 08:00:00,505.727,336.289,288.581,681.579,169.567,168.816,140.658,129.325,57.289,33.613,28.946,25.477,24.862,9.19,3.441
2022-10-14 08:30:00,505.725,336.286,288.571,681.578,170.13,168.815,140.654,129.738,57.289,33.61,28.913,25.476,24.858,9.188,3.431
2022-10-14 09:00:00,505.722,336.283,288.562,681.578,169.441,168.815,140.651,128.613,57.289,33.607,28.932,25.476,24.854,9.187,3.425
2022-10-14 09:30:00,505.72,336.28,288.552,681.577,170.823,168.814,140.647,128.603,57.289,33.604,28.903,25.475,24.849,9.175,3.42
2022-10-14 10:00:00,505.718,336.278,288.543,681.577,169.625,168.813,140.644,128.833,57.289,33.601,28.863,25.474,24.845,9.162,3.415
2022-10-14 10:30:00,505.716,336.275,288.535,681.576,169.572,168.812,140.64,129.13,57.289,33.599,28.87,25.474,24.841,9.16,3.406
2022-10-14 11:00:00,505.714,336.273,288.528,681.576,170.1,168.812,140.637,128.622,57.289,33.596,28.876,25.473,24.837,9.145,3.398
2022-10-14 11:30:00,505.712,336.27,288.52,681.575,170.073,168.811,140.634,128.686,57.289,33.593,28.914,25.472,24.833,9.132,3.389
2022-10-14 12:00:00,505.71,336.267,288.514,681.574,169.921,168.81,140.631,129.354,57.289,33.591,28.875,25.472,24.829,9.128,3.377
2022-10-14 12:30:00,505.708,336.264,288.507,681.574,169.666,168.81,140.627,128.677,57.289,33.588,28.877,25.471,24.826,9.13,3.367
2022-10-14 13:00:00,505.707,336.261,288.501,681.573,169.574,168.809,140.624,128.661,57.289,33.586,28.864,25.471,24.822,9.134,3.36
2022-10-14 13:30:00,505.705,336.259,288.495,681.573,169.566,168.808,140.621,128.934,57.289,33.583,28.848,25.471,24.816,9.125,3.358
2022-10-14 14:00:00,505.704,336.256,288.489,681.572,169.894,168.808,140.618,129.073,57.289,33.581,28.837,25.47,24.811,9.121,3.355
2022-10-14 14:30:00,505.702,336.253,288.483,681.571,170.02,168.807,140.615,128.612,57.289,33.578,28.839,25.47,24.806,9.115,3.35
2022-10-14 15:00:00,505.701,336.25,288.478,681.571,169.772,168.806,140.613,128.776,57.289,33.576,28.841,25.469,24.802,9.105,3.345
2022-10-14 15:30:00,505.7,336.248,288.472,681.57,169.739,168.806,140.61,129.147,57.289,33.574,28.813,25.469,24.798,9.096,3.338
2022-10-14 16:00:00,505.698,336.246,288.467,681.57,169.66,168.805,140.607,128.867,57.289,33.572,28.812,25.469,24.794,9.091,3.331
2022-10-14 16:30:00,505.697,336.243,288.462,681.569,169.541,168.804,140.604,129.118,57.289,33.57,28.811,25.468,24.79,9.087,3.324
2022-10-14 17:00:00,505.696,336.241,288.456,681.569,170.087,168.804,140.601,128.894,57.289,33.568,28.813,25.468,24.786,9.076,3.318
2022-10-14 17:30:00,505.694,336.238,288.451,681.568,169.545,168.803,140.599,129.173,57.289,33.565,28.803,25.468,24.782,9.069,3.312
2022-10-14 18:00:00,505.693,336.236,288.446,681.568,169.599,168.803,140.597,128.568,57.289,33.563,28.804,25.468,24.778,9.065,3.305
2022-10-14 18:30:00,505.692,336.234,288.442,681.567,169.758,168.802,140.594,128.852,57.289,33.561,28.793,25.467,24.775,9.061,3.299
2022-10-14 19:00:00,505.691,336.231,288.437,681.567,169.806,168.802,140.592,129.062,57.289,33.559,28.788,25.467,24.771,9.056,3.294
2022-10-14 19:30:00,505.69,336.229,288.432,681.567,169.758,168.801,140.59,128.586,57.289,33.558,28.8,25.467,24.831,9.052,3.29
2022-10-14 20:00:00,505.688,336.227,288.428,681.566,169.585,168.801,140.588,129.3,57.289,33.556,28.805,25.467,24.828,9.045,3.285
2022-10-14 20:30:00,505.687,336.225,288.423,681.566,169.624,168.8,140.586,128.494,57.289,33.554,28.78,25.466,24.824,9.039,3.281
2022-10-14 21:00:00,505.686,336.222,288.419,681.565,169.814,168.8,140.584,128.735,57.289,33.552,28.772,25.466,24.821,9.04,3.276
2022-10-14 21:30:00,505.685,336.22,288.414,681.565,169.773,168.799,140.582,129.136,57.289,33.551,28.753,25.466,24.817,9.039,3.272
2022-10-14 22:00:00,505.684,336.218,288.41,681.565,169.767,168.799,140.58,128.482,57.289,33.549,28.762,25.466,24.814,9.03,3.269
2022-10-14 22:30:00,505.683,336.216,288.405,681.564,169.731,168.798,140.578,128.673,57.289,33.548,28.769,25.466,24.81,9.019,3.266
2022-10-14 23:00:00,505.682,336.214,288.401,681.564,169.863,168.798,140.576,129.176,57.289,33.546,28.761,25.465,24.807,9.008,3.261
2022-10-14 23:30:00,505.681,336.211,288.397,681.563,169.582,168.797,140.575,128.513,57.289,33.545,28.761,25.465,24.803,9.002,3.255
2022-10-15 00:00:00,505.68,336.209,288.393,681.563,169.773,168.797,140.573,128.753,57.289,33.543,28.75,25.465,24.8,9.002,3.248
2022-10-15 00:30:00,505.679,336.207,288.389,681.562,169.59,168.797,140.571,128.742,57.289,33.542,28.738,25.465,24.797,8.999,3.243
2022-10-15 01:00:00,505.678,336.205,288.385,681.562,170.074,168.796,140.57,128.831,57.289,33.54,28.739,25.465,24.794,8.995,3.239
2022-10-15 01:30:00,505.677,336.203,288.38,681.561,169.68,168.796,140.568,129.226,57.289,33.539,28.741,25.465,24.791,8.989,3.236
2022-10-15 02:00:00,505.676,336.201,288.376,681.561,169.729,168.795,140.567,128.832,57.289,33.537,28.743,25.464,24.788,8.981,3.232
2022-10-15 02:30:00,505.675,336.199,288.372,681.561,169.644,168.795,140.565,128.816,57.289,33.536,28.744,25.464,24.785,8.975,3.227
2022-10-15 03:00:00,505.675,336.197,288.368,681.56,169.672,168.795,140.563,129.087,57.289,33.535,28.737,25.464,24.783,8.972,3.222
2022-10-15 03:30:00,505.728,336.302,288.519,681.747,169.763,168.896,140.644,129.132,57.289,33.642,28.765,25.578,24.821,8.994,3.247
2022-10-15 04:00:00,505.762,336.417,288.964,681.825,169.734,168.972,139.849,129.183,57.289,33.664,28.8,25.67,24.788,9.028,3.266
2022-10-15 04:30:00,505.836,336.648,289.614,682.38,170.379,169.079,140.106,129.626,57.289,33.726,28.9,25.824,24.856,9.111,3.321
2022-10-15 05:00:00,506.14,336.714,290.932,682.426,171.525,169.151,140.757,129.826,57.302,33.79,29.075,25.89,24.909,9.233,3.394
2022-10-15 05:30:00,506.253,336.909,291.962,682.369,171.052,169.21,140.944,130.996,57.62,33.831,29.169,25.805,24.907,9.322,3.455
2022-10-15 06:00:00,506.381,336.923,291.621,682.368,170.395,169.225,140.996,129.5,58.1,33.913,29.335,25.75,24.927,9.407,3.527
2022-10-15 06:30:00,506.507,336.994,291.773,682.367,169.427,169.235,140.995,132.203,58.166,34.038,29.792,25.695,24.953,9.48,3.622
2022-10-15 07:00:00,506.62,337.031,291.727,682.346,169.9,169.257,140.991,129.638,58.638,34.146,30.811,25.713,25.0,9.63,3.72
2022-10-15 07:30:00,506.674,336.906,291.859,682.323,170.178,169.279,141.022,129.836,62.662,34.237,30.851,25.86,25.077,10.53,3.822
2022-10-15 08:00:00,506.678,336.889,291.596,681.867,170.239,169.284,141.067,131.737,58.078,34.291,32.225,26.059,25.184,11.113,4.081
2022-10-15 08:30:00,506.657,336.954,291.461,682.362,169.3,169.276,141.089,134.397,58.092,34.316,31.193,26.209,25.277,12.255,4.53
2022-10-15 09:00:00,506.631,337.186,291.449,682.382,185.714,169.265,141.086,129.161,57.88,34.329,31.9,26.282,25.34,11.753,5.043
2022-10-15 09:30:00,506.603,337.073,291.295,682.356,170.124,169.251,141.067,129.082,62.146,34.347,31.756,26.321,25.385,12.261,5.352
2022-10-15 10:00:00,506.574,336.951,291.17,682.323,170.168,169.233,141.039,130.048,60.372,34.386,32.089,26.349,25.416,11.983,5.562
2022-10-15 10:30:00,506.543,336.824,291.272,681.849,181.64,169.217,141.007,129.238,59.334,34.432,32.494,26.378,25.442,12.192,5.68
2022-10-15 11:00:00,506.498,336.881,291.402,681.829,182.408,169.201,140.971,129.279,57.856,34.442,30.956,26.414,25.475,12.567,5.714
2022-10-15 11:30:00,506.468,336.874,291.32,681.816,180.816,169.185,140.932,131.659,59.221,34.438,32.05,26.44,25.507,11.933,5.821
2022-10-15 12:00:00,506.44,336.823,291.239,681.806,169.717,169.17,140.895,129.131,58.039,34.429,32.322,26.449,25.524,12.293,5.83
2022-10-15 12:30:00,506.412,336.775,291.117,681.797,169.704,169.145,140.861,128.739,61.185,34.414,30.738,26.448,25.529,12.414,5.859
2022-10-15 13:00:00,506.386,336.724,290.953,681.789,181.807,169.117,140.83,129.967,62.377,34.397,32.393,26.44,25.525,11.573,5.877
2022-10-15 13:30:00,506.365,336.696,290.85,681.781,169.706,169.09,140.802,129.747,62.16,34.379,31.598,26.428,25.517,12.458,5.812
2022-10-15 14:00:00,506.344,336.669,290.761,681.773,169.711,169.072,140.779,128.732,61.855,34.358,31.605,26.414,25.507,12.281,5.814
2022-10-15 14:30:00,506.325,336.647,290.679,681.768,169.725,169.056,140.755,129.492,57.789,34.339,31.295,26.399,25.494,12.244,5.847
2022-10-15 15:00:00,506.306,336.64,290.624,681.763,169.759,169.042,140.734,129.247,57.975,34.321,30.893,26.384,25.479,12.07,5.864
2022-10-15 15:30:00,506.29,336.626,290.517,681.759,169.725,169.031,140.714,129.405,58.459,34.303,31.636,26.368,25.463,11.63,5.849
2022-10-15 16:00:00,506.274,336.613,290.438,681.756,169.511,169.021,140.695,129.9,58.391,34.286,31.458,26.352,25.447,11.859,5.792
2022-10-15 16:30:00,506.259,336.6,290.36,681.738,169.608,169.008,140.376,129.507,59.743,34.267,30.634,26.335,25.43,11.708,5.737
2022-10-15 17:00:00,506.245,336.587,290.283,681.733,169.63,168.998,140.354,129.454,58.998,34.25,30.478,26.318,25.414,11.326,5.68
2022-10-15 17:30:00,506.231,336.576,290.176,681.727,169.606,168.988,140.332,129.23,57.313,34.229,31.125,26.299,25.4,11.219,5.599
2022-10-15 18:00:00,506.218,336.567,290.097,681.722,169.54,168.978,140.31,129.324,57.562,34.209,30.365,26.277,25.384,11.536,5.51
2022-10-15 18:30:00,506.206,336.558,290.047,681.718,169.61,168.968,140.29,129.348,57.473,34.187,30.793,26.254,25.367,11.145,5.482
2022-10-15 19:00:00,506.194,336.552,289.99,681.714,169.536,168.96,140.27,133.045,57.631,34.163,30.311,26.233,25.35,10.955,5.435
2022-10-15 19:30:00,506.182,336.549,289.926,681.712,169.613,168.954,140.251,129.234,59.309,34.141,30.128,26.214,25.334,10.86,5.336
2022-10-15 20:00:00,506.171,336.547,289.877,681.712,173.916,168.949,140.233,129.831,57.289,34.121,30.152,26.195,25.32,10.732,5.251
2022-10-15 20:30:00,506.159,336.547,289.805,681.709,169.694,168.944,140.215,129.178,57.819,34.102,30.379,26.176,25.305,10.738,5.164
2022-10-15 21:00:00,506.149,336.545,289.734,681.706,170.493,168.94,140.198,129.215,58.093,34.084,29.669,26.156,25.29,10.925,5.096
2022-10-15 21:30:00,505.967,336.543,289.679,681.704,169.488,168.936,140.182,129.183,57.702,34.066,30.016,26.135,25.279,10.487,5.076
2022-10-15 22:00:00,505.958,336.538,289.637,681.702,170.769,168.932,140.165,129.125,57.354,34.048,30.206,26.115,25.266,10.512,5.003
2022-10-15 22:30:00,505.95,336.534,289.608,681.701,169.457,168.927,140.15,129.219,57.796,34.036,29.999,26.096,25.255,10.495,4.918
2022-10-15 23:00:00,505.942,336.529,289.578,681.699,169.545,168.923,140.134,129.22,57.289,34.02,29.879,26.077,25.244,10.563,4.859
2022-10-15 23:30:00,505.935,336.525,289.544,681.698,173.651,168.918,140.119,129.232,57.289,34.004,30.015,26.06,25.234,10.35,4.832
2022-10-16 00:00:00,505.928,336.522,289.508,681.696,169.483,168.914,140.105,129.183,57.289,33.988,29.743,26.042,25.225,10.293,4.777
2022-10-16 00:30:00,505.921,336.519,289.475,681.695,170.844,168.91,140.092,129.18,57.536,33.974,29.748,26.023,25.215,10.259,4.707
2022-10-16 01:00:00,505.914,336.517,289.445,681.694,169.485,168.906,140.079,129.18,57.41,33.961,29.654,26.003,25.205,10.227,4.649
2022-10-16 01:30:00,505.907,336.515,289.416,681.693,169.527,168.903,140.067,129.134,57.797,33.948,29.718,25.983,25.194,10.147,4.595
2022-10-16 02:00:00,505.9,336.514,289.386,681.692,173.32,168.9,140.056,130.793,57.53,33.934,29.792,25.965,25.18,10.07,4.539
2022-10-16 02:30:00,505.894,336.513,289.359,681.691,169.609,168.896,140.045,129.286,57.489,33.921,29.69,25.948,25.167,10.08,4.479
2022-10-16 03:00:00,505.888,336.508,289.334,681.69,169.652,168.894,140.035,129.247,57.54,33.909,29.559,25.932,25.155,10.081,4.432
2022-10-16 03:30:00,505.882,336.504,289.308,681.689,169.653,168.891,140.011,129.327,57.344,33.897,29.707,25.917,25.153,9.991,4.398
2022-10-16 04:00:00,505.876,336.499,289.285,681.688,169.514,168.888,140.001,129.278,57.825,33.887,29.696,25.902,25.144,9.986,4.359
2022-10-16 04:30:00,505.871,336.495,289.263,681.687,172.431,168.886,139.991,129.239,57.516,33.877,29.522,25.887,25.134,10.0,4.32
2022-10-16 05:00:00,505.866,336.49,289.24,681.686,169.538,168.883,139.981,129.412,57.807,33.871,29.829,25.872,25.125,9.938,4.296
2022-10-16 05:30:00,505.861,336.485,289.219,681.686,169.579,168.881,139.972,129.138,57.289,33.861,29.417,25.859,25.116,9.92,4.271
2022-10-16 06:00:00,505.857,336.48,289.198,681.685,172.017,168.879,139.964,129.217,57.353,33.852,29.585,25.846,25.108,9.947,4.241
2022-10-16 06:30:00,505.852,336.477,289.177,681.684,169.528,168.876,139.955,129.231,57.289,33.844,29.396,25.833,25.1,9.788,4.227
2022-10-16 07:00:00,505.848,336.473,289.157,681.683,169.527,168.874,139.947,129.277,57.381,33.836,29.372,25.82,25.092,9.816,4.19
2022-10-16 07:30:00,505.845,336.467,289.137,681.682,169.546,168.872,139.94,129.397,57.589,33.829,29.36,25.805,25.084,9.722,4.151
2022-10-16 08:00:00,505.841,336.461,289.117,681.681,169.556,168.87,139.932,129.149,57.489,33.821,29.524,25.788,25.077,9.679,4.111
2022-10-16 08:30:00,505.837,336.455,289.096,681.68,172.986,168.868,139.925,129.201,57.389,33.814,29.301,25.771,25.069,9.673,4.063
2022-10-16 09:00:00,505.834,336.448,289.076,681.679,169.624,168.866,139.917,129.299,57.289,33.808,29.507,25.753,25.061,9.714,4.025
2022-10-16 09:30:00,505.83,336.442,289.056,681.679,169.768,168.863,139.91,129.217,57.289,33.802,29.323,25.734,25.054,9.648,4.006
2022-10-16 10:00:00,505.827,336.436,289.037,681.678,169.65,168.861,139.903,129.211,57.344,33.796,29.238,25.715,25.047,9.691,3.984
2022-10-16 10:30:00,505.823,336.429,289.017,681.677,169.529,168.859,139.896,129.237,57.424,33.791,29.138,25.696,25.041,9.623,3.968
2022-10-16 11:00:00,505.82,336.423,288.999,681.676,170.248,168.857,139.89,129.981,57.551,33.786,29.371,25.676,25.035,9.544,3.949
2022-10-16 11:30:00,505.816,336.417,288.981,681.676,169.561,168.855,139.884,128.661,57.289,33.782,29.254,25.656,25.028,9.49,3.909
2022-10-16 12:00:00,505.813,336.411,288.964,681.675,169.546,168.853,139.877,129.161,57.353,33.778,29.25,25.637,25.021,9.557,3.86
2022-10-16 12:30:00,505.81,336.406,288.948,681.674,169.538,168.851,139.871,129.325,57.358,33.772,29.292,25.617,25.014,9.533,3.837
2022-10-16 13:00:00,505.806,336.4,288.932,681.674,170.454,168.85,139.865,129.287,57.289,33.767,29.161,25.598,25.008,9.511,3.827
2022-10-16 13:30:00,505.803,336.395,288.917,681.673,169.59,168.848,139.859,129.231,57.289,33.762,29.247,25.58,25.001,9.517,3.807
2022-10-16 14:00:00,505.8,336.389,288.902,681.672,169.547,168.846,139.853,129.486,57.289,33.756,29.198,25.565,24.994,9.468,3.795
2022-10-16 14:30:00,505.797,336.383,288.887,681.672,170.76,168.844,139.848,128.672,57.289,33.751,29.14,25.552,24.987,9.475,3.773
2022-10-16 15:00:00,505.794,336.378,288.872,681.671,169.939,168.843,139.842,129.133,57.289,33.746,29.121,25.541,24.98,9.452,3.755
2022-10-16 15:30:00,505.791,336.373,288.857,681.671,169.736,168.841,139.837,129.026,57.289,33.741,29.159,25.533,24.973,9.416,3.738
2022-10-16 16:00:00,505.788,336.368,288.842,681.67,169.754,168.84,139.832,129.126,57.289,33.737,29.129,25.525,24.967,9.391,3.714
2022-10-16 16:30:00,505.785,336.363,288.828,681.593,169.693,168.838,139.827,129.101,57.289,33.732,29.135,25.519,24.96,9.385,3.688
2022-10-16 17:00:00,505.782,336.358,288.813,681.592,169.601,168.837,139.822,128.891,57.289,33.728,29.1,25.514,24.953,9.379,3.666
2022-10-16 17:30:00,505.779,336.354,288.799,681.591,169.614,168.835,139.817,129.237,57.289,33.723,29.144,25.509,24.947,9.37,3.652
2022-10-16 18:00:00,505.776,336.349,288.785,681.591,169.489,168.834,139.812,129.421,57.289,33.718,29.177,25.505,24.941,9.352,3.639
2022-10-16 18:30:00,505.773,336.344,288.771,681.59,169.661,168.833,139.808,128.79,57.289,33.713,29.066,25.501,24.935,9.357,3.625
2022-10-16 19:00:00,505.769,336.34,288.758,681.589,170.071,168.832,139.803,129.105,57.289,33.709,28.988,25.498,24.929,9.371,3.614
2022-10-16 19:30:00,505.766,336.336,288.746,681.589,169.569,168.83,139.798,129.267,57.289,33.704,29.072,25.496,24.924,9.337,3.612
2022-10-16 20:00:00,505.763,336.332,288.734,681.588,169.577,168.829,139.794,129.132,57.289,33.699,29.094,25.493,24.918,9.291,3.604
2022-10-16 20:30:00,505.76,336.329,288.722,681.587,169.788,168.828,139.79,129.094,57.289,33.657,29.018,25.491,24.913,9.278,3.578
2022-10-16 21:00:00,505.757,336.326,288.71,681.587,170.052,168.827,139.786,129.492,57.289,33.653,29.028,25.489,24.908,9.302,3.551
2022-10-16 21:30:00,505.754,336.322,288.698,681.586,170.733,168.826,139.782,128.593,57.289,33.649,29.008,25.487,24.902,9.282,3.539
2022-10-16 22:00:00,505.751,336.319,288.686,681.585,169.77,168.825,139.777,129.185,57.289,33.645,29.003,25.486,24.898,9.263,3.532
2022-10-16 22:30:00,505.748,336.315,288.674,681.585,169.553,168.824,139.773,128.611,57.289,33.64,29.033,25.484,24.893,9.255,3.518
2022-10-16 23:00:00,505.746,336.312,288.661,681.584,169.777,168.823,139.77,129.033,57.289,33.637,29.03,25.483,24.888,9.244,3.505
2022-10-16 23:30:00,505.743,336.309,288.649,681.583,170.33,168.822,139.766,129.212,57.364,33.633,28.956,25.482,24.883,9.245,3.494
2022-10-17 00:00:00,505.741,336.305,288.638,681.583,169.816,168.821,139.762,129.136,57.289,33.629,28.956,25.48,24.879,9.247,3.485
2022-10-17 00:30:00,505.738,336.302,288.626,681.582,169.517,168.82,139.758,128.941,57.289,33.625,28.928,25.479,24.875,9.229,3.481
2022-10-17 01:00:00,505.735,336.299,288.616,681.582,170.397,168.819,139.755,128.668,57.289,33.621,28.975,25.478,24.871,9.209,3.474
2022-10-17 01:30:00,505.733,336.296,288.605,681.581,169.561,168.818,140.667,128.707,57.289,33.618,28.958,25.477,24.866,9.193,3.462
2022-10-17 02:00:00,505.731,336.293,288.595,681.581,169.668,168.818,140.663,128.66,57.289,33.615,28.946,25.477,24.862,9.192,3.447
2022-10-17 02:30:00,505.735,336.302,288.601,681.671,169.875,168.829,140.667,129.204,57.289,33.658,28.914,25.49,24.861,9.197,3.444
2022-10-17 03:00:00,505.739,336.312,288.614,681.682,169.658,168.842,139.757,129.206,57.289,33.659,28.94,25.502,24.86,9.192,3.444
2022-10-17 03:30:00,505.745,336.326,288.636,681.692,169.761,168.855,139.768,129.072,57.289,33.661,28.932,25.515,24.859,9.186,3.442
2022-10-17 04:00:00,505.751,336.34,288.669,681.7,169.809,168.865,139.782,129.045,57.289,33.664,28.907,25.527,24.858,9.182,3.439
2022-10-17 04:30:00,505.75,336.344,288.698,681.692,170.057,168.86,139.791,128.72,57.289,33.661,28.93,25.523,24.854,9.186,3.43
2022-10-17 05:00:00,505.749,336.347,288.73,681.686,170.418,168.855,139.798,129.034,57.289,33.661,28.942,25.519,24.851,9.176,3.424
2022-10-17 05:30:00,505.749,336.348,288.76,681.683,169.775,168.855,139.804,129.356,57.289,33.662,28.925,25.517,24.848,9.17,3.421
2022-10-17 06:00:00,505.75,336.348,288.784,681.68,169.728,168.856,139.81,129.449,57.289,33.661,28.923,25.515,24.845,9.173,3.415
2022-10-17 06:30:00,505.75,336.347,288.799,681.677,169.903,168.855,139.814,129.076,57.289,33.66,28.927,25.511,24.842,9.172,3.411
2022-10-17 07:00:00,505.751,336.345,288.804,681.674,169.747,168.854,139.818,128.523,57.289,33.659,28.933,25.507,24.84,9.165,3.409
2022-10-17 07:30:00,505.752,336.344,288.802,681.599,170.654,168.854,139.822,129.432,57.289,33.659,28.941,25.504,24.837,9.162,3.405
2022-10-17 08:00:00,505.754,336.343,288.796,681.597,169.77,168.855,139.825,129.226,57.289,33.658,28.979,25.501,24.835,9.162,3.401
2022-10-17 08:30:00,505.755,336.342,288.788,681.595,169.703,168.856,139.828,129.193,57.289,33.657,28.978,25.498,24.832,9.161,3.398
2022-10-17 09:00:00,505.757,336.341,288.779,681.594,169.581,168.857,139.83,128.89,57.289,33.656,28.999,25.496,24.83,9.17,3.396
2022-10-17 09:30:00,505.763,336.346,288.78,681.675,169.714,168.865,139.836,129.192,57.373,33.659,29.002,25.501,24.83,9.179,3.4
2022-10-17 10:00:00,505.769,336.353,288.787,681.681,169.657,168.872,139.844,129.24,57.289,33.661,29.006,25.507,24.83,9.183,3.407
2022-10-17 10:30:00,505.773,336.359,288.8,681.685,169.686,168.875,139.851,129.054,57.289,33.662,29.014,25.509,24.829,9.193,3.413
2022-10-17 11:00:00,505.778,336.367,288.818,681.688,171.025,168.878,139.86,129.278,57.358,33.665,29.045,25.512,24.829,9.194,3.418
2022-10-17 11:30:00,505.78,336.369,288.835,681.686,169.615,168.875,139.865,129.11,57.356,33.664,29.083,25.508,24.827,9.197,3.422
2022-10-17 12:00:00,505.782,336.37,288.851,681.683,169.858,168.872,139.868,129.427,57.289,33.665,29.005,25.505,24.826,9.204,3.424
2022-10-17 12:30:00,505.783,336.369,288.862,681.681,170.858,168.871,139.871,129.182,57.289,33.666,29.042,25.502,24.825,9.222,3.426
2022-10-17 13:00:00,505.785,336.369,288.865,681.679,170.728,168.87,139.872,129.472,57.289,33.666,29.074,25.5,24.824,9.215,3.432
2022-10-17 13:30:00,505.786,336.369,288.862,681.677,170.52,168.869,139.873,129.215,57.289,33.666,29.061,25.497,24.823,9.201,3.438
2022-10-17 14:00:00,505.788,336.369,288.856,681.676,169.74,168.869,139.874,129.453,57.289,33.665,29.089,25.495,24.822,9.213,3.436
2022-10-17 14:30:00,505.79,336.37,288.849,681.675,169.992,168.869,139.875,129.361,57.289,33.665,29.079,25.493,24.822,9.221,3.435
2022-10-17 15:00:00,505.791,336.371,288.84,681.674,170.868,168.869,139.875,129.165,57.289,33.665,29.035,25.491,24.818,9.224,3.438
2022-10-17 15:30:00,505.793,336.371,288.831,681.673,169.605,168.869,139.874,129.087,57.289,33.664,29.099,25.489,24.817,9.234,3.441
2022-10-17 16:00:00,505.794,336.372,288.824,681.673,169.603,168.869,139.874,128.944,57.289,33.664,29.09,25.488,24.816,9.213,3.446
2022-10-17 16:30:00,505.795,336.372,288.818,681.672,169.776,168.868,139.873,129.046,57.289,33.664,29.146,25.486,24.816,9.22,3.445
2022-10-17 17:00:00,505.796,336.372,288.813,681.672,169.801,168.867,139.871,129.631,57.289,33.664,29.1,25.485,24.815,9.23,3.442
2022-10-17 17:30:00,505.796,336.371,288.809,681.672,169.701,168.866,139.87,129.531,57.289,33.664,29.079,25.483,24.815,9.247,3.444
2022-10-17 18:00:00,505.796,336.371,288.804,681.671,169.655,168.865,139.868,129.476,57.289,33.664,29.049,25.482,24.815,9.252,3.451
2022-10-17 18:30:00,505.796,336.371,288.8,681.671,169.711,168.864,139.866,129.22,57.289,33.664,29.037,25.481,24.814,9.233,3.459
2022-10-17 19:00:00,505.796,336.37,288.796,681.671,169.666,168.863,139.864,129.282,57.289,33.665,29.143,25.48,24.814,9.214,3.459
2022-10-17 19:30:00,505.796,336.37,288.791,681.67,170.777,168.862,139.861,129.087,57.289,33.665,29.109,25.479,24.814,9.203,3.451
2022-10-17 20:00:00,505.796,336.369,288.785,681.67,169.704,168.861,139.859,129.268,57.289,33.665,29.05,25.478,24.813,9.227,3.441
2022-10-17 20:30:00,505.795,336.369,288.779,681.595,170.622,168.859,139.857,129.49,57.289,33.665,29.091,25.477,24.813,9.242,3.438
2022-10-17 21:00:00,505.794,336.368,288.772,681.594,171.247,168.858,139.855,129.309,57.289,33.665,29.048,25.477,24.813,9.224,3.445
2022-10-17 21:30:00,505.794,336.367,288.765,681.594,169.605,168.857,139.852,129.438,57.289,33.665,29.088,25.476,24.813,9.218,3.447
2022-10-17 22:00:00,505.793,336.365,288.757,681.593,169.81,168.855,139.85,129.195,57.289,33.665,29.069,25.475,24.813,9.212,3.443
2022-10-17 22:30:00,505.792,336.364,288.749,681.593,169.758,168.854,139.848,129.395,57.289,33.665,29.034,25.475,24.813,9.212,3.438
2022-10-17 23:00:00,505.791,336.362,288.742,681.593,171.268,168.853,139.846,129.519,57.289,33.665,29.055,25.474,24.813,9.218,3.434
2022-10-17 23:30:00,505.79,336.361,288.734,681.592,169.648,168.851,139.843,128.777,57.289,33.625,29.025,25.473,24.813,9.203,3.434
2022-10-18 00:00:00,505.789,336.359,288.726,681.592,169.809,168.85,139.841,129.232,57.289,33.626,29.052,25.473,24.813,9.2,3.431
2022-10-18 00:30:00,505.787,336.358,288.717,681.591,169.71,168.849,139.839,129.272,57.289,33.626,29.043,25.472,24.813,9.194,3.425
2022-10-18 01:00:00,505.786,336.356,288.709,681.591,169.688,168.847,139.837,128.782,57.289,33.626,29.032,25.472,24.813,9.192,3.42
2022-10-18 01:30:00,505.785,336.354,288.701,681.59,170.437,168.846,139.834,129.132,57.289,33.625,29.093,25.472,24.813,9.198,3.416
2022-10-18 02:00:00,505.783,336.352,288.693,681.59,169.609,168.844,139.832,128.501,57.289,33.625,29.009,25.471,24.813,9.193,3.414
2022-10-18 02:30:00,505.781,336.351,288.685,681.59,169.666,168.843,139.83,128.832,57.289,33.625,29.019,25.471,24.813,9.203,3.413
2022-10-18 03:00:00,505.78,336.349,288.676,681.59,169.604,168.842,139.827,129.429,57.289,33.625,28.998,25.47,24.813,9.2,3.414
2022-10-18 03:30:00,505.778,336.347,288.668,681.59,169.915,168.84,139.825,128.629,57.289,33.624,29.01,25.47,24.813,9.18,3.416
2022-10-18 04:00:00,505.776,336.345,288.659,681.59,169.636,168.839,139.822,129.446,57.289,33.624,29.015,25.47,24.812,9.176,3.411
2022-10-18 04:30:00,505.774,336.342,288.651,681.589,170.466,168.838,139.82,129.752,57.291,33.623,29.018,25.469,24.812,9.172,3.404
2022-10-18 05:00:00,505.772,336.34,288.643,681.589,169.647,168.836,139.817,129.171,57.289,33.622,29.021,25.469,24.812,9.174,3.398
2022-10-18 05:30:00,505.77,336.337,288.635,681.589,169.873,168.835,139.814,128.598,57.289,33.621,28.964,25.469,24.812,9.175,3.394
2022-10-18 06:00:00,505.768,336.335,288.626,681.589,169.637,168.834,139.811,129.157,57.289,33.621,29.008,25.468,24.812,9.182,3.392
2022-10-18 06:30:00,505.766,336.332,288.618,681.589,169.753,168.833,139.808,128.984,57.289,33.62,29.008,25.468,24.811,9.168,3.393
2022-10-18 07:00:00,505.764,336.329,288.61,681.589,169.641,168.832,139.806,129.35,57.289,33.618,28.967,25.468,24.811,9.163,3.392
2022-10-18 07:30:00,505.762,336.327,288.601,681.589,169.64,168.831,139.803,128.692,57.289,33.617,28.968,25.468,24.81,9.171,3.387
2022-10-18 08:00:00,505.76,336.325,288.593,681.589,169.617,168.83,139.8,129.489,57.289,33.616,28.967,25.467,24.81,9.163,3.385
2022-10-18 08:30:00,505.758,336.323,288.585,681.589,169.598,168.829,139.797,128.789,57.289,33.615,28.995,25.467,24.809,9.154,3.383
2022-10-18 09:00:00,505.756,336.321,288.577,681.589,169.648,168.828,139.794,128.541,57.289,33.613,28.96,25.467,24.808,9.149,3.378
2022-10-18 09:30:00,505.753,336.318,288.57,681.589,169.785,168.826,139.791,128.946,57.289,33.612,28.965,25.467,24.807,9.154,3.373
2022-10-18 10:00:00,505.751,336.316,288.562,681.588,170.175,168.825,139.788,129.292,57.289,33.61,28.96,25.466,24.807,9.155,3.37
2022-10-18 10:30:00,505.749,336.313,288.555,681.588,169.587,168.824,139.784,129.02,57.289,33.609,28.942,25.466,24.806,9.148,3.369
2022-10-18 11:00:00,505.747,336.311,288.548,681.588,169.641,168.824,139.781,129.301,57.289,33.607,28.956,25.466,24.804,9.147,3.367
2022-10-18 11:30:00,505.745,336.308,288.541,681.587,170.342,168.823,139.778,128.905,57.289,33.606,28.945,25.466,24.803,9.142,3.364
2022-10-18 12:00:00,505.743,336.306,288.536,681.587,170.151,168.822,139.775,128.736,57.289,33.604,28.918,25.466,24.802,9.138,3.361
2022-10-18 12:30:00,505.741,336.304,288.53,681.586,169.668,168.821,139.772,128.906,57.289,33.602,28.935,25.466,24.801,9.141,3.357
2022-10-18 13:00:00,505.739,336.301,288.525,681.586,169.712,168.82,139.769,128.932,57.289,33.6,28.93,25.465,24.799,9.131,3.355
2022-10-18 13:30:00,505.737,336.299,288.52,681.586,169.579,168.819,139.766,128.972,57.289,33.598,28.916,25.465,24.798,9.128,3.351
2022-10-18 14:00:00,505.735,336.296,288.515,681.585,169.669,168.818,139.762,128.475,57.289,33.597,28.917,25.465,24.796,9.128,3.346
2022-10-18 14:30:00,505.733,336.294,288.51,681.585,170.489,168.818,139.759,128.706,57.289,33.595,28.906,25.465,24.795,9.126,3.343
2022-10-18 15:00:00,505.731,336.292,288.506,681.584,170.378,168.817,139.756,128.709,57.289,33.594,28.921,25.465,24.793,9.122,3.34
2022-10-18 15:30:00,505.729,336.289,288.502,681.584,169.581,168.816,139.753,129.513,57.289,33.592,28.887,25.465,24.791,9.118,3.337
2022-10-18 16:00:00,505.728,336.287,288.498,681.583,170.342,168.815,140.666,128.655,57.289,33.591,28.888,25.464,24.79,9.117,3.333
2022-10-18 16:30:00,505.726,336.285,288.494,681.583,170.438,168.815,140.662,128.892,57.289,33.589,28.901,25.464,24.788,9.115,3.33
2022-10-18 17:00:00,505.724,336.282,288.49,681.582,170.264,168.814,140.659,128.714,57.289,33.588,28.859,25.464,24.786,9.105,3.328
2022-10-18 17:30:00,505.722,336.28,288.487,681.582,170.139,168.813,140.656,129.206,57.289,33.586,28.877,25.464,24.784,9.103,3.324
2022-10-18 18:00:00,505.72,336.278,288.484,681.581,170.373,168.813,140.653,128.661,57.289,33.584,28.867,25.464,24.782,9.1,3.319
2022-10-18 18:30:00,505.718,336.276,288.481,681.581,170.406,168.812,140.65,128.652,57.289,33.583,28.868,25.464,24.78,9.09,3.316
2022-10-18 19:00:00,505.716,336.273,288.478,681.58,169.621,168.811,140.647,129.314,57.289,33.581,28.867,25.464,24.778,9.089,3.311
2022-10-18 19:30:00,505.715,336.271,288.475,681.58,169.709,168.81,140.644,129.061,57.289,33.579,28.859,25.464,24.776,9.085,3.307
2022-10-18 20:00:00,505.713,336.269,288.472,681.579,170.226,168.81,140.641,128.703,57.289,33.577,28.867,25.464,24.774,9.083,3.303
2022-10-18 20:30:00,505.711,336.266,288.47,681.579,169.958,168.809,140.638,128.603,57.289,33.575,28.858,25.463,24.772,9.08,3.3
2022-10-18 21:00:00,505.71,336.264,288.467,681.578,169.7,168.808,140.635,129.086,57.289,33.574,28.848,25.463,24.833,9.078,3.297
2022-10-18 21:30:00,505.709,336.261,288.464,681.578,169.532,168.808,140.632,128.628,57.289,33.572,28.831,25.463,24.831,9.077,3.294
2022-10-18 22:00:00,505.707,336.259,288.462,681.577,170.105,168.807,140.629,128.974,57.289,33.57,28.836,25.463,24.829,9.073,3.292
2022-10-18 22:30:00,505.706,336.256,288.459,681.577,170.244,168.806,140.626,128.472,57.289,33.569,28.842,25.463,24.827,9.066,3.29
2022-10-18 23:00:00,505.705,336.254,288.456,681.576,169.671,168.806,140.623,128.854,57.289,33.567,28.836,25.463,24.825,9.059,3.287
2022-10-18 23:30:00,505.703,336.252,288.454,681.576,169.862,168.805,140.621,128.541,57.289,33.565,28.812,25.463,24.823,9.056,3.283
2022-10-19 00:00:00,505.702,336.249,288.451,681.575,169.604,168.805,140.618,128.626,57.289,33.563,28.825,25.463,24.82,9.056,3.279
2022-10-19 00:30:00,505.701,336.247,288.448,681.575,170.131,168.804,140.615,129.003,57.289,33.562,28.812,25.463,24.818,9.052,3.275
2022-10-19 01:00:00,505.7,336.244,288.445,681.574,169.637,168.803,140.613,128.465,57.289,33.56,28.802,25.463,24.815,9.044,3.273
2022-10-19 01:30:00,505.699,336.243,288.442,681.573,169.666,168.803,140.61,128.833,57.289,33.558,28.811,25.463,24.813,9.041,3.269
2022-10-19 02:00:00,505.697,336.241,288.439,681.573,169.815,168.802,140.608,129.017,57.289,33.557,28.81,25.463,24.811,9.036,3.265
2022-10-19 02:30:00,505.696,336.238,288.436,681.572,170.128,168.802,140.605,128.992,57.289,33.555,28.816,25.462,24.808,9.03,3.262
2022-10-19 03:00:00,505.695,336.236,288.433,681.572,169.652,168.801,140.602,128.718,57.289,33.554,28.806,25.462,24.806,9.029,3.257
2022-10-19 03:30:00,505.694,336.234,288.43,681.571,169.772,168.801,140.6,128.587,57.289,33.552,28.796,25.462,24.803,9.028,3.254
2022-10-19 04:00:00,505.693,336.232,288.427,681.571,169.645,168.8,140.597,129.282,57.289,33.551,28.799,25.462,24.801,9.028,3.251
2022-10-19 04:30:00,505.692,336.23,288.423,681.57,169.748,168.8,140.595,128.604,57.289,33.549,28.784,25.462,24.798,9.025,3.249
2022-10-19 05:00:00,505.691,336.228,288.42,681.57,170.02,168.8,140.593,129.116,57.289,33.548,28.782,25.462,24.796,9.019,3.248
2022-10-19 05:30:00,505.69,336.226,288.416,681.569,170.401,168.799,140.591,128.753,57.289,33.547,28.784,25.462,24.794,9.015,3.246
2022-10-19 06:00:00,505.689,336.224,288.413,681.569,169.801,168.799,140.589,128.759,57.289,33.545,28.772,25.462,24.791,9.008,3.243
2022-10-19 06:30:00,505.688,336.222,288.41,681.568,169.82,168.798,140.587,128.612,57.289,33.544,28.771,25.462,24.789,9.003,3.239
2022-10-19 07:00:00,505.687,336.22,288.406,681.568,169.613,168.798,140.585,129.271,57.289,33.543,28.768,25.462,24.787,9.0,3.235
2022-10-19 07:30:00,505.686,336.218,288.403,681.567,169.967,168.797,140.583,128.537,57.289,33.542,28.769,25.462,24.784,8.995,3.231
2022-10-19 08:00:00,505.685,336.216,288.399,681.567,169.729,168.797,140.582,128.974,57.289,33.54,28.776,25.462,24.782,8.99,3.228
2022-10-19 08:30:00,505.684,336.214,288.396,681.566,169.692,168.796,140.58,128.487,57.289,33.539,28.766,25.462,24.78,8.986,3.224
2022-10-19 09:00:00,505.683,336.212,288.392,681.566,169.599,168.796,140.578,128.618,57.289,33.538,28.752,25.462,24.777,8.985,3.22
2022-10-19 09:30:00,505.682,336.21,288.388,681.566,169.946,168.795,140.576,129.068,57.289,33.537,28.753,25.462,24.775,8.985,3.216
2022-10-19 10:00:00,505.681,336.208,288.385,681.565,169.836,168.795,140.575,128.975,57.289,33.535,28.756,25.462,24.773,8.981,3.214
2022-10-19 10:30:00,505.68,336.206,288.381,681.565,169.891,168.795,140.573,128.99,57.289,33.534,28.749,25.462,24.771,8.974,3.212
2022-10-19 11:00:00,505.679,336.204,288.377,681.564,169.687,168.794,140.571,129.103,57.289,33.533,28.753,25.461,24.769,8.969,3.209
2022-10-19 11:30:00,505.678,336.202,288.374,681.564,170.379,168.794,140.57,128.892,57.289,33.532,28.745,25.461,24.767,8.966,3.206
2022-10-19 12:00:00,505.677,336.2,288.37,681.564,169.792,168.794,140.568,129.125,57.289,33.531,28.747,25.461,24.764,8.963,3.202
2022-10-19 12:30:00,505.676,336.199,288.367,681.563,169.741,168.793,140.567,128.942,57.289,33.529,28.747,25.461,24.762,8.961,3.199
2022-10-19 13:00:00,505.675,336.197,288.363,681.563,169.682,168.793,140.565,129.171,57.289,33.528,28.739,25.461,24.76,8.957,3.196
2022-10-19 13:30:00,505.674,336.195,288.36,681.562,169.81,168.792,140.564,129.046,57.289,33.527,28.722,25.461,24.758,8.954,3.194
2022-10-19 14:00:00,505.674,336.193,288.356,681.562,170.032,168.792,140.562,128.903,57.289,33.526,28.725,25.461,24.756,8.952,3.191
2022-10-19 14:30:00,505.673,336.191,288.353,681.561,169.925,168.792,140.561,129.109,57.289,33.525,28.726,25.461,24.754,8.947,3.189
2022-10-19 15:00:00,505.672,336.19,288.35,681.561,169.753,168.791,140.56,128.977,57.289,33.524,28.721,25.461,24.752,8.939,3.186
2022-10-19 15:30:00,505.724,336.295,288.498,681.746,169.738,168.892,140.639,129.213,57.289,33.635,28.744,25.574,24.793,8.956,3.213
2022-10-19 16:00:00,505.758,336.406,288.935,681.823,169.768,168.969,139.843,129.225,57.289,33.656,28.799,25.666,24.826,8.991,3.232
2022-10-19 16:30:00,505.758,336.476,288.836,681.805,169.983,168.935,139.92,129.928,57.289,33.63,28.82,25.643,24.815,9.01,3.231
2022-10-19 17:00:00,505.768,336.518,289.136,681.787,169.722,168.924,139.97,129.231,57.289,33.637,28.83,25.619,24.811,9.026,3.237
2022-10-19 17:30:00,505.783,336.538,289.429,681.763,170.341,168.927,140.01,129.49,57.289,33.645,28.837,25.595,24.808,9.044,3.245
2022-10-19 18:00:00,505.804,336.549,289.507,681.732,170.001,168.932,140.064,129.83,57.289,33.652,28.877,25.577,24.807,9.058,3.255
2022-10-19 18:30:00,505.828,336.578,289.494,681.72,169.775,168.936,140.088,129.251,57.444,33.661,28.934,25.562,24.808,9.066,3.267
2022-10-19 19:00:00,505.851,336.584,289.476,681.716,172.137,168.942,140.104,129.484,57.325,33.67,28.982,25.55,24.809,9.073,3.278
2022-10-19 19:30:00,505.876,336.609,289.486,681.734,170.26,168.96,140.123,129.298,57.318,33.688,29.119,25.556,24.817,9.095,3.295
2022-10-19 20:00:00,505.896,336.645,289.523,681.751,169.809,168.969,140.142,129.531,57.479,33.705,29.376,25.561,24.825,9.131,3.311
2022-10-19 20:30:00,505.911,336.683,289.587,681.77,169.741,168.973,140.159,129.195,57.7,33.727,29.534,25.563,24.833,9.192,3.332
2022-10-19 21:00:00,505.926,336.719,289.674,681.775,169.822,168.977,140.175,129.272,57.316,33.749,29.481,25.565,24.779,9.382,3.371
2022-10-19 21:30:00,505.937,336.741,289.737,681.766,169.749,168.971,140.183,130.173,57.289,33.764,29.648,25.555,24.786,9.518,3.446
2022-10-19 22:00:00,505.948,336.756,289.759,681.747,169.791,168.972,140.188,130.892,58.037,33.777,29.693,25.545,24.796,9.547,3.566
2022-10-19 22:30:00,505.96,336.768,289.753,681.737,169.698,168.974,140.192,130.219,57.796,33.787,29.674,25.537,24.809,9.651,3.671
2022-10-19 23:00:00,505.971,336.776,289.735,681.73,170.131,168.977,140.194,129.372,57.313,33.795,29.981,25.53,24.827,9.748,3.752
2022-10-19 23:30:00,505.978,336.781,289.717,681.724,169.65,168.977,140.196,129.76,57.309,33.805,29.71,25.524,24.845,9.865,3.827
2022-10-20 00:00:00,505.984,336.784,289.701,681.721,169.651,168.976,140.198,129.239,57.664,33.817,29.795,25.518,24.862,9.868,3.901
2022-10-20 00:30:00,505.988,336.785,289.685,681.718,170.366,168.973,140.2,129.244,58.506,33.829,29.813,25.513,24.88,9.873,3.968
2022-10-20 01:00:00,505.99,336.782,289.669,681.715,173.23,168.968,140.201,129.437,57.343,33.84,29.925,25.509,24.903,9.843,4.0
2022-10-20 01:30:00,505.991,336.777,289.65,681.713,169.589,168.964,140.201,130.025,57.34,33.85,30.047,25.505,24.927,10.039,4.023
2022-10-20 02:00:00,505.99,336.771,289.628,681.713,169.697,168.96,140.199,130.971,58.234,33.859,30.012,25.503,24.951,9.957,4.068
2022-10-20 02:30:00,505.988,336.763,289.603,681.714,169.574,168.956,140.195,130.068,58.194,33.867,29.778,25.514,24.974,9.958,4.104
2022-10-20 03:00:00,505.985,336.755,289.577,681.715,169.52,168.952,140.191,129.178,57.327,33.872,29.982,25.542,24.995,10.049,4.127
2022-10-20 03:30:00,505.981,336.746,289.55,681.716,169.59,168.949,140.185,129.16,57.517,33.88,29.84,25.585,25.013,9.868,4.158
2022-10-20 04:00:00,505.977,336.737,289.522,681.717,169.577,168.946,140.178,130.209,57.672,33.888,29.826,25.633,25.029,9.915,4.155
2022-10-20 04:30:00,505.973,336.727,289.492,681.716,169.6,168.943,140.171,129.17,57.895,33.893,29.819,25.679,25.042,9.986,4.146
2022-10-20 05:00:00,505.968,336.717,289.462,681.715,169.498,168.941,140.163,129.739,57.289,33.896,29.937,25.718,25.053,9.996,4.151
2022-10-20 05:30:00,505.962,336.706,289.434,681.713,169.729,168.938,140.155,129.25,57.289,33.897,30.022,25.749,25.063,9.884,4.161
2022-10-20 06:00:00,505.957,336.694,289.404,681.712,169.478,168.935,140.146,129.182,57.289,33.898,29.963,25.774,25.072,10.015,4.156
2022-10-20 06:30:00,505.951,336.683,289.378,681.71,173.547,168.932,140.137,131.522,57.412,33.898,29.663,25.792,25.078,10.095,4.161
2022-10-20 07:00:00,505.945,336.672,289.354,681.708,169.478,168.928,140.127,129.067,58.734,33.898,29.719,25.805,25.083,10.026,4.194
2022-10-20 07:30:00,505.94,336.659,289.333,681.706,169.477,168.924,140.118,129.541,57.289,33.896,29.767,25.814,25.086,9.882,4.213
2022-10-20 08:00:00,505.934,336.647,289.314,681.705,169.739,168.921,140.108,129.124,57.823,33.895,30.172,25.82,25.089,9.982,4.192
2022-10-20 08:30:00,505.928,336.634,289.302,681.703,169.498,168.917,140.098,129.784,57.289,33.892,29.519,25.824,25.09,10.132,4.177
2022-10-20 09:00:00,505.922,336.621,289.304,681.702,169.503,168.913,140.089,129.932,57.301,33.889,29.924,25.826,25.091,10.051,4.197
2022-10-20 09:30:00,505.916,336.609,289.318,681.701,169.477,168.91,140.079,129.301,57.289,33.885,29.411,25.826,25.091,9.907,4.225
2022-10-20 10:00:00,505.909,336.597,289.339,681.699,169.483,168.906,140.07,129.139,57.289,33.881,29.727,25.825,25.091,9.911,4.204
2022-10-20 10:30:00,505.903,336.585,289.351,681.698,170.611,168.903,140.06,129.365,57.289,33.876,29.658,25.822,25.09,9.802,4.181
2022-10-20 11:00:00,505.898,336.572,289.348,681.697,169.481,168.9,140.051,129.111,57.737,33.871,29.446,25.819,25.088,9.916,4.14
2022-10-20 11:30:00,505.892,336.561,289.337,681.696,170.756,168.897,140.042,129.146,57.607,33.868,29.669,25.814,25.086,9.805,4.123
2022-10-20 12:00:00,505.886,336.551,289.321,681.695,169.516,168.894,140.033,130.008,57.399,33.862,29.658,25.809,25.084,9.883,4.104
2022-10-20 12:30:00,505.881,336.541,289.304,681.693,171.36,168.891,140.01,129.997,57.723,33.855,29.69,25.803,25.082,9.828,4.085
2022-10-20 13:00:00,505.875,336.531,289.284,681.692,169.443,168.889,140.001,129.249,57.521,33.849,29.512,25.797,25.079,9.868,4.078
2022-10-20 13:30:00,505.871,336.521,289.265,681.691,169.548,168.886,139.992,129.197,57.289,33.843,29.55,25.789,25.076,9.832,4.071
2022-10-20 14:00:00,505.866,336.511,289.247,681.69,172.264,168.884,139.984,130.139,57.465,33.838,29.733,25.781,25.073,9.758,4.067
2022-10-20 14:30:00,505.861,336.502,289.228,681.689,169.549,168.882,139.975,129.224,57.433,33.832,29.575,25.771,25.068,9.77,4.045
2022-10-20 15:00:00,505.857,336.491,289.209,681.688,169.563,168.879,139.967,129.142,57.379,33.827,29.484,25.76,25.063,9.902,4.026
2022-10-20 15:30:00,505.852,336.481,289.19,681.688,172.015,168.877,139.959,129.336,57.289,33.822,29.43,25.748,25.059,9.774,4.036
2022-10-20 16:00:00,505.849,336.472,289.171,681.687,169.518,168.875,139.951,130.039,57.342,33.816,29.466,25.735,25.054,9.706,4.035
2022-10-20 16:30:00,505.845,336.466,289.153,681.686,170.265,168.872,139.944,129.36,57.34,33.811,29.482,25.722,25.05,9.671,4.006
2022-10-20 17:00:00,505.841,336.459,289.134,681.685,169.607,168.87,139.937,129.181,57.499,33.806,29.339,25.707,25.045,9.711,3.972
2022-10-20 17:30:00,505.838,336.453,289.114,681.684,169.628,168.868,139.929,129.222,57.289,33.801,29.291,25.693,25.041,9.67,3.952
2022-10-20 18:00:00,505.834,336.447,289.094,681.683,169.454,168.866,139.922,129.239,57.302,33.796,29.392,25.678,25.036,9.602,3.937
2022-10-20 18:30:00,505.835,336.447,289.083,681.691,169.658,168.872,139.92,129.352,57.289,33.794,29.55,25.67,25.033,9.558,3.907
2022-10-20 19:00:00,505.836,336.45,289.08,681.697,171.224,168.879,139.92,129.6,57.289,33.792,29.372,25.661,25.029,9.605,3.87
2022-10-20 19:30:00,505.833,336.446,289.076,681.694,171.252,168.875,139.917,129.43,57.289,33.788,29.251,25.645,25.024,9.673,3.85
2022-10-20 20:00:00,505.83,336.441,289.073,681.69,169.812,168.871,139.914,129.344,57.518,33.785,29.289,25.629,25.019,9.615,3.861
2022-10-20 20:30:00,505.857,336.485,289.134,681.748,169.709,168.925,139.949,129.341,57.289,33.799,29.313,25.671,25.03,9.55,3.869
2022-10-20 21:00:00,505.875,336.54,289.256,681.799,170.423,168.96,140.008,130.247,57.289,33.813,29.356,25.711,25.039,9.552,3.859
2022-10-20 21:30:00,505.869,336.577,289.394,681.791,169.867,168.94,140.065,129.404,57.289,33.814,29.373,25.699,25.035,9.587,3.837
2022-10-20 22:00:00,505.871,336.62,289.551,681.781,169.78,168.934,140.088,129.599,57.366,33.82,29.278,25.688,25.033,9.616,3.833
2022-10-20 22:30:00,505.885,336.656,289.65,681.782,169.783,168.953,140.122,129.359,57.331,33.83,29.407,25.695,25.037,9.617,3.841
2022-10-20 23:00:00,505.901,336.701,289.705,681.785,172.821,168.966,140.162,129.384,57.453,33.84,29.325,25.706,25.041,9.59,3.857
2022-10-20 23:30:00,505.911,336.734,289.752,681.778,169.769,168.964,140.188,129.452,57.625,33.849,29.4,25.706,25.042,9.628,3.858
2022-10-21 00:00:00,505.925,336.753,289.801,681.774,169.706,168.967,140.206,129.302,57.672,33.86,29.517,25.712,25.045,9.622,3.864
2022-10-21 00:30:00,505.946,336.783,289.858,681.781,170.908,168.986,140.226,130.538,57.518,33.875,29.652,25.733,25.053,9.663,3.873
2022-10-21 01:00:00,505.966,336.82,289.926,681.789,170.478,168.999,140.246,129.313,58.458,33.889,29.709,25.759,25.062,9.747,3.889
2022-10-21 01:30:00,506.158,336.859,290.034,681.8,169.714,169.012,140.267,130.928,57.66,33.91,29.766,25.792,25.075,9.885,3.924
2022-10-21 02:00:00,506.174,336.899,290.126,681.808,171.072,169.023,140.29,129.748,57.998,33.929,30.155,25.827,25.088,9.938,3.985
2022-10-21 02:30:00,506.186,336.922,290.215,681.8,169.673,169.022,140.304,129.401,58.319,33.943,29.767,25.847,25.098,10.166,4.048
2022-10-21 03:00:00,506.202,336.936,290.291,681.793,169.843,169.028,140.313,133.086,58.149,33.955,30.077,25.866,25.109,10.124,4.129
2022-10-21 03:30:00,506.217,336.932,290.283,681.782,169.659,169.031,140.316,131.584,58.211,33.967,30.23,25.882,25.12,10.156,4.21
2022-10-21 04:00:00,506.229,336.936,290.262,681.773,176.017,169.034,140.318,129.37,57.495,33.977,30.169,25.898,25.132,10.343,4.258
2022-10-21 04:30:00,506.237,336.937,290.217,681.767,169.893,169.034,140.318,129.264,57.904,33.986,30.481,25.914,25.143,10.406,4.337
2022-10-21 05:00:00,506.243,336.933,290.198,681.762,172.675,169.032,140.319,129.808,58.977,33.994,30.234,25.929,25.154,10.415,4.424
2022-10-21 05:30:00,506.245,336.935,290.161,681.758,169.745,169.029,140.318,130.034,58.716,33.998,30.084,25.943,25.164,10.5,4.486
2022-10-21 06:00:00,506.245,336.927,290.112,681.755,170.57,169.025,140.317,129.381,57.794,34.0,30.391,25.955,25.173,10.531,4.56
2022-10-21 06:30:00,506.242,336.918,290.084,681.754,169.702,169.02,140.315,129.185,59.233,34.002,30.293,25.965,25.181,10.529,4.62
2022-10-21 07:00:00,506.239,336.909,290.048,681.754,169.722,169.015,140.311,129.365,58.276,34.003,30.46,25.974,25.187,10.441,4.639
2022-10-21 07:30:00,506.234,336.9,289.991,681.756,169.687,169.01,140.307,129.315,57.764,34.003,30.376,25.98,25.191,10.681,4.647
2022-10-21 08:00:00,506.228,336.89,289.957,681.756,169.789,169.005,140.302,132.466,57.521,34.003,30.225,25.984,25.194,10.602,4.693
2022-10-21 08:30:00,506.221,336.879,289.903,681.755,169.627,168.999,140.295,128.976,59.22,34.005,30.343,25.987,25.196,10.576,4.726
2022-10-21 09:00:00,506.213,336.867,289.871,681.753,174.733,168.993,140.287,131.898,57.716,34.005,30.478,25.989,25.197,10.554,4.739
2022-10-21 09:30:00,506.205,336.853,289.826,681.739,169.528,168.986,140.278,129.118,58.218,34.006,30.296,25.99,25.197,10.686,4.736
2022-10-21 10:00:00,506.197,336.839,289.799,681.735,169.657,168.979,140.268,129.299,57.97,34.007,29.968,25.991,25.198,10.594,4.758
2022-10-21 10:30:00,506.189,336.825,289.793,681.732,169.551,168.971,140.256,129.214,57.48,34.007,30.165,25.992,25.198,10.401,4.765
2022-10-21 11:00:00,506.014,336.809,289.802,681.728,169.61,168.964,140.244,129.243,57.557,34.006,30.419,25.992,25.198,10.494,4.728
2022-10-21 11:30:00,506.004,336.792,289.809,681.724,174.251,168.958,140.231,129.647,58.098,34.004,30.369,25.992,25.198,10.521,4.695
2022-10-21 12:00:00,505.995,336.775,289.813,681.721,169.46,168.952,140.219,129.045,57.659,34.002,29.987,25.991,25.198,10.605,4.685
2022-10-21 12:30:00,505.986,336.758,289.802,681.718,169.553,168.947,140.206,130.155,57.927,33.998,30.142,25.989,25.197,10.373,4.706
2022-10-21 13:00:00,505.978,336.741,289.771,681.715,169.927,168.943,140.193,129.284,57.494,33.993,29.941,25.986,25.196,10.27,4.682
2022-10-21 13:30:00,505.971,336.726,289.732,681.712,169.546,168.939,140.181,129.283,57.442,33.987,30.181,25.982,25.195,10.379,4.624
2022-10-21 14:00:00,505.963,336.711,289.696,681.709,169.53,168.936,140.168,129.64,57.291,33.98,29.967,25.977,25.192,10.349,4.599
2022-10-21 14:30:00,505.955,336.695,289.66,681.707,171.375,168.933,140.155,129.13,57.745,33.973,29.989,25.97,25.189,10.378,4.579
2022-10-21 15:00:00,505.948,336.68,289.625,681.706,169.487,168.929,140.142,129.693,58.264,33.966,29.868,25.963,25.185,10.321,4.576
2022-10-21 15:30:00,506.013,336.833,290.072,681.859,169.735,169.049,140.24,130.222,57.973,34.006,29.92,26.042,25.222,10.296,4.603
2022-10-21 16:00:00,506.223,337.014,290.725,682.376,169.748,169.111,140.69,131.111,57.669,34.053,30.054,26.111,25.247,10.364,4.614
2022-10-21 16:30:00,506.238,337.141,291.449,682.356,172.142,169.123,140.807,131.136,57.794,34.09,30.142,26.123,25.253,10.374,4.617
2022-10-21 17:00:00,506.319,337.279,291.268,682.346,170.244,169.185,140.895,129.332,58.921,34.147,30.238,26.148,25.269,10.51,4.634
2022-10-21 17:30:00,506.395,337.344,291.435,682.331,171.364,169.197,140.925,129.349,58.009,34.212,30.238,26.174,25.284,10.655,4.669
2022-10-21 18:00:00,506.467,337.383,291.576,682.337,173.436,169.205,140.929,132.939,58.313,34.269,30.734,26.213,25.307,10.658,4.736
2022-10-21 18:30:00,506.531,337.416,291.643,682.341,169.706,169.218,140.934,129.634,58.034,34.311,31.131,26.264,25.342,11.052,4.8
2022-10-21 19:00:00,506.587,337.439,291.6,682.338,170.701,169.238,140.954,130.664,59.308,34.337,31.416,26.311,25.381,11.36,4.915
2022-10-21 19:30:00,506.622,337.436,291.645,681.882,169.905,169.251,140.983,130.291,58.462,34.355,31.92,26.345,25.413,11.65,5.061
2022-10-21 20:00:00,506.631,337.436,291.638,681.872,170.74,169.255,141.016,130.171,60.916,34.368,31.543,26.373,25.441,11.954,5.242
2022-10-21 20:30:00,506.623,337.433,291.518,681.867,170.459,169.249,141.031,129.322,59.765,34.374,31.802,26.39,25.464,12.013,5.399
2022-10-21 21:00:00,506.607,337.416,291.458,681.861,170.088,169.241,141.028,128.838,58.307,34.381,32.838,26.4,25.48,12.264,5.55
2022-10-21 21:30:00,506.585,337.409,291.371,681.852,169.426,169.23,141.014,128.937,57.584,34.392,30.724,26.406,25.488,12.858,5.694
2022-10-21 22:00:00,506.56,337.392,291.3,681.843,170.075,169.219,140.993,131.391,57.916,34.403,31.65,26.412,25.495,11.802,5.879
2022-10-21 22:30:00,506.534,337.254,291.329,681.834,178.358,169.208,140.966,132.58,58.508,34.411,31.89,26.42,25.501,12.05,5.879
2022-10-21 23:00:00,506.491,337.278,291.343,681.826,183.451,169.195,140.935,138.309,61.166,34.414,32.165,26.428,25.508,12.12,5.855
2022-10-21 23:30:00,506.466,337.259,291.221,681.818,171.663,169.183,140.905,128.901,61.025,34.411,32.091,26.432,25.513,12.278,5.845
2022-10-22 00:00:00,506.44,337.218,291.196,681.809,169.949,169.17,140.875,129.116,57.289,34.403,31.252,26.432,25.515,12.297,5.851
2022-10-22 00:30:00,506.415,337.182,291.098,681.802,169.457,169.146,140.847,128.819,59.4,34.391,31.049,26.426,25.512,12.143,5.852
2022-10-22 01:00:00,506.39,337.139,290.946,681.795,169.781,169.121,140.821,134.965,58.724,34.377,32.1,26.418,25.507,11.743,5.848
2022-10-22 01:30:00,506.369,337.103,290.9,681.788,169.818,169.094,140.799,128.888,59.461,34.36,32.179,26.407,25.498,12.192,5.81
2022-10-22 02:00:00,506.35,337.069,290.813,681.781,179.342,169.077,140.778,129.163,59.878,34.344,32.182,26.395,25.487,12.338,5.789
2022-10-22 02:30:00,506.33,337.035,290.734,681.774,177.908,169.061,140.755,134.093,57.376,34.328,30.797,26.382,25.475,12.307,5.837
2022-10-22 03:00:00,506.312,337.003,290.656,681.768,169.908,169.046,140.735,129.371,58.108,34.311,30.888,26.368,25.46,11.711,5.859
2022-10-22 03:30:00,506.295,336.975,290.557,681.762,169.625,169.033,140.715,130.538,57.557,34.294,31.965,26.353,25.446,11.572,5.807
2022-10-22 04:00:00,506.279,336.947,290.473,681.757,169.645,169.021,140.694,129.271,57.977,34.277,30.298,26.339,25.432,12.07,5.74
2022-10-22 04:30:00,506.263,336.927,290.389,681.752,176.355,169.01,140.375,129.933,57.987,34.261,31.455,26.322,25.417,11.214,5.729
2022-10-22 05:00:00,506.249,336.903,290.309,681.735,172.165,168.999,140.353,129.297,57.289,34.243,31.233,26.307,25.405,11.479,5.641
2022-10-22 05:30:00,506.235,336.88,290.196,681.73,169.501,168.99,140.331,129.144,57.753,34.222,30.205,26.287,25.391,11.514,5.542
2022-10-22 06:00:00,506.222,336.859,290.12,681.726,170.367,168.98,140.31,129.226,57.756,34.203,30.998,26.265,25.375,11.063,5.505
2022-10-22 06:30:00,506.209,336.839,290.063,681.721,170.51,168.97,140.29,129.153,58.022,34.18,30.436,26.244,25.358,10.96,5.436
2022-10-22 07:00:00,506.196,336.819,290.015,681.717,169.483,168.961,140.271,129.759,57.289,34.158,30.132,26.225,25.342,11.039,5.33
2022-10-22 07:30:00,506.184,336.799,289.948,681.713,172.204,168.953,140.252,129.167,57.289,34.137,30.409,26.206,25.328,10.871,5.277
2022-10-22 08:00:00,506.171,336.777,289.902,681.71,170.492,168.947,140.232,129.327,57.289,34.117,30.556,26.187,25.314,10.743,5.218
2022-10-22 08:30:00,506.159,336.757,289.832,681.708,169.519,168.942,140.214,129.211,57.289,34.098,30.496,26.169,25.298,10.886,5.137
2022-10-22 09:00:00,506.149,336.737,289.767,681.706,169.456,168.938,140.197,129.617,57.48,34.08,30.002,26.149,25.287,10.826,5.093
2022-10-22 09:30:00,505.966,336.719,289.701,681.704,169.502,168.935,140.181,130.842,57.995,34.062,30.1,26.128,25.274,10.594,5.063
2022-10-22 10:00:00,505.957,336.702,289.64,681.702,173.576,168.931,140.164,128.551,57.289,34.045,30.073,26.109,25.262,10.568,5.007
2022-10-22 10:30:00,505.948,336.685,289.594,681.701,169.476,168.926,140.148,130.418,57.292,34.034,30.028,26.09,25.251,10.688,4.947
2022-10-22 11:00:00,505.94,336.668,289.565,681.699,170.965,168.921,140.132,129.331,57.289,34.017,29.605,26.072,25.241,10.351,4.921
2022-10-22 11:30:00,505.933,336.65,289.537,681.698,169.491,168.916,140.117,130.047,57.289,34.0,30.198,26.054,25.231,10.287,4.846
2022-10-22 12:00:00,505.925,336.634,289.507,681.696,169.442,168.912,140.103,129.2,57.954,33.985,29.773,26.037,25.222,10.354,4.763
2022-10-22 12:30:00,505.918,336.618,289.475,681.695,169.448,168.908,140.09,129.318,57.835,33.971,29.608,26.017,25.212,10.369,4.695
2022-10-22 13:00:00,505.911,336.602,289.442,681.694,169.413,168.904,140.077,129.197,57.289,33.958,29.964,25.997,25.201,10.162,4.666
2022-10-22 13:30:00,505.904,336.587,289.412,681.692,173.681,168.9,140.065,129.369,57.289,33.944,29.68,25.977,25.19,10.187,4.605
2022-10-22 14:00:00,505.897,336.573,289.384,681.691,169.424,168.897,140.054,129.15,57.289,33.931,29.674,25.96,25.175,10.147,4.543
2022-10-22 14:30:00,505.89,336.56,289.356,681.69,171.009,168.894,140.043,129.388,57.289,33.918,29.643,25.943,25.163,10.055,4.502
2022-10-22 15:00:00,505.884,336.549,289.328,681.689,169.408,168.891,140.032,130.747,57.298,33.906,29.773,25.928,25.152,10.047,4.449
2022-10-22 15:30:00,505.878,336.538,289.302,681.688,171.006,168.888,140.008,129.278,57.473,33.894,29.511,25.912,25.151,10.108,4.401
2022-10-22 16:00:00,505.872,336.527,289.276,681.687,169.438,168.885,139.998,129.098,57.488,33.884,29.484,25.897,25.141,9.995,4.373
2022-10-22 16:30:00,505.867,336.516,289.254,681.687,169.494,168.883,139.987,129.109,57.476,33.876,29.536,25.882,25.131,9.865,4.344
2022-10-22 17:00:00,505.862,336.505,289.232,681.686,171.706,168.88,139.977,129.338,57.289,33.868,29.616,25.868,25.122,9.82,4.291
2022-10-22 17:30:00,505.857,336.495,289.21,681.685,169.389,168.878,139.968,129.74,57.289,33.858,29.638,25.855,25.113,9.861,4.233
2022-10-22 18:00:00,505.853,336.484,289.188,681.684,169.474,168.875,139.959,129.189,57.43,33.849,29.426,25.842,25.105,9.925,4.194
2022-10-22 18:30:00,505.848,336.473,289.167,681.683,172.337,168.873,139.951,129.242,57.448,33.841,29.58,25.829,25.097,9.864,4.18
2022-10-22 19:00:00,505.845,336.466,289.146,681.682,171.018,168.871,139.943,129.494,57.289,33.833,29.215,25.816,25.089,9.823,4.168
2022-10-22 19:30:00,505.841,336.459,289.126,681.681,170.021,168.868,139.934,129.123,57.289,33.826,29.384,25.8,25.082,9.784,4.143
2022-10-22 20:00:00,505.837,336.453,289.104,681.68,169.418,168.866,139.927,129.193,57.6,33.819,29.471,25.782,25.074,9.636,4.118
2022-10-22 20:30:00,505.833,336.446,289.083,681.679,169.415,168.864,139.919,130.188,57.289,33.812,29.347,25.764,25.066,9.646,4.068
2022-10-22 21:00:00,505.829,336.439,289.063,681.678,169.537,168.861,139.911,129.161,57.629,33.805,29.273,25.746,25.058,9.691,4.017
2022-10-22 21:30:00,505.826,336.433,289.042,681.677,170.095,168.859,139.904,129.139,57.289,33.799,29.305,25.727,25.052,9.638,3.993
2022-10-22 22:00:00,505.822,336.427,289.022,681.677,171.053,168.857,139.897,128.718,57.289,33.794,29.446,25.708,25.045,9.596,3.97
2022-10-22 22:30:00,505.819,336.42,289.003,681.676,169.896,168.855,139.89,129.091,57.434,33.789,29.311,25.688,25.039,9.583,3.938
2022-10-22 23:00:00,505.815,336.414,288.985,681.675,169.602,168.853,139.883,129.16,57.583,33.784,29.2,25.668,25.032,9.635,3.911
2022-10-22 23:30:00,505.812,336.408,288.967,681.674,171.114,168.851,139.877,129.356,57.289,33.78,29.197,25.648,25.025,9.584,3.899
2022-10-23 00:00:00,505.808,336.402,288.951,681.674,170.052,168.849,139.87,129.198,57.289,33.775,29.303,25.628,25.018,9.502,3.888
2022-10-23 00:30:00,505.805,336.397,288.935,681.673,170.294,168.847,139.863,129.226,57.289,33.769,29.278,25.609,25.011,9.489,3.852
2022-10-23 01:00:00,505.801,336.391,288.919,681.672,169.547,168.845,139.857,129.201,57.289,33.764,29.109,25.59,25.004,9.538,3.814
2022-10-23 01:30:00,505.798,336.385,288.903,681.672,169.6,168.844,139.851,129.077,57.289,33.758,29.184,25.573,24.997,9.518,3.802
2022-10-23 02:00:00,505.795,336.379,288.887,681.671,169.708,168.842,139.845,129.016,57.3,33.752,29.139,25.559,24.99,9.44,3.797
2022-10-23 02:30:00,505.793,336.375,288.873,681.672,169.735,168.842,139.84,129.377,57.289,33.748,29.158,25.549,24.984,9.421,3.768
2022-10-23 03:00:00,505.79,336.372,288.861,681.673,171.175,168.843,139.836,129.432,57.289,33.743,29.126,25.54,24.977,9.408,3.734
2022-10-23 03:30:00,505.788,336.367,288.848,681.672,169.621,168.841,139.831,129.289,57.289,33.739,29.176,25.532,24.97,9.401,3.708
2022-10-23 04:00:00,505.785,336.363,288.835,681.594,170.147,168.839,139.827,129.545,57.289,33.734,29.111,25.525,24.963,9.388,3.688
2022-10-23 04:30:00,505.782,336.358,288.823,681.593,169.93,168.838,139.822,129.096,57.339,33.73,29.135,25.519,24.957,9.393,3.671
2022-10-23 05:00:00,505.779,336.353,288.809,681.592,169.549,168.836,139.818,128.883,57.289,33.725,29.13,25.513,24.95,9.375,3.66
2022-10-23 05:30:00,505.775,336.349,288.795,681.591,169.657,168.835,139.813,128.82,57.289,33.72,29.003,25.509,24.944,9.363,3.649
2022-10-23 06:00:00,505.772,336.344,288.781,681.59,169.579,168.834,139.809,129.156,57.289,33.715,29.113,25.505,24.938,9.358,3.635
2022-10-23 06:30:00,505.769,336.339,288.767,681.589,169.593,168.832,139.804,129.148,57.289,33.71,29.064,25.501,24.932,9.319,3.623
2022-10-23 07:00:00,505.766,336.335,288.753,681.588,170.26,168.831,139.8,129.281,57.289,33.706,29.001,25.498,24.926,9.305,3.605
2022-10-23 07:30:00,505.763,336.331,288.74,681.588,169.543,168.83,139.795,129.138,57.289,33.701,29.064,25.495,24.921,9.312,3.581
2022-10-23 08:00:00,505.76,336.328,288.728,681.587,170.069,168.829,139.791,129.202,57.289,33.696,29.042,25.493,24.915,9.285,3.568
2022-10-23 08:30:00,505.757,336.325,288.716,681.586,169.621,168.828,139.787,129.207,57.289,33.692,29.055,25.491,24.91,9.277,3.553
2022-10-23 09:00:00,505.754,336.322,288.703,681.585,169.546,168.827,139.783,129.572,57.289,33.688,29.034,25.489,24.905,9.28,3.536
2022-10-23 09:30:00,505.751,336.318,288.691,681.585,170.481,168.826,139.779,128.968,57.289,33.684,28.972,25.487,24.9,9.271,3.526
2022-10-23 10:00:00,505.748,336.315,288.679,681.584,169.86,168.825,139.775,128.654,57.289,33.68,28.984,25.486,24.895,9.272,3.517
2022-10-23 10:30:00,505.746,336.312,288.667,681.584,170.321,168.824,139.771,129.315,57.289,33.637,29.015,25.484,24.89,9.247,3.512
2022-10-23 11:00:00,505.743,336.308,288.655,681.583,169.689,168.824,139.767,128.71,57.289,33.633,28.975,25.483,24.885,9.229,3.502
2022-10-23 11:30:00,505.843,336.549,289.426,681.894,170.736,169.043,139.967,129.242,57.289,33.765,29.05,25.748,24.967,9.301,3.548
2022-10-23 12:00:00,506.115,336.621,290.145,682.429,170.47,169.127,140.623,129.988,57.306,33.828,29.21,25.889,25.029,9.422,3.614
2022-10-23 12:30:00,506.199,336.821,291.641,682.392,170.495,169.167,140.858,129.549,57.511,33.876,29.308,25.857,25.04,9.535,3.686
2022-10-23 13:00:00,506.335,336.949,292.207,682.389,172.817,169.231,141.005,130.378,57.811,33.964,29.462,25.864,25.068,9.65,3.777
2022-10-23 13:30:00,506.467,337.004,291.976,682.385,176.669,169.244,141.03,129.51,58.738,34.062,29.715,25.865,25.089,9.743,3.872
2022-10-23 14:00:00,506.6,337.156,292.087,682.369,170.745,169.257,141.023,129.422,59.496,34.177,30.315,25.925,25.131,9.876,3.956
2022-10-23 14:30:00,506.688,337.129,291.775,682.343,183.6,169.283,141.034,135.858,58.368,34.273,30.884,26.044,25.197,10.268,4.039
2022-10-23 15:00:00,506.712,336.966,292.001,682.325,170.183,169.305,141.078,138.034,62.602,34.328,31.249,26.181,25.268,11.056,4.185
2022-10-23 15:30:00,506.694,337.197,291.679,682.359,169.17,169.301,141.113,129.049,61.445,34.353,32.441,26.277,25.334,11.575,4.538
2022-10-23 16:00:00,506.666,337.062,291.645,682.404,183.358,169.291,141.122,129.319,61.088,34.363,32.483,26.336,25.391,12.418,4.918
2022-10-23 16:30:00,506.636,336.984,291.542,682.382,170.026,169.276,141.108,138.009,59.013,34.377,32.741,26.371,25.433,12.546,5.316
2022-10-23 17:00:00,506.607,337.169,291.364,682.353,169.171,169.257,141.082,128.978,58.541,34.414,30.885,26.392,25.462,12.733,5.64
2022-10-23 17:30:00,506.578,337.004,291.41,682.32,188.823,169.237,141.051,130.806,61.047,34.454,32.116,26.415,25.484,11.852,5.846
2022-10-23 18:00:00,506.547,336.82,291.518,681.848,170.047,169.219,141.016,128.941,57.683,34.468,32.991,26.449,25.513,12.337,5.862
2022-10-23 18:30:00,506.501,336.818,291.502,681.829,170.109,169.202,140.977,131.308,60.626,34.467,31.009,26.473,25.543,12.952,5.883
2022-10-23 19:00:00,506.471,336.85,291.348,681.816,171.807,169.186,140.936,128.904,59.057,34.457,32.529,26.482,25.557,11.942,5.968
2022-10-23 19:30:00,506.443,336.827,291.246,681.806,169.603,169.172,140.898,134.64,58.616,34.441,30.941,26.48,25.561,12.609,5.952
2022-10-23 20:00:00,506.415,336.779,291.12,681.797,169.77,169.146,140.863,128.991,60.768,34.425,32.182,26.471,25.555,12.06,5.944
2022-10-23 20:30:00,506.388,336.726,290.96,681.789,169.802,169.119,140.831,128.893,60.21,34.405,32.337,26.459,25.546,12.505,5.922
2022-10-23 21:00:00,506.367,336.698,290.9,681.781,169.536,169.091,140.803,130.04,58.093,34.385,32.385,26.444,25.533,12.548,5.947
2022-10-23 21:30:00,506.346,336.671,290.766,681.773,169.835,169.073,140.78,134.538,58.196,34.363,30.714,26.427,25.519,12.562,5.97
2022-10-23 22:00:00,506.326,336.648,290.683,681.767,179.916,169.056,140.755,132.895,61.534,34.343,31.989,26.408,25.505,11.643,5.983
2022-10-23 22:30:00,506.307,336.64,290.617,681.76,175.572,169.04,140.733,128.921,57.446,34.324,30.751,26.39,25.487,12.152,5.901
2022-10-23 23:00:00,506.29,336.624,290.499,681.755,170.285,169.027,140.711,130.124,57.289,34.305,30.844,26.372,25.469,11.698,5.848
2022-10-23 23:30:00,506.273,336.609,290.409,681.739,169.613,169.015,140.393,128.704,58.072,34.285,31.074,26.355,25.45,11.705,5.779
2022-10-24 00:00:00,506.258,336.595,290.325,681.733,169.566,169.003,140.368,128.853,57.289,34.266,30.201,26.337,25.432,11.642,5.734
2022-10-24 00:30:00,506.243,336.583,290.255,681.728,169.604,168.994,140.344,130.658,59.007,34.248,30.95,26.318,25.415,11.206,5.691
2022-10-24 01:00:00,506.229,336.572,290.154,681.723,175.375,168.983,140.322,130.318,59.252,34.226,29.882,26.298,25.401,11.519,5.596
2022-10-24 01:30:00,506.215,336.563,290.077,681.718,170.607,168.973,140.3,128.966,60.163,34.205,30.603,26.275,25.383,10.875,5.559
2022-10-24 02:00:00,506.202,336.555,290.016,681.715,169.587,168.963,140.28,129.002,57.289,34.182,30.374,26.252,25.365,11.006,5.446
2022-10-24 02:30:00,506.189,336.549,289.967,681.711,169.558,168.955,140.26,128.549,57.289,34.157,30.563,26.23,25.348,11.07,5.333
2022-10-24 03:00:00,506.176,336.547,289.898,681.709,170.75,168.948,140.24,129.786,57.289,34.135,29.927,26.21,25.332,11.028,5.289
2022-10-24 03:30:00,506.164,336.546,289.842,681.707,169.5,168.943,140.221,128.872,57.612,34.115,30.362,26.19,25.317,10.637,5.245
2022-10-24 04:00:00,506.153,336.544,289.766,681.705,169.536,168.939,140.203,131.443,57.289,34.095,30.378,26.17,25.3,10.736,5.16
2022-10-24 04:30:00,505.969,336.542,289.694,681.703,169.494,168.935,140.186,128.664,57.291,34.077,30.002,26.15,25.286,10.696,5.078
2022-10-24 05:00:00,505.96,336.538,289.635,681.701,169.485,168.931,140.169,129.695,57.375,34.058,30.082,26.128,25.275,10.69,5.026
2022-10-24 05:30:00,505.951,336.533,289.594,681.7,169.469,168.926,140.152,129.494,57.552,34.04,29.845,26.107,25.262,10.438,4.99
2022-10-24 06:00:00,505.942,336.528,289.566,681.698,169.448,168.921,140.136,129.054,57.289,34.028,29.808,26.088,25.25,10.458,4.913
2022-10-24 06:30:00,505.934,336.524,289.536,681.697,170.254,168.916,140.12,130.834,57.289,34.011,29.951,26.069,25.24,10.365,4.847
2022-10-24 07:00:00,505.927,336.52,289.503,681.695,169.456,168.912,140.106,129.477,57.289,33.994,30.024,26.051,25.229,10.297,4.783
2022-10-24 07:30:00,505.92,336.518,289.472,681.694,169.391,168.907,140.092,130.067,57.79,33.979,30.026,26.032,25.22,10.305,4.713
2022-10-24 08:00:00,505.912,336.516,289.441,681.693,175.428,168.904,140.079,128.937,57.289,33.965,29.68,26.012,25.209,10.332,4.661
2022-10-24 08:30:00,505.905,336.514,289.41,681.692,172.745,168.9,140.067,128.9,58.154,33.951,29.721,25.991,25.198,10.252,4.631
2022-10-24 09:00:00,505.898,336.513,289.38,681.69,169.419,168.897,140.055,129.356,57.821,33.938,29.699,25.971,25.187,10.098,4.597
2022-10-24 09:30:00,505.892,336.51,289.353,681.689,170.689,168.894,140.044,128.714,57.362,33.924,29.672,25.954,25.171,10.132,4.536
2022-10-24 10:00:00,505.885,336.505,289.325,681.689,170.087,168.891,140.033,128.913,57.477,33.911,29.679,25.937,25.159,10.039,4.483
2022-10-24 10:30:00,505.879,336.5,289.299,681.688,169.486,168.888,140.009,129.038,57.618,33.899,29.488,25.921,25.153,10.031,4.433
2022-10-24 11:00:00,505.873,336.496,289.274,681.687,172.515,168.885,139.998,128.811,57.289,33.888,29.613,25.906,25.147,9.97,4.385
2022-10-24 11:30:00,505.868,336.491,289.251,681.686,169.46,168.883,139.988,129.057,57.289,33.878,29.436,25.89,25.137,9.887,4.341
2022-10-24 12:00:00,505.863,336.486,289.229,681.685,170.004,168.88,139.978,129.008,57.289,33.871,29.629,25.875,25.127,9.873,4.291
2022-10-24 12:30:00,505.858,336.481,289.207,681.684,171.812,168.877,139.968,129.097,57.894,33.861,29.377,25.861,25.118,9.937,4.245
2022-10-24 13:00:00,505.853,336.477,289.184,681.683,169.493,168.875,139.959,128.773,57.513,33.852,29.469,25.848,25.109,9.864,4.217
2022-10-24 13:30:00,505.849,336.473,289.163,681.682,172.18,168.873,139.951,129.069,57.289,33.843,29.709,25.835,25.101,9.765,4.197
2022-10-24 14:00:00,505.845,336.467,289.143,681.681,169.537,168.87,139.942,129.119,57.289,33.835,29.392,25.822,25.093,9.793,4.156
2022-10-24 14:30:00,505.841,336.46,289.122,681.68,169.396,168.868,139.934,128.898,57.289,33.828,29.254,25.806,25.085,9.86,4.123
2022-10-24 15:00:00,505.837,336.454,289.1,681.679,169.426,168.866,139.926,129.357,57.299,33.82,29.451,25.789,25.077,9.726,4.115
2022-10-24 15:30:00,505.833,336.447,289.079,681.679,172.264,168.863,139.918,128.81,57.289,33.813,29.389,25.771,25.069,9.638,4.09
2022-10-24 16:00:00,505.83,336.44,289.059,681.678,171.125,168.861,139.911,129.073,57.289,33.807,29.145,25.753,25.061,9.685,4.042
2022-10-24 16:30:00,505.826,336.434,289.039,681.677,171.138,168.859,139.903,130.613,57.565,33.8,29.416,25.734,25.054,9.648,4.008
2022-10-24 17:00:00,505.822,336.427,289.019,681.676,169.979,168.857,139.896,129.085,57.289,33.795,29.406,25.715,25.047,9.542,3.983
2022-10-24 17:30:00,505.819,336.421,289.0,681.675,169.874,168.855,139.889,129.898,57.426,33.789,29.472,25.695,25.041,9.602,3.938
2022-10-24 18:00:00,505.815,336.414,288.982,681.674,169.64,168.853,139.882,129.041,57.289,33.785,29.314,25.675,25.034,9.629,3.906
2022-10-24 18:30:00,505.812,336.408,288.964,681.674,169.603,168.851,139.876,129.012,57.289,33.781,29.076,25.655,25.027,9.668,3.901
2022-10-24 19:00:00,505.808,336.402,288.947,681.673,171.9,168.849,139.869,128.939,57.289,33.775,29.24,25.634,25.02,9.589,3.904
2022-10-24 19:30:00,505.805,336.396,288.931,681.672,169.497,168.847,139.863,128.81,57.324,33.77,29.156,25.615,25.013,9.476,3.895
2022-10-24 20:00:00,505.802,336.39,288.915,681.672,169.518,168.845,139.856,129.227,57.289,33.764,29.161,25.595,25.006,9.478,3.851
2022-10-24 20:30:00,505.798,336.385,288.899,681.671,169.554,168.843,139.85,129.814,57.753,33.759,29.17,25.577,24.999,9.446,3.808
2022-10-24 21:00:00,505.795,336.379,288.883,681.67,169.537,168.842,139.844,128.947,57.289,33.753,29.173,25.562,24.992,9.44,3.773
2022-10-24 21:30:00,505.792,336.374,288.867,681.593,170.878,168.84,139.838,129.008,57.289,33.748,29.118,25.55,24.985,9.437,3.744
2022-10-24 22:00:00,505.789,336.369,288.852,681.592,169.457,168.839,139.833,128.621,57.289,33.743,29.216,25.54,24.978,9.417,3.726
2022-10-24 22:30:00,505.786,336.364,288.836,681.592,171.079,168.837,139.828,128.781,57.55,33.738,29.185,25.531,24.971,9.404,3.707
2022-10-24 23:00:00,505.783,336.359,288.822,681.591,169.731,168.836,139.822,128.705,57.289,33.733,29.067,25.524,24.964,9.414,3.69
2022-10-24 23:30:00,505.78,336.354,288.807,681.59,170.727,168.834,139.817,129.009,57.289,33.728,29.04,25.518,24.957,9.416,3.678
2022-10-25 00:00:00,505.776,336.349,288.791,681.589,170.079,168.833,139.812,128.903,57.289,33.723,29.134,25.513,24.951,9.369,3.674
2022-10-25 00:30:00,505.773,336.344,288.776,681.589,169.511,168.832,139.807,128.652,57.41,33.718,29.129,25.508,24.944,9.33,3.659
2022-10-25 01:00:00,505.77,336.34,288.762,681.588,169.462,168.831,139.802,129.365,57.289,33.713,29.092,25.504,24.938,9.332,3.63
2022-10-25 01:30:00,505.766,336.336,288.748,681.587,169.537,168.829,139.798,128.758,57.289,33.708,29.111,25.501,24.932,9.352,3.606
2022-10-25 02:00:00,505.763,336.332,288.735,681.587,169.54,168.828,139.793,128.636,57.289,33.703,28.979,25.498,24.926,9.336,3.6
2022-10-25 02:30:00,505.76,336.328,288.722,681.586,169.473,168.827,139.789,128.975,57.289,33.699,29.023,25.495,24.92,9.331,3.594
2022-10-25 03:00:00,505.757,336.325,288.709,681.586,169.575,168.826,139.784,128.888,57.289,33.694,29.032,25.493,24.914,9.293,3.585
2022-10-25 03:30:00,505.754,336.321,288.697,681.585,170.482,168.825,139.78,128.627,57.289,33.689,29.058,25.491,24.909,9.266,3.568
2022-10-25 04:00:00,505.751,336.318,288.685,681.584,170.296,168.824,139.776,129.107,57.289,33.647,29.041,25.489,24.904,9.267,3.542
2022-10-25 04:30:00,505.748,336.314,288.672,681.584,170.087,168.823,139.771,128.527,57.289,33.643,28.962,25.487,24.899,9.269,3.522
2022-10-25 05:00:00,505.745,336.311,288.66,681.583,170.514,168.822,139.767,128.65,57.289,33.639,28.959,25.485,24.894,9.273,3.512
2022-10-25 05:30:00,505.742,336.307,288.648,681.582,169.529,168.821,139.763,128.617,57.289,33.635,28.976,25.484,24.889,9.249,3.509
2022-10-25 06:00:00,505.74,336.304,288.636,681.582,170.828,168.82,139.76,129.483,57.289,33.631,28.974,25.482,24.884,9.223,3.501
2022-10-25 06:30:00,505.737,336.301,288.624,681.581,169.547,168.819,139.756,128.739,57.289,33.627,28.971,25.481,24.879,9.216,3.486
2022-10-25 07:00:00,505.734,336.298,288.613,681.58,169.441,168.818,139.752,128.465,57.289,33.623,28.951,25.48,24.875,9.214,3.47
2022-10-25 07:30:00,505.732,336.295,288.602,681.58,170.602,168.818,140.664,128.49,57.289,33.619,28.937,25.479,24.871,9.211,3.459
2022-10-25 08:00:00,505.729,336.292,288.592,681.579,169.717,168.817,140.66,129.005,57.289,33.616,28.94,25.478,24.866,9.203,3.452
2022-10-25 08:30:00,505.727,336.289,288.581,681.579,169.489,168.816,140.656,128.925,57.289,33.612,28.944,25.477,24.862,9.192,3.445
2022-10-25 09:00:00,505.725,336.286,288.572,681.578,170.186,168.815,140.653,128.96,57.289,33.609,28.916,25.476,24.857,9.183,3.437
2022-10-25 09:30:00,505.722,336.283,288.562,681.578,169.805,168.815,140.649,128.599,57.289,33.606,28.898,25.476,24.853,9.179,3.428
2022-10-25 10:00:00,505.72,336.28,288.553,681.577,170.511,168.814,140.646,128.754,57.289,33.604,28.895,25.475,24.849,9.174,3.42
2022-10-25 10:30:00,505.718,336.278,288.543,681.576,169.772,168.813,140.642,128.79,57.289,33.601,28.9,25.474,24.845,9.161,3.414
2022-10-25 11:00:00,505.716,336.275,288.535,681.576,169.467,168.812,140.639,129.043,57.317,33.598,28.879,25.474,24.841,9.151,3.406
2022-10-25 11:30:00,505.714,336.272,288.528,681.575,169.558,168.812,140.636,128.587,57.289,33.595,28.925,25.473,24.837,9.147,3.396
2022-10-25 12:00:00,505.712,336.27,288.521,681.575,169.516,168.811,140.633,128.717,57.289,33.593,28.88,25.473,24.833,9.142,3.387
2022-10-25 12:30:00,505.711,336.269,288.516,681.576,169.719,168.812,140.63,129.1,57.289,33.591,28.859,25.474,24.83,9.14,3.381
2022-10-25 13:00:00,505.71,336.267,288.513,681.578,170.203,168.813,140.628,129.139,57.289,33.589,28.871,25.475,24.826,9.143,3.377
2022-10-25 13:30:00,505.743,336.33,288.61,681.724,169.683,168.88,139.756,129.043,57.289,33.663,28.878,25.548,24.842,9.144,3.396
2022-10-25 14:00:00,505.768,336.401,288.732,681.771,169.696,168.933,139.828,129.272,57.289,33.676,28.892,25.612,24.854,9.157,3.406
2022-10-25 14:30:00,505.765,336.433,288.834,681.765,170.576,168.911,139.874,129.69,57.289,33.665,28.895,25.598,24.847,9.168,3.4
2022-10-25 15:00:00,505.769,336.452,288.989,681.745,170.335,168.901,139.903,129.469,57.289,33.67,28.855,25.583,24.844,9.17,3.401
2022-10-25 15:30:00,505.777,336.463,289.136,681.732,170.345,168.903,139.926,129.303,57.289,33.676,28.919,25.572,24.843,9.17,3.406
2022-10-25 16:00:00,505.788,336.469,289.237,681.719,169.699,168.906,139.948,129.582,57.327,33.681,28.932,25.562,24.843,9.162,3.41
2022-10-25 16:30:00,505.799,336.473,289.262,681.707,169.669,168.907,139.969,129.957,57.289,33.684,28.951,25.551,24.841,9.158,3.409
2022-10-25 17:00:00,505.812,336.477,289.258,681.7,169.701,168.909,139.987,129.699,57.289,33.689,28.98,25.541,24.84,9.169,3.406
2022-10-25 17:30:00,505.823,336.481,289.249,681.697,169.731,168.914,140.0,129.398,57.289,33.693,29.088,25.533,24.84,9.177,3.406
2022-10-25 18:00:00,505.834,336.484,289.242,681.697,169.658,168.917,140.009,129.554,57.289,33.699,29.194,25.526,24.84,9.187,3.411
2022-10-25 18:30:00,505.842,336.486,289.236,681.698,169.751,168.918,140.014,129.294,57.564,33.707,29.226,25.52,24.84,9.214,3.418
2022-10-25 19:00:00,505.848,336.488,289.235,681.7,171.281,168.918,140.017,129.433,57.289,33.714,29.365,25.515,24.842,9.281,3.429
2022-10-25 19:30:00,505.853,336.492,289.237,681.701,170.387,168.916,140.018,129.357,57.689,33.721,29.328,25.51,24.844,9.339,3.456
2022-10-25 20:00:00,505.857,336.496,289.24,681.701,169.716,168.915,140.017,129.287,57.624,33.727,29.326,25.506,24.846,9.407,3.496
2022-10-25 20:30:00,505.861,336.501,289.239,681.7,170.971,168.913,140.016,129.285,57.289,33.732,29.418,25.503,24.849,9.435,3.552
2022-10-25 21:00:00,505.864,336.505,289.235,681.699,169.608,168.912,140.014,129.355,57.32,33.735,29.37,25.5,24.853,9.427,3.603
2022-10-25 21:30:00,505.867,336.508,289.232,681.699,169.681,168.913,140.012,129.379,57.289,33.737,29.446,25.499,24.858,9.473,3.636
2022-10-25 22:00:00,505.871,336.511,289.231,681.699,171.655,168.914,140.011,129.345,57.325,33.739,29.444,25.498,24.863,9.47,3.657
2022-10-25 22:30:00,505.873,336.51,289.228,681.697,169.654,168.913,140.009,130.229,57.318,33.739,29.592,25.496,24.867,9.484,3.679
2022-10-25 23:00:00,505.875,336.498,289.225,681.695,169.638,168.912,140.006,129.452,57.289,33.741,29.235,25.493,24.872,9.582,3.692
2022-10-25 23:30:00,505.876,336.498,289.218,681.694,171.797,168.911,140.004,129.52,57.719,33.742,29.524,25.491,24.877,9.583,3.722
2022-10-26 00:00:00,505.877,336.498,289.209,681.692,171.223,168.91,140.002,129.393,57.339,33.744,29.317,25.489,24.882,9.438,3.76
2022-10-26 00:30:00,505.877,336.498,289.197,681.69,169.608,168.909,140.001,130.249,57.289,33.746,29.642,25.488,24.887,9.496,3.742
2022-10-26 01:00:00,505.878,336.498,289.185,681.689,169.642,168.907,140.0,129.242,57.375,33.748,29.373,25.486,24.892,9.467,3.723
2022-10-26 01:30:00,505.877,336.497,289.172,681.688,169.618,168.906,139.999,129.315,57.289,33.75,29.374,25.485,24.896,9.587,3.719
2022-10-26 02:00:00,505.877,336.495,289.158,681.688,169.6,168.903,139.998,129.261,57.404,33.752,29.254,25.483,24.9,9.511,3.741
2022-10-26 02:30:00,505.876,336.494,289.145,681.687,169.605,168.901,139.996,129.369,57.432,33.755,29.511,25.482,24.904,9.457,3.751
2022-10-26 03:00:00,505.874,336.491,289.131,681.686,169.622,168.899,139.994,129.185,57.402,33.758,29.247,25.481,24.908,9.464,3.731
2022-10-26 03:30:00,505.872,336.489,289.117,681.686,172.076,168.896,139.992,129.439,57.372,33.76,29.448,25.48,24.911,9.526,3.71
2022-10-26 04:00:00,505.87,336.486,289.102,681.687,169.584,168.894,139.988,129.318,57.289,33.763,29.422,25.479,24.915,9.435,3.723
2022-10-26 04:30:00,505.868,336.484,289.087,681.687,169.59,168.891,139.985,129.266,57.289,33.765,29.317,25.478,24.918,9.496,3.712
2022-10-26 05:00:00,505.866,336.481,289.073,681.688,169.673,168.889,139.981,129.152,57.409,33.767,29.452,25.477,24.922,9.509,3.704
2022-10-26 05:30:00,505.863,336.48,289.057,681.689,171.24,168.887,139.976,129.22,57.469,33.768,29.41,25.477,24.925,9.473,3.716
2022-10-26 06:00:00,505.86,336.478,289.04,681.69,169.583,168.885,139.971,129.431,57.383,33.769,29.449,25.476,24.928,9.516,3.714
2022-10-26 06:30:00,505.857,336.476,289.025,681.69,172.656,168.883,139.966,129.279,57.325,33.77,29.303,25.475,24.931,9.506,3.718
2022-10-26 07:00:00,505.854,336.472,289.009,681.69,170.598,168.881,139.961,129.214,57.289,33.77,29.33,25.475,24.933,9.523,3.725
2022-10-26 07:30:00,505.851,336.468,288.993,681.69,169.717,168.879,139.955,129.436,57.289,33.77,29.48,25.474,24.936,9.471,3.73
2022-10-26 08:00:00,505.848,336.464,288.977,681.689,169.834,168.877,139.95,130.131,57.289,33.77,29.28,25.473,24.938,9.458,3.723
2022-10-26 08:30:00,505.845,336.46,288.961,681.689,169.942,168.875,139.944,129.277,57.289,33.77,29.315,25.473,24.94,9.523,3.707
2022-10-26 09:00:00,505.842,336.455,288.946,681.688,169.654,168.873,139.939,129.199,57.289,33.769,29.262,25.472,24.941,9.463,3.712
2022-10-26 09:30:00,505.839,336.45,288.931,681.687,169.711,168.871,139.933,129.218,57.314,33.768,29.343,25.472,24.942,9.437,3.711
2022-10-26 10:00:00,505.836,336.446,288.917,681.686,169.599,168.869,139.927,129.385,57.302,33.766,29.276,25.471,24.943,9.429,3.691
2022-10-26 10:30:00,505.833,336.441,288.903,681.685,169.568,168.867,139.921,129.168,57.289,33.735,29.28,25.471,24.943,9.451,3.675
2022-10-26 11:00:00,505.83,336.437,288.89,681.685,171.633,168.865,139.915,129.453,57.293,33.732,29.245,25.471,24.944,9.437,3.67
2022-10-26 11:30:00,505.827,336.432,288.878,681.684,169.528,168.863,139.91,129.857,57.289,33.73,29.279,25.47,24.943,9.428,3.668
2022-10-26 12:00:00,505.824,336.427,288.867,681.683,171.409,168.861,139.904,129.47,57.289,33.728,29.269,25.47,24.943,9.417,3.661
2022-10-26 12:30:00,505.821,336.422,288.858,681.682,169.61,168.859,139.898,129.306,57.289,33.725,29.205,25.469,24.942,9.421,3.653
2022-10-26 13:00:00,505.818,336.417,288.852,681.681,170.826,168.857,139.893,129.093,57.289,33.722,29.138,25.469,24.941,9.427,3.646
2022-10-26 13:30:00,505.815,336.412,288.848,681.68,169.47,168.855,139.887,129.291,57.289,33.719,29.238,25.469,24.939,9.394,3.646
2022-10-26 14:00:00,505.812,336.407,288.847,681.679,169.614,168.853,139.882,129.278,57.289,33.716,29.157,25.469,24.938,9.353,3.638
2022-10-26 14:30:00,505.809,336.402,288.849,681.678,169.979,168.852,139.877,129.463,57.289,33.712,29.244,25.468,24.936,9.381,3.615
2022-10-26 15:00:00,505.806,336.397,288.851,681.678,171.05,168.85,139.872,129.521,57.289,33.709,29.2,25.468,24.934,9.362,3.603
2022-10-26 15:30:00,505.804,336.394,288.854,681.678,169.709,168.85,139.867,129.212,57.445,33.706,29.2,25.47,24.932,9.376,3.598
2022-10-26 16:00:00,505.802,336.391,288.857,681.679,169.689,168.85,139.863,129.384,57.289,33.703,29.227,25.471,24.93,9.377,3.594
2022-10-26 16:30:00,505.808,336.402,288.875,681.696,171.342,168.867,139.868,128.645,57.289,33.739,29.207,25.491,24.932,9.375,3.601
2022-10-26 17:00:00,505.815,336.416,288.905,681.709,169.667,168.881,139.879,129.602,57.289,33.741,29.233,25.51,24.934,9.388,3.605
2022-10-26 17:30:00,505.819,336.43,288.949,681.719,170.696,168.89,139.893,129.24,57.289,33.744,29.14,25.525,24.935,9.398,3.609
2022-10-26 18:00:00,505.823,336.445,289.012,681.726,169.82,168.898,139.911,129.857,57.289,33.747,29.148,25.538,24.936,9.397,3.619
2022-10-26 18:30:00,505.824,336.454,289.072,681.726,169.679,168.898,139.927,129.335,57.289,33.749,29.192,25.543,24.936,9.376,3.623
2022-10-26 19:00:00,505.826,336.463,289.128,681.726,169.753,168.901,139.942,129.437,57.289,33.751,29.205,25.546,24.936,9.359,3.62
2022-10-26 19:30:00,505.832,336.477,289.188,681.732,169.712,168.909,139.963,129.275,57.289,33.756,29.217,25.555,24.939,9.37,3.61
2022-10-26 20:00:00,505.839,336.493,289.246,681.738,169.757,168.917,139.987,129.293,57.289,33.761,29.2,25.562,24.941,9.396,3.605
2022-10-26 20:30:00,505.843,336.503,289.291,681.734,170.69,168.916,140.006,129.258,57.388,33.764,29.236,25.558,24.941,9.404,3.611
2022-10-26 21:00:00,505.848,336.513,289.331,681.73,170.012,168.918,140.022,129.467,57.289,33.768,29.229,25.554,24.943,9.403,3.621
2022-10-26 21:30:00,505.852,336.519,289.358,681.723,169.815,168.917,140.05,129.353,57.41,33.771,29.239,25.545,24.943,9.412,3.627
2022-10-26 22:00:00,505.857,336.529,289.37,681.716,169.682,168.918,140.057,129.33,57.47,33.774,29.355,25.537,24.943,9.42,3.631
2022-10-26 22:30:00,505.863,336.542,289.369,681.712,169.625,168.92,140.062,129.554,57.47,33.777,29.381,25.532,24.945,9.427,3.638
2022-10-26 23:00:00,505.869,336.548,289.364,681.71,171.915,168.922,140.066,130.043,57.328,33.781,29.407,25.527,24.947,9.479,3.645
2022-10-26 23:30:00,505.872,336.554,289.359,681.708,169.64,168.921,140.067,130.505,57.294,33.783,29.458,25.521,24.949,9.522,3.665
2022-10-27 00:00:00,505.875,336.559,289.355,681.707,169.577,168.92,140.066,129.221,57.55,33.786,29.429,25.516,24.952,9.554,3.695
2022-10-27 00:30:00,505.878,336.564,289.35,681.706,172.528,168.919,140.063,129.332,57.477,33.787,29.486,25.511,24.955,9.587,3.727
2022-10-27 01:00:00,505.88,336.568,289.345,681.705,173.151,168.918,140.06,129.373,57.289,33.788,29.595,25.507,24.957,9.573,3.756
2022-10-27 01:30:00,505.882,336.571,289.339,681.704,171.638,168.917,140.056,129.327,57.289,33.788,29.773,25.504,24.96,9.623,3.776
2022-10-27 02:00:00,505.883,336.573,289.334,681.703,172.604,168.915,140.052,129.146,58.026,33.788,29.346,25.501,24.963,9.787,3.796
2022-10-27 02:30:00,505.885,336.574,289.328,681.702,171.437,168.914,140.047,129.255,57.289,33.788,29.473,25.498,24.966,9.755,3.851
2022-10-27 03:00:00,505.886,336.573,289.321,681.7,171.931,168.913,140.042,129.33,57.289,33.787,29.681,25.495,24.969,9.599,3.901
2022-10-27 03:30:00,505.886,336.572,289.313,681.699,169.594,168.912,140.038,129.278,57.477,33.787,29.426,25.493,24.971,9.58,3.891
2022-10-27 04:00:00,505.887,336.569,289.302,681.698,169.59,168.911,140.02,129.285,57.581,33.787,29.598,25.491,24.973,9.696,3.867
2022-10-27 04:30:00,505.887,336.566,289.29,681.697,169.574,168.91,140.016,129.163,57.605,33.786,29.35,25.489,24.974,9.621,3.869
2022-10-27 05:00:00,505.887,336.562,289.276,681.695,172.004,168.909,140.013,129.315,57.569,33.786,29.413,25.487,24.975,9.635,3.871
2022-10-27 05:30:00,505.886,336.557,289.261,681.694,169.559,168.908,140.009,129.383,57.301,33.786,29.773,25.486,24.976,9.563,3.866
2022-10-27 06:00:00,505.885,336.552,289.246,681.694,169.583,168.906,140.007,130.123,57.622,33.786,29.369,25.484,24.977,9.642,3.846
2022-10-27 06:30:00,505.883,336.546,289.231,681.693,169.529,168.904,140.004,129.208,57.289,33.785,29.385,25.483,24.977,9.736,3.841
2022-10-27 07:00:00,505.882,336.54,289.215,681.693,169.605,168.902,140.001,129.156,57.289,33.785,29.535,25.482,24.978,9.582,3.875
2022-10-27 07:30:00,505.879,336.534,289.201,681.692,169.898,168.9,139.998,129.208,57.289,33.785,29.595,25.481,24.978,9.551,3.869
2022-10-27 08:00:00,505.877,336.528,289.186,681.692,169.535,168.898,139.995,129.255,57.3,33.785,29.407,25.48,24.978,9.671,3.839
2022-10-27 08:30:00,505.875,336.522,289.171,681.692,169.602,168.896,139.991,130.202,57.628,33.784,29.39,25.479,24.977,9.677,3.842
2022-10-27 09:00:00,505.872,336.515,289.155,681.692,170.431,168.893,139.987,129.187,57.289,33.784,29.425,25.478,24.977,9.593,3.862
2022-10-27 09:30:00,505.869,336.509,289.14,681.692,169.559,168.891,139.983,129.224,57.628,33.784,29.453,25.477,24.977,9.545,3.856
2022-10-27 10:00:00,505.867,336.503,289.122,681.692,169.589,168.889,139.978,130.164,57.289,33.783,29.498,25.476,24.976,9.562,3.831
2022-10-27 10:30:00,505.864,336.496,289.105,681.692,169.593,168.887,139.973,129.236,57.511,33.782,29.327,25.476,24.975,9.63,3.81
2022-10-27 11:00:00,505.86,336.489,289.088,681.692,169.55,168.885,139.968,129.445,57.35,33.781,29.417,25.475,24.975,9.603,3.817
2022-10-27 11:30:00,505.857,336.481,289.072,681.691,169.851,168.883,139.963,129.329,57.41,33.78,29.363,25.474,24.974,9.549,3.825
2022-10-27 12:00:00,505.854,336.475,289.057,681.691,169.6,168.88,139.958,129.175,57.289,33.779,29.427,25.474,24.973,9.558,3.81
2022-10-27 12:30:00,505.851,336.47,289.041,681.69,171.367,168.878,139.952,129.21,57.289,33.778,29.418,25.473,24.971,9.539,3.799
2022-10-27 13:00:00,505.848,336.466,289.026,681.69,169.692,168.876,139.947,129.863,57.289,33.776,29.358,25.473,24.97,9.554,3.787
2022-10-27 13:30:00,505.845,336.461,289.011,681.689,169.603,168.875,139.941,129.248,57.289,33.774,29.222,25.472,24.969,9.565,3.781
2022-10-27 14:00:00,505.842,336.456,288.997,681.688,171.602,168.873,139.935,130.245,57.289,33.773,29.384,25.472,24.967,9.522,3.781
2022-10-27 14:30:00,505.839,336.451,288.983,681.687,169.642,168.871,139.93,129.232,57.289,33.771,29.435,25.471,24.965,9.455,3.773
2022-10-27 15:00:00,505.836,336.446,288.971,681.686,170.276,168.869,139.924,129.213,57.289,33.769,29.254,25.471,24.964,9.517,3.742
2022-10-27 15:30:00,505.833,336.441,288.96,681.686,169.527,168.867,139.918,129.742,57.289,33.767,29.303,25.47,24.962,9.541,3.73
2022-10-27 16:00:00,505.829,336.436,288.95,681.685,169.536,168.865,139.913,130.033,57.335,33.734,29.346,25.47,24.96,9.473,3.743
2022-10-27 16:30:00,505.826,336.431,288.942,681.684,172.492,168.863,139.907,129.205,57.332,33.731,29.22,25.47,24.957,9.466,3.733
2022-10-27 17:00:00,505.823,336.426,288.935,681.683,169.693,168.861,139.901,129.379,57.289,33.728,29.236,25.469,24.955,9.484,3.714
2022-10-27 17:30:00,505.82,336.421,288.929,681.682,169.568,168.859,139.896,129.428,57.536,33.725,29.342,25.469,24.953,9.438,3.707
2022-10-27 18:00:00,505.817,336.415,288.924,681.681,169.857,168.857,139.89,129.24,57.289,33.722,29.218,25.469,24.95,9.418,3.694
2022-10-27 18:30:00,505.814,336.41,288.919,681.68,169.582,168.855,139.885,129.113,57.289,33.719,29.226,25.468,24.948,9.469,3.671
2022-10-27 19:00:00,505.811,336.405,288.913,681.679,169.555,168.853,139.88,129.333,57.289,33.715,29.298,25.468,24.945,9.428,3.672
2022-10-27 19:30:00,505.808,336.4,288.908,681.678,169.464,168.851,139.874,129.16,57.294,33.712,29.136,25.468,24.942,9.412,3.669
2022-10-27 20:00:00,505.805,336.395,288.901,681.678,169.553,168.849,139.869,129.734,57.289,33.708,29.122,25.468,24.939,9.439,3.653
2022-10-27 20:30:00,505.802,336.39,288.894,681.677,170.625,168.848,139.864,129.391,57.289,33.705,29.227,25.467,24.936,9.379,3.652
2022-10-27 21:00:00,505.799,336.385,288.886,681.676,169.628,168.846,139.858,129.285,57.289,33.702,29.32,25.467,24.933,9.342,3.638
2022-10-27 21:30:00,505.796,336.38,288.877,681.675,169.649,168.844,139.853,129.182,57.289,33.698,29.178,25.467,24.93,9.374,3.609
2022-10-27 22:00:00,505.793,336.376,288.868,681.675,169.825,168.843,139.848,129.329,57.289,33.695,29.167,25.467,24.927,9.431,3.594
2022-10-27 22:30:00,505.79,336.371,288.858,681.674,169.506,168.841,139.842,129.423,57.289,33.691,29.089,25.466,24.923,9.394,3.609
2022-10-27 23:00:00,505.788,336.366,288.847,681.673,169.619,168.839,139.837,130.433,57.289,33.687,29.205,25.466,24.92,9.354,3.618
2022-10-27 23:30:00,505.785,336.361,288.836,681.673,170.713,168.838,139.833,129.393,57.289,33.683,29.123,25.466,24.916,9.323,3.603
2022-10-28 00:00:00,505.782,336.357,288.825,681.672,171.013,168.836,139.828,129.215,57.289,33.678,29.088,25.466,24.913,9.332,3.578
2022-10-28 00:30:00,505.779,336.353,288.812,681.671,169.899,168.835,139.823,129.572,57.289,33.674,29.173,25.466,24.91,9.334,3.56
2022-10-28 01:00:00,505.776,336.349,288.8,681.671,169.604,168.834,139.819,128.733,57.289,33.67,29.142,25.465,24.906,9.3,3.554
2022-10-28 01:30:00,505.773,336.344,288.787,681.593,169.578,168.833,139.814,129.069,57.289,33.666,29.09,25.465,24.903,9.32,3.54
2022-10-28 02:00:00,505.77,336.339,288.775,681.593,169.605,168.831,139.81,128.796,57.289,33.661,29.1,25.465,24.899,9.324,3.532
2022-10-28 02:30:00,505.767,336.336,288.762,681.592,170.118,168.83,139.805,128.633,57.289,33.657,29.137,25.465,24.896,9.3,3.533
2022-10-28 03:00:00,505.764,336.332,288.75,681.591,169.638,168.829,139.801,128.616,57.289,33.653,29.079,25.465,24.892,9.287,3.526
2022-10-28 03:30:00,505.761,336.329,288.738,681.59,170.092,168.828,139.797,129.4,57.289,33.649,29.115,25.465,24.889,9.296,3.514
2022-10-28 04:00:00,505.758,336.326,288.725,681.59,170.193,168.827,139.792,129.352,57.289,33.646,28.991,25.465,24.885,9.288,3.508
2022-10-28 04:30:00,505.755,336.323,288.713,681.589,169.617,168.826,139.788,128.506,57.289,33.642,28.944,25.464,24.882,9.28,3.505
2022-10-28 05:00:00,505.752,336.319,288.702,681.588,170.737,168.825,139.784,129.079,57.289,33.638,29.038,25.464,24.878,9.255,3.499
2022-10-28 05:30:00,505.75,336.316,288.69,681.588,169.618,168.824,139.78,128.962,57.289,33.635,29.014,25.464,24.875,9.215,3.49
2022-10-28 06:00:00,505.747,336.313,288.679,681.587,169.523,168.823,139.776,129.101,57.289,33.631,29.04,25.464,24.872,9.212,3.469
2022-10-28 06:30:00,505.744,336.31,288.667,681.586,169.641,168.822,139.772,129.414,57.289,33.628,28.981,25.464,24.868,9.225,3.449
2022-10-28 07:00:00,505.742,336.306,288.656,681.585,170.135,168.821,139.768,128.704,57.289,33.624,28.977,25.464,24.865,9.224,3.441
2022-10-28 07:30:00,505.739,336.303,288.644,681.585,169.692,168.82,139.765,128.571,57.289,33.621,29.012,25.464,24.861,9.218,3.438
2022-10-28 08:00:00,505.737,336.3,288.633,681.584,169.57,168.819,139.761,128.484,57.289,33.618,28.985,25.464,24.857,9.199,3.435
2022-10-28 08:30:00,505.734,336.297,288.622,681.584,169.684,168.818,139.757,129.614,57.289,33.615,28.932,25.464,24.854,9.201,3.428
2022-10-28 09:00:00,505.732,336.294,288.612,681.583,170.063,168.817,139.754,128.784,57.289,33.612,28.942,25.463,24.85,9.201,3.421
2022-10-28 09:30:00,505.73,336.292,288.601,681.583,169.604,168.816,140.665,128.665,57.289,33.609,28.947,25.463,24.847,9.184,3.417
2022-10-28 10:00:00,505.728,336.289,288.591,681.582,169.637,168.816,140.662,129.265,57.289,33.606,28.943,25.463,24.843,9.17,3.411
2022-10-28 10:30:00,505.725,336.286,288.581,681.581,170.72,168.815,140.658,128.57,57.302,33.603,28.922,25.463,24.84,9.165,3.401
2022-10-28 11:00:00,505.723,336.283,288.572,681.581,169.674,168.814,140.655,129.057,57.289,33.601,28.93,25.463,24.836,9.165,3.392
2022-10-28 11:30:00,505.721,336.281,288.562,681.58,169.681,168.813,140.651,129.072,57.289,33.598,28.925,25.463,24.833,9.158,3.385
2022-10-28 12:00:00,505.719,336.278,288.553,681.579,169.597,168.813,140.648,129.004,57.289,33.596,28.914,25.463,24.83,9.153,3.38
2022-10-28 12:30:00,505.717,336.276,288.544,681.579,169.764,168.812,140.645,128.467,57.289,33.593,28.908,25.463,24.826,9.15,3.374
2022-10-28 13:00:00,505.715,336.273,288.536,681.578,169.677,168.811,140.641,129.059,57.289,33.591,28.894,25.463,24.823,9.145,3.369
2022-10-28 13:30:00,505.713,336.27,288.529,681.578,169.602,168.81,140.638,128.729,57.289,33.589,28.861,25.463,24.819,9.139,3.364
2022-10-28 14:00:00,505.711,336.268,288.522,681.577,169.529,168.81,140.635,129.127,57.289,33.586,28.881,25.463,24.813,9.134,3.359
2022-10-28 14:30:00,505.709,336.265,288.516,681.576,169.76,168.809,140.632,128.626,57.289,33.584,28.887,25.463,24.809,9.125,3.353
2022-10-28 15:00:00,505.708,336.262,288.51,681.576,169.698,168.808,140.629,129.313,57.289,33.581,28.883,25.462,24.805,9.116,3.347
2022-10-28 15:30:00,505.706,336.259,288.504,681.575,169.803,168.808,140.626,128.86,57.289,33.579,28.865,25.462,24.801,9.115,3.339
2022-10-28 16:00:00,505.705,336.257,288.498,681.575,170.035,168.807,140.623,128.91,57.289,33.577,28.844,25.462,24.797,9.117,3.332
2022-10-28 16:30:00,505.704,336.254,288.492,681.574,169.67,168.806,140.62,128.642,57.289,33.575,28.836,25.462,24.794,9.112,3.328
2022-10-28 17:00:00,505.702,336.251,288.486,681.574,169.921,168.806,140.617,128.869,57.289,33.573,28.84,25.462,24.79,9.103,3.326
2022-10-28 17:30:00,505.701,336.249,288.481,681.573,169.61,168.805,140.614,128.516,57.289,33.571,28.837,25.462,24.786,9.092,3.322
2022-10-28 18:00:00,505.7,336.246,288.475,681.572,169.848,168.804,140.611,129.13,57.289,33.569,28.818,25.462,24.783,9.085,3.315
2022-10-28 18:30:00,505.698,336.244,288.47,681.572,169.955,168.804,140.609,128.804,57.289,33.567,28.816,25.462,24.779,9.08,3.308
2022-10-28 19:00:00,505.697,336.242,288.464,681.571,169.781,168.803,140.606,129.184,57.289,33.565,28.839,25.462,24.776,9.076,3.302
2022-10-28 19:30:00,505.696,336.239,288.459,681.571,169.67,168.803,140.603,128.618,57.289,33.563,28.821,25.462,24.773,9.067,3.297
2022-10-28 20:00:00,505.695,336.237,288.454,681.57,169.653,168.802,140.6,129.246,57.289,33.561,28.799,25.462,24.833,9.063,3.291
2022-10-28 20:30:00,505.693,336.235,288.449,681.57,169.611,168.802,140.598,128.597,57.289,33.559,28.792,25.462,24.83,9.065,3.286
2022-10-28 21:00:00,505.692,336.232,288.445,681.569,169.795,168.801,140.596,128.806,57.289,33.557,28.797,25.462,24.827,9.059,3.283
2022-10-28 21:30:00,505.691,336.23,288.44,681.569,169.71,168.801,140.593,128.571,57.289,33.556,28.802,25.462,24.823,9.048,3.28
2022-10-28 22:00:00,505.69,336.228,288.435,681.568,169.763,168.8,140.591,128.961,57.289,33.554,28.799,25.462,24.82,9.04,3.276
2022-10-28 22:30:00,505.689,336.226,288.431,681.568,169.726,168.8,140.589,128.758,57.289,33.552,28.786,25.462,24.817,9.036,3.27
2022-10-28 23:00:00,505.688,336.224,288.426,681.567,169.707,168.799,140.587,128.663,57.289,33.551,28.787,25.462,24.813,9.035,3.264
2022-10-28 23:30:00,505.687,336.221,288.421,681.567,169.599,168.799,140.585,129.064,57.289,33.549,28.784,25.461,24.81,9.032,3.26
2022-10-29 00:00:00,505.686,336.219,288.417,681.566,169.677,168.798,140.583,128.647,57.289,33.548,28.783,25.461,24.807,9.026,3.256
2022-10-29 00:30:00,505.685,336.217,288.412,681.566,169.637,168.798,140.581,128.967,57.289,33.546,28.774,25.461,24.804,9.021,3.253
2022-10-29 01:00:00,505.684,336.215,288.408,681.566,169.698,168.797,140.58,128.542,57.289,33.545,28.772,25.461,24.801,9.017,3.249
2022-10-29 01:30:00,505.683,336.213,288.404,681.565,170.003,168.797,140.578,128.784,57.289,33.543,28.751,25.461,24.798,9.013,3.246
2022-10-29 02:00:00,505.682,336.211,288.4,681.565,169.77,168.797,140.576,128.49,57.289,33.542,28.749,25.461,24.795,9.008,3.242
2022-10-29 02:30:00,505.681,336.209,288.396,681.564,169.704,168.796,140.574,128.912,57.289,33.54,28.754,25.461,24.792,9.002,3.239
2022-10-29 03:00:00,505.68,336.207,288.391,681.564,169.65,168.796,140.573,128.519,57.289,33.539,28.756,25.461,24.789,8.992,3.235
2022-10-29 03:30:00,505.679,336.205,288.387,681.563,169.7,168.795,140.571,128.839,57.289,33.538,28.752,25.461,24.786,8.985,3.231
2022-10-29 04:00:00,505.678,336.203,288.383,681.563,169.85,168.795,140.569,129.157,57.289,33.536,28.736,25.461,24.784,8.981,3.225
2022-10-29 04:30:00,505.677,336.201,288.379,681.563,169.992,168.794,140.568,129.001,57.289,33.535,28.739,25.461,24.781,8.98,3.219
2022-10-29 05:00:00,505.676,336.199,288.375,681.562,169.664,168.794,140.566,129.012,57.289,33.534,28.754,25.461,24.778,8.977,3.215
2022-10-29 05:30:00,505.675,336.197,288.371,681.562,169.954,168.794,140.565,129.112,57.289,33.533,28.738,25.461,24.776,8.97,3.211
2022-10-29 06:00:00,505.674,336.195,288.367,681.561,169.716,168.793,140.563,129.031,57.289,33.531,28.728,25.461,24.773,8.965,3.208
2022-10-29 06:30:00,505.673,336.193,288.363,681.561,170.044,168.793,140.562,129.003,57.289,33.53,28.726,25.461,24.771,8.966,3.204
2022-10-29 07:00:00,505.672,336.191,288.36,681.56,169.719,168.793,140.56,128.914,57.289,33.529,28.727,25.461,24.768,8.962,3.201
2022-10-29 07:30:00,505.672,336.189,288.356,681.56,170.026,168.792,140.559,129.181,57.289,33.528,28.733,25.461,24.766,8.955,3.198
2022-10-29 08:00:00,505.671,336.188,288.352,681.56,169.641,168.792,140.558,128.994,57.289,33.527,28.721,25.461,24.763,8.949,3.195
2022-10-29 08:30:00,505.67,336.186,288.348,681.559,169.868,168.792,140.556,129.03,57.289,33.526,28.708,25.461,24.761,8.945,3.192
2022-10-29 09:00:00,505.58,336.184,288.345,681.559,169.781,168.791,140.555,129.159,57.289,33.525,28.715,25.461,24.758,8.943,3.188
2022-10-29 09:30:00,505.579,336.183,288.341,681.559,169.966,168.791,140.554,128.898,57.289,33.524,28.715,25.461,24.756,8.939,3.184
2022-10-29 10:00:00,505.579,336.181,288.337,681.558,169.894,168.791,140.552,129.178,57.289,33.523,28.712,25.461,24.754,8.932,3.181
2022-10-29 10:30:00,505.578,336.18,288.334,681.558,169.952,168.79,140.551,128.98,57.289,33.522,28.707,25.461,24.751,8.927,3.178
2022-10-29 11:00:00,505.578,336.178,288.33,681.558,170.005,168.79,140.55,129.103,57.289,33.521,28.708,25.461,24.749,8.925,3.174
2022-10-29 11:30:00,505.577,336.177,288.327,681.557,169.901,168.79,140.549,129.159,57.289,33.52,28.707,25.461,24.747,8.922,3.17
2022-10-29 12:00:00,505.576,336.175,288.323,681.557,169.683,168.789,140.547,128.981,57.289,33.519,28.7,25.461,24.744,8.919,3.167
2022-10-29 12:30:00,505.576,336.174,288.32,681.557,169.643,168.789,140.546,128.973,57.289,33.518,28.694,25.461,24.742,8.915,3.164
2022-10-29 13:00:00,505.575,336.173,288.317,681.556,169.742,168.789,140.545,129.065,57.289,33.517,28.695,25.461,24.74,8.913,3.162
2022-10-29 13:30:00,505.575,336.171,288.314,681.556,169.683,168.788,140.544,128.966,57.289,33.516,28.693,25.46,24.738,8.909,3.159
2022-10-29 14:00:00,505.574,336.17,288.31,681.556,169.825,168.788,140.543,129.025,57.289,33.515,28.688,25.46,24.736,8.904,3.157
2022-10-29 14:30:00,505.574,336.169,288.307,681.555,169.653,168.788,140.542,129.162,57.289,33.514,28.689,25.46,24.734,8.9,3.154
2022-10-29 15:00:00,505.573,336.167,288.304,681.555,169.829,168.788,140.541,128.985,57.289,33.514,28.688,25.46,24.732,8.896,3.15
2022-10-29 15:30:00,505.572,336.166,288.301,681.555,169.677,168.787,140.54,128.958,57.289,33.513,28.681,25.46,24.73,8.893,3.147
2022-10-29 16:00:00,505.572,336.165,288.298,681.554,169.645,168.787,140.538,129.101,57.289,33.512,28.678,25.46,24.728,8.889,3.144
2022-10-29 16:30:00,505.571,336.164,288.295,681.554,169.749,168.787,140.537,129.01,57.289,33.511,28.678,25.46,24.726,8.887,3.141
2022-10-29 17:00:00,505.571,336.162,288.293,681.554,169.657,168.786,140.536,129.097,57.289,33.51,28.678,25.46,24.724,8.883,3.138
2022-10-29 17:30:00,505.57,336.161,288.29,681.553,169.693,168.786,140.535,129.064,57.289,33.51,28.677,25.46,24.722,8.878,3.135
2022-10-29 18:00:00,505.57,336.16,288.287,681.553,169.816,168.786,140.534,128.996,57.289,33.509,28.673,25.46,24.72,8.875,3.132
2022-10-29 18:30:00,505.569,336.159,288.285,681.552,169.855,168.786,140.533,129.033,57.289,33.508,28.671,25.46,24.718,8.872,3.129
2022-10-29 19:00:00,505.569,336.158,288.282,681.552,169.802,168.786,140.532,129.127,57.289,33.507,28.669,25.46,24.716,8.87,3.126
2022-10-29 19:30:00,505.568,336.156,288.28,681.552,169.823,168.785,140.531,128.966,57.289,33.507,28.667,25.46,24.714,8.867,3.123
2022-10-29 20:00:00,505.568,336.155,288.278,681.551,169.776,168.785,140.53,129.006,57.289,33.506,28.664,25.46,24.713,8.863,3.121
2022-10-29 20:30:00,505.567,336.154,288.275,681.551,169.655,168.785,140.529,129.115,57.289,33.505,28.663,25.46,24.711,8.859,3.118
2022-10-29 21:00:00,505.567,336.153,288.273,681.55,169.69,168.785,140.528,129.036,57.289,33.505,28.663,25.46,24.709,8.856,3.115
2022-10-29 21:30:00,505.566,336.152,288.271,681.55,169.675,168.784,140.528,128.99,57.289,33.504,28.664,25.46,24.707,8.852,3.112
2022-10-29 22:00:00,505.566,336.151,288.268,681.549,169.803,168.784,140.527,129.004,57.289,33.503,28.663,25.46,24.706,8.848,3.11
2022-10-29 22:30:00,505.566,336.15,288.266,681.549,169.658,168.784,140.526,129.079,57.289,33.503,28.66,25.46,24.704,8.845,3.107
2022-10-29 23:00:00,505.565,336.149,288.264,681.549,169.712,168.784,140.525,128.982,57.289,33.502,28.657,25.46,24.702,8.842,3.104
2022-10-29 23:30:00,505.565,336.148,288.262,681.548,169.709,168.783,140.524,128.953,57.289,33.502,28.655,25.46,24.701,8.84,3.101
2022-10-30 00:00:00,505.564,336.147,288.259,681.548,169.668,168.783,140.523,129.105,57.289,33.501,28.654,25.46,24.699,8.838,3.099
2022-10-30 00:30:00,505.564,336.146,288.257,681.547,169.663,168.783,140.522,129.037,57.289,33.501,28.653,25.46,24.698,8.834,3.097
2022-10-30 01:00:00,505.563,336.145,288.255,681.547,169.705,168.783,140.521,128.942,57.289,33.5,28.653,25.46,24.696,8.831,3.095
2022-10-30 01:30:00,505.563,336.144,288.252,681.546,169.739,168.783,140.52,128.936,57.289,33.5,28.653,25.46,24.695,8.828,3.092
2022-10-30 02:00:00,505.563,336.143,288.25,681.545,169.84,168.782,140.52,129.036,57.289,33.499,28.651,25.46,24.693,8.824,3.09
2022-10-30 02:30:00,505.562,336.142,288.248,681.545,169.629,168.782,140.519,129.129,57.289,33.499,28.65,25.46,24.692,8.822,3.087
2022-10-30 03:00:00,505.562,336.141,288.245,681.544,169.62,168.782,140.518,128.997,57.289,33.498,28.648,25.46,24.69,8.82,3.085
2022-10-30 03:30:00,505.561,336.14,288.243,681.544,169.815,168.782,140.517,128.924,57.289,33.498,28.645,25.46,24.689,8.818,3.083
2022-10-30 04:00:00,505.561,336.139,288.241,681.543,169.766,168.781,140.516,129.062,57.289,33.498,28.643,25.46,24.687,8.815,3.08
2022-10-30 04:30:00,505.561,336.138,288.239,681.543,169.758,168.781,140.515,129.038,57.289,33.497,28.641,25.46,24.686,8.813,3.079
2022-10-30 05:00:00,505.56,336.137,288.236,681.542,169.662,168.781,140.515,129.011,57.289,33.497,28.639,25.46,24.684,8.81,3.077
2022-10-30 05:30:00,505.56,336.136,288.234,681.542,169.615,168.781,140.514,128.978,57.289,33.497,28.638,25.46,24.683,8.807,3.075
2022-10-30 06:00:00,505.56,336.135,288.232,681.542,169.72,168.781,140.513,129.009,57.289,33.496,28.637,25.46,24.681,8.804,3.072
2022-10-30 06:30:00,505.559,336.134,288.23,681.541,169.849,168.781,140.512,129.082,57.289,33.496,28.638,25.46,24.68,8.801,3.07
2022-10-30 07:00:00,505.559,336.133,288.228,681.541,169.765,168.78,140.512,129.01,57.289,33.496,28.637,25.46,24.678,8.797,3.068
2022-10-30 07:30:00,505.559,336.133,288.226,681.54,169.748,168.78,140.511,128.995,57.289,33.495,28.636,25.46,24.677,8.794,3.066
2022-10-30 08:00:00,505.558,336.132,288.223,681.54,169.825,168.78,140.51,129.007,57.289,33.495,28.635,25.46,24.675,8.792,3.063
2022-10-30 08:30:00,505.558,336.131,288.221,681.539,169.685,168.78,140.509,129.078,57.289,33.495,28.633,25.46,24.674,8.79,3.061
2022-10-30 09:00:00,505.557,336.13,288.219,681.539,169.732,168.78,140.509,129.088,57.289,33.495,28.631,25.46,24.672,8.789,3.059
2022-10-30 09:30:00,505.557,336.129,288.217,681.539,169.722,168.78,140.508,129.101,57.289,33.494,28.631,25.46,24.671,8.787,3.056
2022-10-30 10:00:00,505.557,336.128,288.215,681.538,169.726,168.779,140.507,129.045,57.289,33.494,28.63,25.46,24.67,8.784,3.055
2022-10-30 10:30:00,505.556,336.127,288.213,681.538,169.676,168.779,140.507,129.019,57.289,33.494,28.628,25.46,24.668,8.782,3.053
2022-10-30 11:00:00,505.556,336.127,288.211,681.537,169.701,168.779,140.506,129.013,57.289,33.493,28.627,25.46,24.667,8.779,3.051
2022-10-30 11:30:00,505.556,336.126,288.209,681.537,169.648,168.779,140.505,128.992,57.289,33.493,28.625,25.46,24.666,8.777,3.049
2022-10-30 12:00:00,505.556,336.125,288.207,681.537,169.666,168.779,140.505,129.034,57.289,33.493,28.624,25.46,24.664,8.775,3.047
2022-10-30 12:30:00,505.555,336.124,288.205,681.536,169.684,168.779,140.504,129.081,57.289,33.492,28.623,25.46,24.663,8.772,3.045
2022-10-30 13:00:00,505.555,336.123,288.203,681.536,169.619,168.778,140.503,129.065,57.289,33.492,28.622,25.46,24.662,8.77,3.043
2022-10-30 13:30:00,505.555,336.123,288.201,681.536,169.622,168.778,140.503,129.091,57.289,33.492,28.621,25.46,24.661,8.767,3.041
2022-10-30 14:00:00,505.554,336.122,288.198,681.535,169.658,168.778,140.502,129.073,57.289,33.491,28.62,25.46,24.66,8.765,3.039
2022-10-30 14:30:00,505.554,336.121,288.196,681.535,169.757,168.778,140.502,129.069,57.289,33.491,28.618,25.46,24.659,8.763,3.037
2022-10-30 15:00:00,505.554,336.12,288.193,681.534,169.639,168.778,140.501,129.073,57.289,33.491,28.617,25.46,24.658,8.761,3.035
2022-10-30 15:30:00,505.553,336.12,288.19,681.534,169.665,168.778,140.5,129.062,57.289,33.49,28.617,25.46,24.657,8.759,3.033
2022-10-30 16:00:00,505.553,336.119,288.187,681.534,169.734,168.777,140.5,129.056,57.289,33.49,28.616,25.46,24.656,8.757,3.031
2022-10-30 16:30:00,505.553,336.118,288.184,681.533,169.659,168.777,140.499,129.067,57.289,33.49,28.615,25.46,24.654,8.754,3.029
2022-10-30 17:00:00,505.552,336.118,288.182,681.533,169.652,168.777,140.499,129.065,57.289,33.489,28.614,25.46,24.653,8.752,3.028
2022-10-30 17:30:00,505.552,336.117,288.179,681.533,169.728,168.777,140.498,129.061,57.289,33.489,28.613,25.459,24.652,8.75,3.026
2022-10-30 18:00:00,505.552,336.116,288.176,681.532,169.672,168.777,140.497,129.051,57.289,33.488,28.611,25.459,24.651,8.748,3.024
2022-10-30 18:30:00,505.552,336.116,288.173,681.532,169.653,168.777,140.497,129.062,57.289,33.488,28.609,25.459,24.65,8.747,3.022
2022-10-30 19:00:00,505.551,336.115,288.171,681.532,169.726,168.776,140.496,129.048,57.289,33.488,28.61,25.459,24.649,8.745,3.02
2022-10-30 19:30:00,505.551,336.114,288.168,681.531,169.664,168.776,140.496,129.054,57.289,33.487,28.607,25.459,24.648,8.743,3.019
2022-10-30 20:00:00,505.551,336.113,288.166,681.531,169.654,168.776,140.495,129.06,57.289,33.487,28.606,25.459,24.647,8.741,3.017
2022-10-30 20:30:00,505.551,336.113,288.163,681.531,169.678,168.776,140.495,129.043,57.289,33.486,28.607,25.459,24.645,8.739,3.015
2022-10-30 21:00:00,505.55,336.112,288.16,681.53,169.607,168.776,140.494,129.05,57.289,33.486,28.605,25.459,24.644,8.737,3.014
2022-10-30 21:30:00,505.55,336.111,288.158,681.53,169.649,168.776,140.493,129.053,57.289,33.486,28.603,25.459,24.643,8.735,3.012
2022-10-30 22:00:00,505.55,336.11,288.155,681.53,169.667,168.776,140.493,129.048,57.289,33.485,28.604,25.459,24.642,8.733,3.01
2022-10-30 22:30:00,505.549,336.11,288.153,681.529,169.608,168.776,140.492,129.041,57.289,33.485,28.601,25.459,24.641,8.732,3.009
2022-10-30 23:00:00,505.549,336.109,288.15,681.529,169.628,168.775,140.492,128.982,57.289,33.484,28.601,25.459,24.64,8.73,3.007
2022-10-30 23:30:00,505.549,336.108,288.148,681.529,169.695,168.775,140.491,129.014,57.289,33.484,28.602,25.459,24.639,8.728,3.005
2022-10-31 00:00:00,505.549,336.107,288.145,681.529,169.654,168.775,140.491,129.021,57.289,33.483,28.6,25.459,24.638,8.726,3.004
2022-10-31 00:30:00,505.548,336.107,288.143,681.528,169.629,168.775,140.49,129.018,57.289,33.483,28.599,25.459,24.637,8.724,3.002
2022-10-31 01:00:00,505.548,336.106,288.141,681.528,169.667,168.775,140.49,129.025,57.289,33.483,28.6,25.459,24.636,8.723,3.001
2022-10-31 01:30:00,505.548,336.105,288.138,681.528,169.682,168.775,140.489,129.025,57.289,33.482,28.598,25.459,24.635,8.721,2.999
2022-10-31 02:00:00,505.548,336.104,288.136,681.527,169.695,168.775,140.489,129.037,57.289,33.482,28.597,25.459,24.634,8.719,2.998
2022-10-31 02:30:00,505.547,336.104,288.134,681.527,169.637,168.775,140.488,129.035,57.289,33.482,28.596,25.459,24.634,8.718,2.996
2022-10-31 03:00:00,505.547,336.103,288.132,681.527,169.604,168.774,140.488,129.043,57.289,33.481,28.596,25.459,24.633,8.716,2.995
2022-10-31 03:30:00,505.547,336.102,288.13,681.527,169.627,168.774,140.487,129.04,57.289,33.481,28.596,25.459,24.632,8.714,2.993
2022-10-31 04:00:00,505.547,336.101,288.128,681.526,169.623,168.774,140.487,129.032,57.289,33.48,28.595,25.459,24.631,8.713,2.992
2022-10-31 04:30:00,505.546,336.101,288.126,681.526,169.644,168.774,140.486,129.035,57.289,33.48,28.594,25.459,24.63,8.711,2.99
2022-10-31 05:00:00,505.546,336.1,288.124,681.526,169.645,168.774,140.486,129.031,57.289,33.48,28.594,25.459,24.629,8.71,2.989
2022-10-31 05:30:00,505.546,336.099,288.122,681.525,169.672,168.774,140.485,129.032,57.289,33.479,28.593,25.459,24.629,8.708,2.987
2022-10-31 06:00:00,505.546,336.099,288.12,681.525,169.681,168.774,140.485,129.035,57.289,33.479,28.593,25.459,24.628,8.707,2.986
2022-10-31 06:30:00,505.546,336.098,288.118,681.525,169.629,168.774,140.484,129.035,57.289,33.479,28.592,25.459,24.627,8.705,2.985
2022-10-31 07:00:00,505.545,336.097,288.116,681.525,169.62,168.773,140.484,129.026,57.289,33.478,28.59,25.459,24.626,8.704,2.984
2022-10-31 07:30:00,505.545,336.096,287.063,681.524,169.617,168.773,140.484,129.016,57.289,33.478,28.589,25.459,24.625,8.702,2.982
2022-10-31 08:00:00,505.545,336.096,287.063,681.524,169.617,168.773,140.483,129.04,57.289,33.477,28.588,25.459,24.625,8.701,2.981
2022-10-31 08:30:00,505.545,336.095,287.063,681.524,169.616,168.773,140.483,129.028,57.289,33.477,28.586,25.459,24.624,8.7,2.98
2022-10-31 09:00:00,505.545,336.094,287.063,681.524,169.612,168.773,140.482,129.017,57.289,33.477,28.584,25.459,24.623,8.698,2.979
2022-10-31 09:30:00,505.544,336.094,287.063,681.523,169.611,168.773,140.482,129.04,57.289,33.476,28.583,25.459,24.622,8.697,2.978
2022-10-31 10:00:00,505.544,336.093,287.063,681.523,169.609,168.773,140.481,129.011,57.289,33.476,28.582,25.459,24.621,8.696,2.977
2022-10-31 10:30:00,505.544,336.092,287.063,681.523,169.606,168.773,140.481,129.037,57.289,33.476,28.581,25.459,24.62,8.694,2.976
2022-10-31 11:00:00,505.544,336.092,287.063,681.523,169.664,168.772,140.48,129.024,57.289,33.476,28.58,25.459,24.62,8.693,2.975
2022-10-31 11:30:00,505.544,336.091,287.063,681.522,169.652,168.772,140.48,129.032,57.289,33.475,28.58,25.459,24.619,8.691,2.974
2022-10-31 12:00:00,505.543,336.09,287.063,681.522,169.626,168.772,140.48,129.0,57.289,33.475,28.579,25.459,24.618,8.689,2.973
2022-10-31 12:30:00,505.543,336.09,287.063,681.522,169.606,168.772,140.479,129.037,57.289,33.475,28.579,25.459,24.617,8.688,2.971
2022-10-31 13:00:00,505.543,336.089,287.063,681.522,169.593,168.772,140.479,129.008,57.289,33.474,28.578,25.459,24.616,8.686,2.97
2022-10-31 13:30:00,505.543,336.088,287.063,681.521,169.593,168.772,140.478,129.009,57.289,33.474,28.577,25.459,24.616,8.685,2.969
2022-10-31 14:00:00,505.543,336.088,287.063,681.521,169.651,168.772,140.478,129.032,57.289,33.474,28.576,25.459,24.615,8.683,2.967
2022-10-31 14:30:00,505.542,336.087,287.063,681.521,169.616,168.772,140.478,129.018,57.289,33.473,28.576,25.459,24.614,8.682,2.966
2022-10-31 15:00:00,505.542,336.086,287.063,681.521,169.611,168.772,140.477,129.034,57.289,33.473,28.575,25.459,24.613,8.68,2.965
2022-10-31 15:30:00,505.542,336.086,287.063,681.52,169.59,168.772,140.196,129.03,57.289,33.473,28.575,25.459,24.612,8.679,2.964
2022-10-31 16:00:00,505.542,336.085,287.063,681.52,169.608,168.771,140.195,129.023,57.289,33.473,28.573,25.459,24.611,8.678,2.963
2022-10-31 16:30:00,505.542,336.085,287.063,681.52,169.63,168.771,140.195,129.035,57.289,33.472,28.573,25.459,24.61,8.677,2.961
2022-10-31 17:00:00,505.542,336.084,287.063,681.52,169.611,168.771,140.195,129.017,57.289,33.472,28.572,25.459,24.61,8.676,2.96
2022-10-31 17:30:00,505.541,336.083,287.063,681.519,169.604,168.771,140.194,129.028,57.289,33.472,28.572,25.459,24.609,8.674,2.959
2022-10-31 18:00:00,505.541,336.083,287.063,681.519,169.588,168.771,140.194,129.01,57.289,33.471,28.571,25.459,24.608,8.673,2.958
2022-10-31 18:30:00,505.541,336.082,287.063,681.519,169.642,168.771,140.193,129.029,57.289,33.471,28.571,25.459,24.607,8.672,2.957
2022-10-31 19:00:00,505.541,336.081,287.063,681.519,169.621,168.771,140.193,129.025,57.289,33.471,28.57,25.459,24.606,8.671,2.956
2022-10-31 19:30:00,505.541,336.081,287.063,681.518,169.598,168.771,140.193,129.027,57.289,33.471,28.569,25.459,24.605,8.669,2.955
2022-10-31 20:00:00,505.541,336.08,287.063,681.518,169.599,168.771,140.192,129.02,57.289,33.47,28.568,25.459,24.605,8.668,2.954
2022-10-31 20:30:00,505.54,336.08,287.063,681.518,169.584,168.771,140.192,129.027,57.289,33.47,28.568,25.459,24.604,8.667,2.953
2022-10-31 21:00:00,505.54,336.079,287.063,681.518,169.569,168.77,140.191,129.015,57.289,33.47,28.567,25.459,24.603,8.666,2.952
2022-10-31 21:30:00,505.54,336.079,287.063,681.518,169.636,168.77,140.191,129.028,57.289,33.469,28.567,25.459,24.602,8.664,2.95
2022-10-31 22:00:00,505.54,336.078,287.063,681.517,169.615,168.77,140.19,129.025,57.289,33.469,28.566,25.459,24.601,8.663,2.949
2022-10-31 22:30:00,505.54,336.077,287.063,681.517,169.614,168.77,140.19,129.024,57.289,33.469,28.566,25.459,24.601,8.662,2.948
2022-10-31 23:00:00,505.54,336.077,287.063,681.517,169.589,168.77,140.19,129.024,57.289,33.469,28.566,25.459,24.6,8.661,2.947
2022-10-31 23:30:00,505.539,336.076,287.063,681.517,169.573,168.77,140.189,129.024,57.289,33.468,28.566,25.459,24.599,8.66,2.946
2022-11-01 00:00:00,505.539,336.076,287.063,681.517,169.625,168.77,140.189,129.021,57.289,33.468,28.565,25.459,24.599,8.658,2.945
2022-11-01 00:30:00,505.539,336.075,287.063,681.516,169.589,168.77,140.188,129.022,57.289,33.468,28.565,25.459,24.598,8.657,2.944
2022-11-01 01:00:00,505.539,336.075,287.063,681.516,169.581,168.77,140.188,129.021,57.289,33.468,28.565,25.459,24.597,8.656,2.943
2022-11-01 01:30:00,505.539,336.074,287.063,681.516,169.582,168.77,140.188,129.022,57.289,33.468,28.564,25.459,24.597,8.655,2.942
2022-11-01 02:00:00,505.539,336.074,287.063,681.516,169.599,168.77,140.187,129.022,57.289,33.467,28.563,25.459,24.596,8.654,2.941
2022-11-01 02:30:00,505.539,336.073,287.063,681.515,169.596,168.769,140.187,129.021,57.289,33.467,28.563,25.459,24.595,8.653,2.94
2022-11-01 03:00:00,505.538,336.073,287.063,681.515,169.595,168.769,140.186,129.023,57.289,33.467,28.562,25.459,24.595,8.652,2.939
2022-11-01 03:30:00,505.538,336.072,287.063,681.515,169.594,168.769,140.186,129.022,57.289,33.467,28.562,25.459,24.594,8.651,2.938
2022-11-01 04:00:00,505.538,336.072,287.063,681.515,169.592,168.769,140.186,129.019,57.289,33.467,28.561,25.459,24.593,8.65,2.937
2022-11-01 04:30:00,505.538,336.071,287.063,681.515,169.591,168.769,140.185,129.018,57.289,33.466,28.561,25.459,24.593,8.649,2.936
2022-11-01 05:00:00,505.538,336.071,287.063,681.514,169.59,168.769,140.185,129.019,57.289,33.466,28.56,25.459,24.592,8.648,2.935
2022-11-01 05:30:00,505.538,336.07,287.063,681.514,169.589,168.769,140.185,129.021,57.289,33.466,28.559,25.459,24.591,8.647,2.935
2022-11-01 06:00:00,505.538,336.07,287.063,681.514,169.588,168.769,140.184,129.015,57.289,33.466,28.559,25.459,24.591,8.646,2.934
2022-11-01 06:30:00,505.537,336.069,287.063,681.514,169.587,168.769,140.184,129.018,57.289,33.466,28.558,25.459,24.59,8.645,2.933
2022-11-01 07:00:00,505.537,336.069,287.063,681.514,169.587,168.769,140.183,129.019,57.289,33.466,28.558,25.459,24.589,8.644,2.932
2022-11-01 07:30:00,505.537,336.068,287.063,681.513,169.583,168.769,140.183,129.006,57.289,33.465,28.557,25.459,24.589,8.643,2.931
2022-11-01 08:00:00,505.537,336.068,287.063,681.513,169.583,168.769,140.183,129.019,57.289,33.465,28.556,25.459,24.588,8.642,2.93
2022-11-01 08:30:00,505.537,336.067,287.063,681.513,169.582,168.769,140.182,129.006,57.289,33.465,28.555,25.459,24.587,8.641,2.93
2022-11-01 09:00:00,505.537,336.067,287.063,681.513,169.581,168.768,140.182,129.019,57.289,33.465,28.555,25.459,24.587,8.64,2.929
2022-11-01 09:30:00,505.537,336.066,287.063,681.513,169.58,168.768,140.182,129.006,57.289,33.465,28.554,25.459,24.586,8.64,2.928
2022-11-01 10:00:00,505.536,336.066,287.063,681.512,169.579,168.768,140.181,129.018,57.289,33.465,28.554,25.459,24.586,8.639,2.927
2022-11-01 10:30:00,505.536,336.065,287.063,681.512,169.578,168.768,140.181,129.005,57.289,33.464,28.553,25.459,24.585,8.638,2.926
2022-11-01 11:00:00,505.536,336.065,287.063,681.512,169.577,168.768,140.181,129.018,57.289,33.464,28.553,25.459,24.584,8.637,2.925
2022-11-01 11:30:00,505.536,336.064,287.063,681.512,169.576,168.768,140.18,129.005,57.289,33.464,28.552,25.459,24.584,8.636,2.924
2022-11-01 12:00:00,505.536,336.064,287.063,681.512,169.575,168.768,140.18,129.017,57.289,33.464,28.552,25.459,24.583,8.635,2.924
2022-11-01 12:30:00,505.536,336.064,287.063,681.511,169.574,168.768,140.18,129.005,57.289,33.464,28.552,25.459,24.582,8.634,2.923
2022-11-01 13:00:00,505.536,336.063,287.063,681.511,169.573,168.768,140.179,129.017,57.289,33.463,28.551,25.459,24.582,8.633,2.922
2022-11-01 13:30:00,505.536,336.063,287.063,681.511,169.572,168.768,140.179,129.005,57.289,33.463,28.551,25.459,24.581,8.632,2.921
2022-11-01 14:00:00,505.535,336.062,287.063,681.511,169.571,168.768,140.179,129.016,57.289,33.463,28.551,25.459,24.581,8.632,2.92
2022-11-01 14:30:00,505.714,336.364,288.797,681.852,169.721,169.0,139.769,129.099,57.289,33.67,28.625,25.716,24.72,8.696,2.977
2022-11-01 15:00:00,505.799,336.636,289.378,682.4,169.806,169.101,140.103,129.78,57.289,33.702,28.747,25.867,24.811,8.813,3.065
2022-11-01 15:30:00,506.166,336.85,291.182,682.47,170.056,169.233,140.864,130.804,57.36,33.772,28.96,25.947,24.841,9.005,3.195
2022-11-01 16:00:00,506.433,337.506,293.037,682.518,169.77,169.35,141.246,131.049,57.836,33.897,29.197,25.971,24.908,9.242,3.323
2022-11-01 16:30:00,506.738,337.877,293.621,682.556,169.627,169.398,141.382,131.518,58.857,34.09,29.491,25.883,24.922,9.454,3.461
2022-11-01 17:00:00,507.003,337.664,293.981,682.527,169.975,169.473,141.451,131.372,60.475,34.398,30.65,25.885,25.002,9.669,3.687
2022-11-01 17:30:00,506.975,337.857,293.081,682.562,170.168,169.527,141.54,129.46,59.487,34.014,32.478,26.164,25.184,10.516,3.917
2022-11-01 18:00:00,506.945,338.959,293.286,682.592,169.562,169.537,141.584,130.521,63.034,34.045,32.656,26.533,25.449,12.532,4.22
2022-11-01 18:30:00,506.913,337.921,293.286,682.569,169.48,169.516,141.565,129.347,60.565,34.096,33.859,26.671,25.685,12.953,4.998
2022-11-01 19:00:00,506.865,337.965,292.967,682.526,189.452,169.471,141.522,129.316,64.696,34.179,33.047,26.746,25.781,13.594,5.626
2022-11-01 19:30:00,506.822,337.598,292.829,682.461,169.277,169.417,141.464,130.571,62.827,34.226,33.88,26.819,25.85,13.705,6.059
2022-11-01 20:00:00,506.77,337.128,292.841,682.428,170.487,169.377,141.388,142.837,62.224,34.229,34.079,26.878,25.9,14.094,6.275
2022-11-01 20:30:00,506.723,337.772,292.658,682.404,172.473,169.341,141.317,129.135,63.54,34.201,33.294,26.895,25.92,14.492,6.426
2022-11-01 21:00:00,506.683,337.424,292.271,682.378,175.075,169.305,141.244,129.042,61.744,34.155,33.5,26.877,25.916,14.188,6.559
2022-11-01 21:30:00,506.649,337.116,292.221,682.347,169.982,169.277,141.173,133.901,60.019,34.11,33.859,26.837,25.897,14.064,6.595
2022-11-01 22:00:00,506.616,337.263,291.916,682.314,169.433,169.25,141.108,129.738,59.588,34.066,33.311,26.784,25.866,14.288,6.586
2022-11-01 22:30:00,506.584,337.316,291.784,681.844,170.032,169.228,141.053,128.917,61.65,34.022,33.198,26.736,25.829,14.132,6.605
2022-11-01 23:00:00,506.551,337.403,291.598,681.827,169.672,169.209,141.002,130.628,65.081,33.989,33.594,26.693,25.79,13.999,6.6
2022-11-01 23:30:00,506.504,337.26,291.44,681.815,172.123,169.192,140.954,136.543,58.454,33.953,33.229,26.655,25.75,13.918,6.574
2022-11-02 00:00:00,506.471,337.205,291.294,681.805,183.131,169.178,140.91,132.893,58.773,34.494,32.22,26.614,25.712,13.754,6.537
2022-11-02 00:30:00,506.441,337.174,291.153,681.797,170.099,169.154,140.871,129.06,58.632,34.462,31.35,26.575,25.678,13.082,6.493
2022-11-02 01:00:00,506.411,337.151,291.053,681.789,170.783,169.126,140.838,128.902,57.289,34.434,31.93,26.539,25.64,12.304,6.388
2022-11-02 01:30:00,506.386,337.131,290.892,681.782,178.645,169.096,140.808,136.914,58.007,34.408,31.341,26.507,25.606,12.624,6.22
2022-11-02 02:00:00,506.364,337.093,290.795,681.774,169.754,169.077,140.78,129.133,57.676,34.384,31.965,26.477,25.576,12.298,6.128
2022-11-02 02:30:00,506.343,337.056,290.716,681.768,169.849,169.059,140.759,129.113,57.579,34.359,31.582,26.449,25.548,12.597,6.085
2022-11-02 03:00:00,506.323,337.019,290.635,681.762,169.722,169.043,140.736,128.741,57.689,34.337,30.453,26.423,25.522,12.165,6.069
2022-11-02 03:30:00,506.304,336.987,290.552,681.756,169.495,169.03,140.714,128.952,57.516,34.317,31.631,26.398,25.5,11.434,6.019
2022-11-02 04:00:00,506.286,336.958,290.45,681.74,169.63,169.017,140.397,129.4,57.869,34.297,31.472,26.377,25.477,12.027,5.889
2022-11-02 04:30:00,506.269,336.928,290.365,681.734,176.053,169.006,140.372,129.16,60.111,34.276,31.229,26.356,25.455,11.873,5.84
2022-11-02 05:00:00,506.254,336.909,290.289,681.73,170.99,168.995,140.348,130.245,57.289,34.257,30.337,26.336,25.434,11.594,5.81
2022-11-02 05:30:00,506.239,336.885,290.19,681.725,169.435,168.985,140.325,129.214,57.289,34.236,30.519,26.316,25.415,11.248,5.732
2022-11-02 06:00:00,506.225,336.863,290.117,681.72,173.135,168.975,140.304,128.881,58.113,34.214,31.011,26.292,25.398,11.247,5.633
2022-11-02 06:30:00,506.212,336.841,290.043,681.716,169.618,168.965,140.283,129.069,59.708,34.192,30.167,26.268,25.379,11.226,5.545
2022-11-02 07:00:00,506.198,336.821,289.995,681.712,169.546,168.956,140.263,128.92,57.863,34.167,30.215,26.244,25.359,10.957,5.458
2022-11-02 07:30:00,506.186,336.801,289.931,681.709,175.055,168.949,140.243,128.914,57.289,34.143,30.464,26.222,25.342,10.943,5.38
2022-11-02 08:00:00,506.173,336.778,289.873,681.707,169.49,168.944,140.224,129.141,58.697,34.122,30.561,26.201,25.325,10.909,5.305
2022-11-02 08:30:00,506.16,336.757,289.794,681.705,169.511,168.94,140.206,129.312,57.883,34.102,30.037,26.181,25.31,10.955,5.235
2022-11-02 09:00:00,506.149,336.736,289.729,681.704,172.251,168.936,140.189,128.818,57.289,34.083,30.338,26.16,25.294,10.634,5.189
2022-11-02 09:30:00,505.966,336.718,289.669,681.702,169.444,168.932,140.172,129.341,57.289,34.064,30.077,26.138,25.281,10.692,5.117
2022-11-02 10:00:00,505.956,336.701,289.622,681.7,172.088,168.927,140.155,129.247,57.89,34.045,29.613,26.117,25.268,10.672,5.046
2022-11-02 10:30:00,505.948,336.684,289.592,681.699,169.418,168.922,140.139,129.783,57.289,34.034,29.993,26.096,25.256,10.335,5.0
2022-11-02 11:00:00,505.939,336.666,289.561,681.697,170.339,168.917,140.123,128.676,58.181,34.016,29.966,26.077,25.244,10.312,4.907
2022-11-02 11:30:00,505.932,336.648,289.527,681.696,169.471,168.913,140.108,129.673,58.088,33.999,29.831,26.059,25.234,10.381,4.81
2022-11-02 12:00:00,505.924,336.631,289.493,681.695,169.744,168.908,140.094,128.933,57.289,33.983,29.983,26.04,25.224,10.29,4.755
2022-11-02 12:30:00,505.917,336.615,289.46,681.693,169.522,168.904,140.081,129.745,57.289,33.969,29.716,26.02,25.214,10.339,4.702
2022-11-02 13:00:00,505.909,336.6,289.427,681.692,169.412,168.901,140.069,128.888,57.289,33.955,29.76,25.999,25.203,10.211,4.66
2022-11-02 13:30:00,505.902,336.585,289.398,681.691,170.209,168.898,140.057,129.04,57.307,33.941,29.665,25.978,25.191,10.162,4.616
2022-11-02 14:00:00,505.896,336.57,289.369,681.69,172.533,168.894,140.046,129.064,57.289,33.928,29.779,25.96,25.176,10.149,4.561
2022-11-02 14:30:00,505.89,336.559,289.344,681.691,169.525,168.893,140.036,129.097,57.678,33.915,29.641,25.944,25.164,10.136,4.515
2022-11-02 15:00:00,505.885,336.55,289.319,681.691,169.888,168.891,140.013,129.218,57.37,33.903,29.615,25.928,25.152,10.074,4.477
2022-11-02 15:30:00,505.878,336.539,289.296,681.69,171.707,168.889,140.003,129.271,57.289,33.892,29.655,25.912,25.151,10.038,4.441
2022-11-02 16:00:00,505.873,336.528,289.275,681.688,169.55,168.886,139.993,129.464,57.346,33.882,29.698,25.897,25.141,9.942,4.398
2022-11-02 16:30:00,505.868,336.517,289.255,681.687,172.23,168.883,139.984,129.382,57.289,33.874,29.509,25.882,25.131,9.951,4.35
2022-11-02 17:00:00,505.863,336.506,289.232,681.686,170.227,168.881,139.974,129.81,57.468,33.865,29.589,25.868,25.122,9.969,4.309
2022-11-02 17:30:00,505.858,336.496,289.21,681.685,172.196,168.878,139.965,129.177,57.729,33.856,29.538,25.855,25.113,9.856,4.283
2022-11-02 18:00:00,505.853,336.485,289.188,681.684,170.43,168.876,139.957,129.172,57.289,33.847,29.343,25.841,25.105,9.853,4.247
2022-11-02 18:30:00,505.849,336.474,289.167,681.683,172.036,168.873,139.949,129.253,57.289,33.84,29.649,25.828,25.097,9.799,4.21
2022-11-02 19:00:00,505.846,336.467,289.147,681.682,169.491,168.871,139.941,129.234,57.289,33.832,29.371,25.815,25.089,9.732,4.175
2022-11-02 19:30:00,505.842,336.46,289.126,681.681,169.554,168.869,139.933,129.315,57.289,33.825,29.304,25.799,25.081,9.818,4.132
2022-11-02 20:00:00,505.838,336.454,289.105,681.68,169.53,168.867,139.926,129.182,57.289,33.817,29.282,25.781,25.074,9.7,4.11
2022-11-02 20:30:00,505.834,336.447,289.085,681.679,169.762,168.865,139.918,129.341,57.446,33.81,29.55,25.763,25.065,9.626,4.082
2022-11-02 21:00:00,505.831,336.441,289.064,681.678,171.055,168.862,139.911,129.229,57.289,33.804,29.28,25.745,25.058,9.625,4.034
2022-11-02 21:30:00,505.827,336.434,289.044,681.677,170.586,168.86,139.904,129.92,57.289,33.798,29.269,25.726,25.051,9.7,3.995
2022-11-02 22:00:00,505.824,336.428,289.024,681.676,169.496,168.858,139.897,128.816,57.306,33.792,29.293,25.706,25.044,9.608,3.982
2022-11-02 22:30:00,505.82,336.422,289.004,681.676,170.959,168.856,139.89,129.308,57.458,33.788,29.365,25.686,25.038,9.568,3.961
2022-11-02 23:00:00,505.817,336.415,288.986,681.675,170.429,168.854,139.883,129.109,57.289,33.783,29.235,25.666,25.031,9.567,3.926
2022-11-02 23:30:00,505.813,336.409,288.969,681.674,169.753,168.852,139.877,129.34,57.289,33.779,29.213,25.647,25.024,9.571,3.9
2022-11-03 00:00:00,505.81,336.403,288.952,681.673,169.553,168.85,139.871,129.446,57.319,33.773,29.212,25.627,25.018,9.531,3.881
2022-11-03 00:30:00,505.807,336.397,288.936,681.673,169.668,168.848,139.864,129.204,57.289,33.768,29.217,25.607,25.011,9.494,3.859
2022-11-03 01:00:00,505.803,336.392,288.92,681.672,170.918,168.847,139.858,130.052,57.289,33.762,29.206,25.588,25.004,9.47,3.83
2022-11-03 01:30:00,505.8,336.386,288.904,681.671,169.62,168.845,139.852,129.522,57.356,33.757,29.229,25.571,24.997,9.471,3.799
2022-11-03 02:00:00,505.797,336.381,288.889,681.671,169.54,168.843,139.846,128.829,57.289,33.751,29.19,25.557,24.99,9.465,3.777
2022-11-03 02:30:00,505.794,336.376,288.874,681.67,169.946,168.842,139.84,129.063,57.289,33.746,29.118,25.546,24.983,9.458,3.762
2022-11-03 03:00:00,505.791,336.371,288.859,681.593,169.665,168.84,139.835,129.019,57.289,33.742,29.183,25.536,24.976,9.44,3.748
2022-11-03 03:30:00,505.788,336.366,288.844,681.592,169.583,168.839,139.83,129.427,57.289,33.737,29.153,25.529,24.969,9.404,3.734
2022-11-03 04:00:00,505.785,336.361,288.829,681.591,169.577,168.837,139.824,129.345,57.289,33.732,29.141,25.522,24.962,9.397,3.712
2022-11-03 04:30:00,505.782,336.357,288.814,681.591,169.623,168.836,139.819,128.721,57.289,33.728,29.091,25.516,24.955,9.393,3.691
2022-11-03 05:00:00,505.779,336.352,288.8,681.59,169.943,168.835,139.814,129.5,57.289,33.723,29.123,25.511,24.949,9.382,3.676
2022-11-03 05:30:00,505.776,336.347,288.785,681.589,169.666,168.833,139.81,129.066,57.289,33.718,29.084,25.507,24.943,9.354,3.664
2022-11-03 06:00:00,505.772,336.342,288.771,681.589,169.64,168.832,139.805,129.217,57.289,33.713,29.105,25.503,24.937,9.346,3.646
2022-11-03 06:30:00,505.769,336.338,288.758,681.588,169.48,168.831,139.8,129.27,57.289,33.708,29.079,25.5,24.931,9.333,3.628
2022-11-03 07:00:00,505.766,336.334,288.745,681.587,170.014,168.83,139.796,129.447,57.289,33.703,29.03,25.497,24.925,9.327,3.613
2022-11-03 07:30:00,505.763,336.331,288.733,681.587,169.954,168.829,139.791,128.986,57.393,33.698,29.058,25.494,24.919,9.32,3.599
2022-11-03 08:00:00,505.76,336.327,288.721,681.586,169.653,168.828,139.787,129.171,57.322,33.694,29.018,25.492,24.913,9.293,3.588
2022-11-03 08:30:00,505.757,336.324,288.709,681.585,169.557,168.826,139.782,128.944,57.289,33.689,29.029,25.49,24.908,9.283,3.571
2022-11-03 09:00:00,505.754,336.321,288.697,681.585,169.566,168.825,139.778,129.421,57.425,33.647,29.008,25.488,24.903,9.273,3.553
2022-11-03 09:30:00,505.751,336.317,288.685,681.584,170.149,168.824,139.774,128.93,57.289,33.643,28.991,25.486,24.898,9.262,3.538
2022-11-03 10:00:00,505.748,336.314,288.673,681.583,169.558,168.823,139.77,129.356,57.289,33.639,29.008,25.485,24.893,9.254,3.523
2022-11-03 10:30:00,505.745,336.311,288.66,681.583,170.405,168.823,139.766,129.059,57.289,33.635,29.002,25.483,24.888,9.241,3.511
2022-11-03 11:00:00,505.743,336.307,288.648,681.582,169.67,168.822,139.762,128.471,57.289,33.631,28.979,25.482,24.883,9.236,3.5
2022-11-03 11:30:00,505.74,336.304,288.636,681.582,169.669,168.821,139.759,129.119,57.289,33.627,28.951,25.481,24.879,9.233,3.49
2022-11-03 12:00:00,505.737,336.301,288.625,681.581,169.907,168.82,139.755,128.822,57.289,33.624,28.972,25.48,24.875,9.226,3.482
2022-11-03 12:30:00,505.735,336.298,288.614,681.581,169.81,168.819,140.667,128.763,57.289,33.62,28.945,25.479,24.87,9.208,3.475
2022-11-03 13:00:00,505.733,336.295,288.603,681.58,169.815,168.818,140.663,128.465,57.289,33.616,28.931,25.478,24.866,9.201,3.465
2022-11-03 13:30:00,505.73,336.292,288.592,681.58,169.651,168.817,140.659,128.637,57.289,33.613,28.956,25.477,24.862,9.195,3.453
2022-11-03 14:00:00,505.728,336.289,288.582,681.579,169.908,168.817,140.656,128.536,57.289,33.61,28.934,25.476,24.857,9.183,3.444
2022-11-03 14:30:00,505.726,336.286,288.572,681.579,169.578,168.816,140.652,129.444,57.289,33.607,28.936,25.475,24.853,9.18,3.435
2022-11-03 15:00:00,505.723,336.284,288.563,681.578,170.06,168.815,140.649,128.764,57.289,33.604,28.9,25.475,24.849,9.176,3.427
2022-11-03 15:30:00,505.721,336.281,288.554,681.578,170.462,168.814,140.646,129.288,57.289,33.602,28.897,25.474,24.845,9.172,3.421
2022-11-03 16:00:00,505.719,336.278,288.545,681.577,169.918,168.814,140.642,128.642,57.289,33.599,28.897,25.474,24.841,9.161,3.415
2022-11-03 16:30:00,505.717,336.276,288.537,681.576,169.613,168.813,140.639,128.495,57.289,33.596,28.889,25.473,24.837,9.15,3.408
2022-11-03 17:00:00,505.715,336.273,288.53,681.576,169.714,168.812,140.636,128.862,57.289,33.594,28.869,25.472,24.833,9.143,3.399
2022-11-03 17:30:00,505.713,336.27,288.522,681.575,170.366,168.812,140.633,128.696,57.289,33.591,28.869,25.472,24.83,9.139,3.39
2022-11-03 18:00:00,505.711,336.268,288.516,681.575,169.752,168.811,140.63,128.954,57.289,33.589,28.868,25.471,24.826,9.132,3.382
2022-11-03 18:30:00,505.709,336.265,288.509,681.574,169.713,168.81,140.627,129.339,57.289,33.586,28.876,25.471,24.822,9.125,3.375
2022-11-03 19:00:00,505.708,336.262,288.503,681.573,170.052,168.809,140.624,128.541,57.289,33.584,28.876,25.471,24.816,9.12,3.367
2022-11-03 19:30:00,505.706,336.259,288.497,681.573,169.691,168.809,140.621,128.851,57.289,33.581,28.842,25.47,24.811,9.118,3.359
2022-11-03 20:00:00,505.705,336.257,288.491,681.572,169.683,168.808,140.618,128.671,57.289,33.579,28.827,25.47,24.807,9.12,3.354
2022-11-03 20:30:00,505.703,336.254,288.486,681.572,169.649,168.807,140.615,128.524,57.289,33.577,28.837,25.469,24.802,9.115,3.35
2022-11-03 21:00:00,505.702,336.251,288.48,681.571,169.693,168.807,140.612,128.833,57.289,33.575,28.84,25.469,24.798,9.101,3.347
2022-11-03 21:30:00,505.701,336.249,288.475,681.571,169.809,168.806,140.61,129.214,57.289,33.573,28.829,25.469,24.794,9.09,3.342
2022-11-03 22:00:00,505.699,336.247,288.469,681.57,169.766,168.806,140.607,128.597,57.289,33.571,28.804,25.468,24.79,9.088,3.334
2022-11-03 22:30:00,505.698,336.244,288.464,681.57,169.558,168.805,140.604,129.173,57.289,33.569,28.803,25.468,24.787,9.086,3.327
2022-11-03 23:00:00,505.697,336.242,288.459,681.569,170.274,168.804,140.601,128.621,57.289,33.567,28.825,25.468,24.783,9.079,3.321
2022-11-03 23:30:00,505.695,336.239,288.454,681.569,169.668,168.804,140.599,129.307,57.289,33.565,28.826,25.468,24.779,9.067,3.316
2022-11-04 00:00:00,505.694,336.237,288.449,681.568,170.137,168.803,140.596,128.94,57.289,33.563,28.808,25.467,24.775,9.061,3.31
2022-11-04 00:30:00,505.693,336.235,288.444,681.568,169.78,168.803,140.594,128.813,57.289,33.561,28.801,25.467,24.772,9.064,3.303
2022-11-04 01:00:00,505.692,336.233,288.44,681.567,169.787,168.802,140.592,128.578,57.289,33.559,28.788,25.467,24.832,9.063,3.298
2022-11-04 01:30:00,505.691,336.23,288.435,681.567,170.109,168.802,140.59,129.296,57.289,33.557,28.783,25.467,24.829,9.056,3.295
2022-11-04 02:00:00,505.69,336.228,288.43,681.567,169.709,168.801,140.588,128.627,57.289,33.555,28.77,25.466,24.825,9.048,3.292
2022-11-04 02:30:00,505.689,336.226,288.426,681.566,170.416,168.801,140.586,128.824,57.289,33.554,28.766,25.466,24.822,9.039,3.288
2022-11-04 03:00:00,505.687,336.224,288.421,681.566,170.181,168.8,140.584,129.158,57.289,33.552,28.776,25.466,24.818,9.031,3.283
2022-11-04 03:30:00,505.686,336.221,288.417,681.565,170.025,168.8,140.582,128.608,57.289,33.55,28.777,25.466,24.815,9.022,3.277
2022-11-04 04:00:00,505.685,336.219,288.413,681.565,169.858,168.799,140.58,128.628,57.289,33.549,28.771,25.466,24.812,9.015,3.27
2022-11-04 04:30:00,505.684,336.217,288.409,681.565,169.674,168.799,140.579,129.278,57.289,33.547,28.781,25.465,24.808,9.013,3.264
2022-11-04 05:00:00,505.683,336.215,288.404,681.564,169.651,168.798,140.577,128.591,57.289,33.546,28.755,25.465,24.805,9.012,3.258
2022-11-04 05:30:00,505.682,336.213,288.4,681.564,170.099,168.798,140.575,129.229,57.289,33.544,28.746,25.465,24.802,9.01,3.254
2022-11-04 06:00:00,505.681,336.211,288.396,681.563,169.653,168.797,140.573,129.029,57.289,33.543,28.768,25.465,24.799,9.008,3.251
2022-11-04 06:30:00,505.68,336.209,288.392,681.563,169.764,168.797,140.572,129.246,57.289,33.542,28.754,25.465,24.796,9.0,3.249
2022-11-04 07:00:00,505.679,336.207,288.388,681.563,169.624,168.797,140.57,128.999,57.289,33.54,28.739,25.465,24.793,8.991,3.246
2022-11-04 07:30:00,505.678,336.205,288.384,681.562,169.766,168.796,140.569,129.096,57.289,33.539,28.734,25.464,24.79,8.99,3.241
2022-11-04 08:00:00,505.678,336.203,288.38,681.562,169.72,168.796,140.567,129.143,57.289,33.538,28.738,25.464,24.787,8.987,3.237
2022-11-04 08:30:00,505.677,336.201,288.376,681.561,169.746,168.795,140.566,128.956,57.289,33.536,28.744,25.464,24.784,8.979,3.233
2022-11-04 09:00:00,505.676,336.199,288.371,681.561,169.722,168.795,140.564,129.082,57.289,33.535,28.74,25.464,24.781,8.971,3.229
2022-11-04 09:30:00,505.675,336.197,288.368,681.561,169.886,168.795,140.563,128.973,57.289,33.534,28.734,25.464,24.779,8.967,3.224
2022-11-04 10:00:00,505.674,336.195,288.364,681.56,169.613,168.794,140.561,129.164,57.289,33.533,28.723,25.464,24.776,8.966,3.218
2022-11-04 10:30:00,505.673,336.193,288.36,681.56,169.693,168.794,140.56,129.181,57.289,33.531,28.72,25.464,24.773,8.964,3.214
2022-11-04 11:00:00,505.672,336.191,288.356,681.559,169.704,168.793,140.558,128.984,57.289,33.53,28.728,25.464,24.771,8.959,3.211
2022-11-04 11:30:00,505.675,336.197,288.363,681.567,169.746,168.8,140.562,129.121,57.289,33.534,28.725,25.472,24.771,8.954,3.211
2022-11-04 12:00:00,505.679,336.203,288.372,681.575,170.145,168.808,140.565,129.016,57.289,33.534,28.72,25.479,24.771,8.949,3.212
2022-11-04 12:30:00,505.751,336.37,288.857,681.809,170.136,168.961,139.788,129.114,57.289,33.669,28.772,25.653,24.774,8.99,3.249
2022-11-04 13:00:00,505.803,336.568,289.381,681.906,170.078,169.041,140.001,129.353,57.289,33.698,28.86,25.773,24.821,9.055,3.284
2022-11-04 13:30:00,505.833,336.807,290.055,681.893,169.819,169.019,140.192,129.918,57.36,33.698,28.921,25.754,24.819,9.11,3.307
2022-11-04 14:00:00,506.088,336.922,290.362,681.878,169.839,169.045,140.645,131.062,57.327,33.731,28.975,25.735,24.832,9.166,3.344
2022-11-04 14:30:00,506.179,337.082,291.051,681.891,169.801,169.124,140.761,130.297,57.576,33.781,29.072,25.742,24.855,9.222,3.401
2022-11-04 15:00:00,506.267,337.174,291.301,682.354,169.912,169.196,140.846,129.895,57.933,33.837,29.258,25.748,24.879,9.282,3.463
2022-11-04 15:30:00,506.336,337.26,291.27,682.333,169.866,169.188,140.875,129.427,58.443,33.903,29.54,25.696,24.888,9.34,3.506
2022-11-04 16:00:00,506.429,337.333,291.296,681.876,172.663,169.195,140.88,129.829,58.344,34.006,30.34,25.656,24.913,9.452,3.573
2022-11-04 16:30:00,506.499,337.344,291.327,681.863,171.06,169.206,140.882,129.434,57.771,34.068,30.513,25.638,24.954,9.916,3.655
2022-11-04 17:00:00,506.538,337.328,291.289,681.852,170.077,169.218,140.902,129.426,60.471,34.122,31.199,25.723,25.017,10.571,3.834
2022-11-04 17:30:00,506.554,337.309,291.189,681.841,170.376,169.219,140.93,129.835,58.356,34.174,31.244,25.893,25.101,11.168,4.169
2022-11-04 18:00:00,506.552,337.301,291.129,681.838,170.137,169.215,140.946,131.058,61.22,34.212,31.144,26.042,25.186,11.331,4.561
2022-11-04 18:30:00,506.54,337.299,291.041,681.842,169.7,169.209,140.947,131.454,60.831,34.234,31.73,26.139,25.252,11.296,4.843
2022-11-04 19:00:00,506.507,337.286,291.007,681.839,169.795,169.201,140.937,132.601,59.828,34.251,31.909,26.197,25.286,11.755,5.039
2022-11-04 19:30:00,506.483,337.267,290.885,681.831,170.893,169.191,140.919,128.833,59.846,34.264,31.619,26.23,25.317,11.988,5.197
2022-11-04 20:00:00,506.46,337.236,290.838,681.823,170.188,169.182,140.897,129.143,58.819,34.284,31.29,26.252,25.339,11.785,5.391
2022-11-04 20:30:00,506.437,337.202,290.792,681.814,169.955,169.168,140.873,129.186,58.151,34.312,32.006,26.272,25.357,11.62,5.494
2022-11-04 21:00:00,506.412,337.168,290.875,681.805,169.686,169.146,140.848,130.395,58.125,34.332,31.785,26.292,25.375,12.035,5.525
2022-11-04 21:30:00,506.388,337.136,290.933,681.798,169.838,169.121,140.824,134.241,57.564,34.336,30.254,26.312,25.39,11.9,5.594
2022-11-04 22:00:00,506.367,337.101,290.897,681.79,169.566,169.095,140.802,128.777,58.634,34.331,31.213,26.329,25.405,11.197,5.639
2022-11-04 22:30:00,506.347,337.068,290.823,681.783,169.362,169.078,140.781,129.154,57.772,34.322,30.011,26.338,25.416,11.614,5.58
2022-11-04 23:00:00,506.328,337.034,290.748,681.775,169.707,169.062,140.758,128.683,61.464,34.311,31.534,26.338,25.419,10.921,5.555
2022-11-04 23:30:00,506.311,337.003,290.671,681.769,179.203,169.048,140.739,132.412,57.649,34.299,31.589,26.333,25.418,11.912,5.457
2022-11-05 00:00:00,506.294,336.976,290.578,681.764,174.723,169.036,140.72,129.089,57.636,34.285,30.699,26.325,25.414,12.029,5.478
2022-11-05 00:30:00,506.277,336.948,290.488,681.758,169.741,169.023,140.699,133.409,57.4,34.271,30.895,26.314,25.406,11.444,5.581
2022-11-05 01:00:00,506.262,336.928,290.397,681.752,169.44,169.012,140.381,128.932,57.695,34.257,30.878,26.305,25.4,11.429,5.588
2022-11-05 01:30:00,506.248,336.904,290.303,681.736,169.567,169.001,140.358,133.345,57.972,34.24,31.21,26.29,25.39,11.382,5.542
2022-11-05 02:00:00,506.234,336.881,290.192,681.73,169.613,168.992,140.336,129.074,59.496,34.22,30.811,26.273,25.378,11.388,5.497
2022-11-05 02:30:00,506.221,336.86,290.142,681.726,169.6,168.982,140.315,129.24,58.673,34.202,30.208,26.255,25.364,11.188,5.446
2022-11-05 03:00:00,506.208,336.839,290.077,681.721,174.679,168.972,140.295,130.036,57.734,34.18,30.499,26.236,25.35,10.993,5.392
2022-11-05 03:30:00,506.196,336.82,290.006,681.716,169.465,168.963,140.275,128.856,59.062,34.159,30.797,26.219,25.337,10.972,5.327
2022-11-05 04:00:00,506.183,336.8,289.962,681.713,169.565,168.954,140.256,128.969,57.321,34.138,30.068,26.202,25.324,11.104,5.256
2022-11-05 04:30:00,506.171,336.778,289.894,681.71,169.723,168.948,140.236,130.062,57.467,34.119,30.341,26.184,25.311,10.834,5.222
2022-11-05 05:00:00,506.159,336.758,289.841,681.708,171.738,168.943,140.218,128.87,57.509,34.1,30.175,26.167,25.296,10.882,5.179
2022-11-05 05:30:00,506.149,336.738,289.765,681.705,169.505,168.939,140.2,128.907,57.289,34.082,29.935,26.148,25.286,10.532,5.128
2022-11-05 06:00:00,505.966,336.72,289.693,681.704,169.708,168.935,140.184,129.223,58.729,34.064,30.296,26.128,25.273,10.572,5.043
2022-11-05 06:30:00,505.957,336.704,289.635,681.702,169.489,168.931,140.167,129.982,57.805,34.047,29.823,26.109,25.262,10.538,4.967
2022-11-05 07:00:00,505.949,336.687,289.592,681.7,169.496,168.926,140.151,129.171,57.289,34.036,30.393,26.09,25.251,10.51,4.901
2022-11-05 07:30:00,505.941,336.669,289.564,681.699,169.518,168.922,140.135,129.34,57.826,34.019,29.922,26.072,25.241,10.481,4.854
2022-11-05 08:00:00,505.933,336.652,289.535,681.697,169.485,168.917,140.12,129.256,57.853,34.003,29.716,26.055,25.231,10.424,4.799
2022-11-05 08:30:00,505.925,336.635,289.503,681.696,170.503,168.912,140.105,129.397,57.792,33.987,29.787,26.038,25.222,10.318,4.766
2022-11-05 09:00:00,505.918,336.62,289.471,681.695,169.474,168.908,140.092,128.934,57.939,33.973,29.969,26.019,25.213,10.122,4.706
2022-11-05 09:30:00,505.911,336.604,289.44,681.694,172.398,168.904,140.079,128.985,57.289,33.96,29.927,25.999,25.202,10.204,4.621
2022-11-05 10:00:00,505.904,336.589,289.411,681.692,169.435,168.901,140.067,129.169,57.289,33.947,29.884,25.979,25.191,10.319,4.558
2022-11-05 10:30:00,505.897,336.575,289.382,681.691,169.738,168.898,140.056,129.139,57.63,33.933,29.586,25.962,25.177,10.161,4.541
2022-11-05 11:00:00,505.891,336.562,289.354,681.69,169.429,168.894,140.044,129.563,57.289,33.921,29.464,25.945,25.164,10.141,4.514
2022-11-05 11:30:00,505.885,336.551,289.327,681.689,169.432,168.891,140.034,129.908,57.289,33.908,29.869,25.929,25.153,9.974,4.476
2022-11-05 12:00:00,505.879,336.54,289.301,681.688,169.546,168.889,140.01,129.306,57.85,33.896,29.377,25.914,25.152,10.042,4.414
2022-11-05 12:30:00,505.873,336.529,289.276,681.687,169.415,168.886,139.999,129.367,57.289,33.886,29.591,25.899,25.143,10.008,4.36
2022-11-05 13:00:00,505.868,336.518,289.253,681.687,169.475,168.884,139.989,130.111,57.645,33.877,29.58,25.884,25.133,9.845,4.331
2022-11-05 13:30:00,505.875,336.528,289.254,681.708,169.625,168.903,139.991,129.22,57.289,33.875,29.581,25.882,25.128,9.844,4.289
2022-11-05 14:00:00,505.882,336.545,289.274,681.726,169.669,168.917,140.002,129.677,57.289,33.872,29.556,25.878,25.124,9.911,4.243
2022-11-05 14:30:00,505.878,336.544,289.296,681.718,170.388,168.907,140.004,129.178,57.69,33.865,29.52,25.863,25.116,9.86,4.209
2022-11-05 15:00:00,505.873,336.537,289.314,681.711,172.137,168.901,140.003,129.263,57.289,33.859,29.457,25.851,25.109,9.905,4.188
2022-11-05 15:30:00,505.868,336.528,289.315,681.704,169.71,168.897,139.999,129.31,57.289,33.854,29.475,25.839,25.102,9.826,4.171
2022-11-05 16:00:00,505.865,336.519,289.301,681.7,169.621,168.894,139.996,129.793,57.444,33.849,29.487,25.828,25.095,9.758,4.153
2022-11-05 16:30:00,505.862,336.511,289.282,681.696,169.625,168.892,139.993,129.411,57.289,33.844,29.308,25.817,25.089,9.802,4.121
2022-11-05 17:00:00,505.86,336.504,289.262,681.694,169.583,168.89,139.989,130.183,57.289,33.839,29.456,25.805,25.083,9.753,4.096
2022-11-05 17:30:00,505.858,336.497,289.245,681.691,169.669,168.889,139.986,129.389,57.466,33.834,29.383,25.792,25.077,9.673,4.077
2022-11-05 18:00:00,505.856,336.49,289.23,681.69,169.58,168.888,139.982,129.428,57.388,33.829,29.391,25.778,25.072,9.702,4.042
2022-11-05 18:30:00,505.855,336.483,289.215,681.688,170.536,168.887,139.978,130.46,57.289,33.824,29.465,25.765,25.065,9.675,4.014
2022-11-05 19:00:00,505.853,336.477,289.199,681.687,169.688,168.886,139.974,129.474,57.289,33.819,29.42,25.751,25.06,9.66,3.994
2022-11-05 19:30:00,505.851,336.472,289.182,681.686,169.958,168.885,139.969,129.348,57.289,33.814,29.424,25.737,25.055,9.69,3.973
2022-11-05 20:00:00,505.849,336.468,289.165,681.685,171.362,168.883,139.963,129.318,57.289,33.809,29.376,25.723,25.05,9.68,3.962
2022-11-05 20:30:00,505.847,336.464,289.149,681.685,170.15,168.881,139.958,129.233,57.289,33.804,29.432,25.708,25.045,9.668,3.955
2022-11-05 21:00:00,505.845,336.461,289.132,681.684,169.579,168.88,139.952,129.129,57.391,33.799,29.495,25.693,25.04,9.634,3.946
2022-11-05 21:30:00,505.843,336.457,289.115,681.683,170.082,168.878,139.947,129.412,57.289,33.794,29.343,25.677,25.035,9.651,3.932
2022-11-05 22:00:00,505.841,336.454,289.099,681.683,171.269,168.877,139.941,129.28,57.529,33.79,29.26,25.661,25.03,9.666,3.921
2022-11-05 22:30:00,505.838,336.451,289.085,681.682,171.33,168.875,139.935,129.207,57.338,33.787,29.436,25.645,25.025,9.6,3.919
2022-11-05 23:00:00,505.836,336.448,289.071,681.681,171.243,168.874,139.929,129.869,57.289,33.783,29.286,25.629,25.019,9.558,3.904
2022-11-05 23:30:00,505.834,336.444,289.057,681.681,170.855,168.873,139.923,129.325,57.289,33.78,29.332,25.613,25.014,9.594,3.877
2022-11-06 00:00:00,505.831,336.44,289.042,681.68,170.025,168.872,139.917,130.278,57.289,33.775,29.349,25.596,25.008,9.56,3.863
2022-11-06 00:30:00,505.829,336.437,289.027,681.68,171.499,168.87,139.912,129.554,57.289,33.771,29.176,25.581,25.003,9.557,3.849
2022-11-06 01:00:00,505.827,336.433,289.012,681.679,169.523,168.869,139.906,129.822,57.289,33.767,29.278,25.566,24.997,9.541,3.835
2022-11-06 01:30:00,505.824,336.429,288.998,681.679,169.71,168.868,139.901,129.362,57.289,33.763,29.292,25.554,24.992,9.476,3.821
2022-11-06 02:00:00,505.822,336.425,288.984,681.678,169.642,168.867,139.895,129.36,57.289,33.759,29.239,25.543,24.986,9.477,3.793
2022-11-06 02:30:00,505.82,336.421,288.97,681.678,169.599,168.865,139.89,129.161,57.289,33.755,29.241,25.534,24.98,9.49,3.766
2022-11-06 03:00:00,505.818,336.416,288.956,681.677,169.66,168.864,139.885,129.343,57.289,33.75,29.243,25.526,24.975,9.476,3.753
2022-11-06 03:30:00,505.815,336.412,288.943,681.677,169.754,168.862,139.881,129.211,57.289,33.747,29.199,25.52,24.969,9.46,3.744
2022-11-06 04:00:00,505.813,336.408,288.929,681.676,171.415,168.861,139.876,128.52,57.289,33.743,29.169,25.515,24.964,9.447,3.731
2022-11-06 04:30:00,505.811,336.404,288.915,681.676,169.563,168.86,139.872,129.277,57.289,33.739,29.2,25.51,24.958,9.429,3.717
2022-11-06 05:00:00,505.808,336.4,288.902,681.675,169.609,168.858,139.867,129.052,57.324,33.736,29.2,25.506,24.953,9.401,3.702
2022-11-06 05:30:00,505.806,336.396,288.89,681.674,169.598,168.857,139.863,129.117,57.289,33.733,29.18,25.502,24.948,9.4,3.682
2022-11-06 06:00:00,505.803,336.392,288.877,681.674,169.531,168.855,139.859,129.112,57.289,33.729,29.138,25.499,24.943,9.4,3.666
2022-11-06 06:30:00,505.801,336.388,288.865,681.673,169.681,168.854,139.855,129.146,57.289,33.726,29.149,25.496,24.938,9.389,3.656
2022-11-06 07:00:00,505.799,336.384,288.853,681.673,171.409,168.852,139.851,129.217,57.289,33.722,29.135,25.494,24.933,9.364,3.647
2022-11-06 07:30:00,505.797,336.38,288.842,681.672,169.611,168.85,139.847,129.273,57.289,33.719,29.192,25.491,24.928,9.352,3.633
2022-11-06 08:00:00,505.794,336.376,288.83,681.672,169.942,168.849,139.843,129.22,57.289,33.715,29.138,25.489,24.924,9.345,3.616
2022-11-06 08:30:00,505.792,336.372,288.819,681.671,171.135,168.847,139.839,129.397,57.289,33.712,29.11,25.488,24.919,9.355,3.603
2022-11-06 09:00:00,505.79,336.368,288.807,681.671,169.616,168.846,139.836,129.055,57.333,33.673,29.07,25.486,24.915,9.351,3.596
2022-11-06 09:30:00,505.787,336.364,288.795,681.67,170.093,168.844,139.832,129.761,57.289,33.669,29.126,25.484,24.91,9.323,3.593
2022-11-06 10:00:00,505.785,336.36,288.783,681.67,169.727,168.843,139.828,129.027,57.289,33.666,29.064,25.483,24.906,9.299,3.581
2022-11-06 10:30:00,505.783,336.357,288.771,681.594,169.704,168.841,139.825,129.212,57.289,33.662,29.176,25.482,24.902,9.303,3.562
2022-11-06 11:00:00,505.78,336.353,288.76,681.593,169.611,168.84,139.821,128.96,57.289,33.658,29.035,25.481,24.898,9.292,3.548
2022-11-06 11:30:00,505.778,336.35,288.748,681.593,170.154,168.838,139.818,129.086,57.289,33.655,29.117,25.48,24.895,9.31,3.537
2022-11-06 12:00:00,505.775,336.347,288.737,681.592,170.771,168.837,139.814,129.21,57.289,33.652,29.007,25.479,24.891,9.291,3.533
2022-11-06 12:30:00,505.772,336.343,288.726,681.592,169.629,168.835,139.811,129.175,57.289,33.649,29.046,25.478,24.887,9.276,3.53
2022-11-06 13:00:00,505.77,336.339,288.715,681.591,169.593,168.834,139.807,129.227,57.289,33.646,29.041,25.477,24.884,9.263,3.518
2022-11-06 13:30:00,505.767,336.335,288.703,681.591,169.58,168.833,139.804,129.118,57.357,33.643,28.989,25.476,24.88,9.24,3.507
2022-11-06 14:00:00,505.764,336.332,288.693,681.59,170.775,168.832,139.8,128.841,57.289,33.64,29.003,25.475,24.877,9.249,3.493
2022-11-06 14:30:00,505.762,336.329,288.682,681.59,169.55,168.831,139.797,128.498,57.289,33.638,29.028,25.475,24.874,9.23,3.483
2022-11-06 15:00:00,505.759,336.327,288.672,681.589,170.216,168.83,139.794,128.95,57.289,33.635,29.033,25.474,24.87,9.219,3.474
2022-11-06 15:30:00,505.757,336.324,288.661,681.589,169.695,168.829,139.79,129.22,57.289,33.632,29.012,25.473,24.867,9.221,3.462
2022-11-06 16:00:00,505.754,336.321,288.651,681.588,170.815,168.827,139.787,129.436,57.289,33.629,28.984,25.473,24.864,9.225,3.453
2022-11-06 16:30:00,505.752,336.318,288.641,681.588,169.645,168.826,139.783,129.549,57.289,33.627,29.002,25.472,24.86,9.223,3.45
2022-11-06 17:00:00,505.75,336.315,288.631,681.587,169.606,168.825,139.78,129.09,57.289,33.624,28.995,25.472,24.857,9.209,3.448
2022-11-06 17:30:00,505.747,336.312,288.621,681.587,170.279,168.824,139.777,128.865,57.289,33.621,28.973,25.471,24.854,9.201,3.443
2022-11-06 18:00:00,505.745,336.309,288.612,681.586,169.538,168.824,139.773,129.23,57.289,33.619,28.955,25.471,24.851,9.2,3.436
2022-11-06 18:30:00,505.743,336.307,288.603,681.586,169.708,168.823,139.77,129.105,57.289,33.616,28.975,25.471,24.847,9.193,3.43
2022-11-06 19:00:00,505.741,336.304,288.595,681.585,170.513,168.822,139.767,128.786,57.289,33.614,28.949,25.47,24.844,9.181,3.425
2022-11-06 19:30:00,505.738,336.301,288.586,681.585,169.802,168.821,139.763,128.962,57.289,33.611,28.934,25.47,24.841,9.175,3.418
2022-11-06 20:00:00,505.736,336.298,288.579,681.584,169.557,168.82,139.76,129.059,57.289,33.609,28.941,25.469,24.838,9.173,3.41
2022-11-06 20:30:00,505.734,336.296,288.571,681.584,169.624,168.819,139.757,128.692,57.289,33.606,28.937,25.469,24.835,9.163,3.404
2022-11-06 21:00:00,505.732,336.293,288.564,681.583,169.559,168.818,139.754,129.176,57.289,33.604,28.926,25.469,24.832,9.157,3.397
2022-11-06 21:30:00,505.73,336.291,288.557,681.583,169.865,168.818,140.666,128.742,57.289,33.602,28.914,25.468,24.829,9.156,3.39
2022-11-06 22:00:00,505.728,336.288,288.55,681.582,170.267,168.817,140.663,129.054,57.289,33.599,28.918,25.468,24.826,9.15,3.385
2022-11-06 22:30:00,505.726,336.285,288.543,681.582,169.665,168.816,140.659,129.074,57.289,33.597,28.936,25.468,24.823,9.144,3.38
2022-11-06 23:00:00,505.724,336.283,288.537,681.581,170.283,168.815,140.656,129.236,57.289,33.595,28.9,25.468,24.82,9.137,3.374
2022-11-06 23:30:00,505.722,336.281,288.532,681.581,170.198,168.815,140.653,128.908,57.289,33.594,28.892,25.467,24.814,9.139,3.368
2022-11-07 00:00:00,505.72,336.278,288.526,681.58,169.659,168.814,140.65,129.024,57.289,33.592,28.895,25.467,24.81,9.139,3.363
2022-11-07 00:30:00,505.718,336.276,288.52,681.58,169.588,168.813,140.647,128.97,57.289,33.59,28.883,25.467,24.807,9.129,3.361
2022-11-07 01:00:00,505.716,336.273,288.515,681.579,169.622,168.812,140.644,128.465,57.289,33.587,28.865,25.467,24.803,9.122,3.356
2022-11-07 01:30:00,505.714,336.271,288.51,681.579,169.968,168.812,140.641,128.622,57.289,33.585,28.865,25.466,24.8,9.12,3.35
2022-11-07 02:00:00,505.712,336.268,288.504,681.579,170.115,168.811,140.638,128.918,57.289,33.583,28.876,25.466,24.797,9.112,3.345
2022-11-07 02:30:00,505.711,336.266,288.499,681.578,169.584,168.81,140.635,128.593,57.289,33.581,28.873,25.466,24.794,9.105,3.339
2022-11-07 03:00:00,505.709,336.263,288.494,681.578,169.728,168.81,140.632,128.984,57.289,33.579,28.865,25.466,24.791,9.101,3.333
2022-11-07 03:30:00,505.708,336.261,288.489,681.577,169.514,168.809,140.629,128.602,57.289,33.577,28.84,25.466,24.788,9.1,3.327
2022-11-07 04:00:00,505.707,336.258,288.485,681.576,169.837,168.808,140.626,128.857,57.289,33.575,28.861,25.465,24.785,9.099,3.323
2022-11-07 04:30:00,505.705,336.255,288.48,681.576,170.414,168.808,140.623,129.255,57.289,33.573,28.842,25.465,24.781,9.092,3.32
2022-11-07 05:00:00,505.704,336.253,288.476,681.575,169.803,168.807,140.62,128.659,57.289,33.572,28.849,25.465,24.778,9.084,3.317
2022-11-07 05:30:00,505.703,336.251,288.471,681.575,170.563,168.806,140.617,129.351,57.289,33.57,28.835,25.465,24.775,9.082,3.312
2022-11-07 06:00:00,505.701,336.248,288.467,681.574,169.832,168.806,140.615,128.572,57.289,33.568,28.822,25.465,24.773,9.078,3.307
2022-11-07 06:30:00,505.7,336.246,288.462,681.573,169.67,168.805,140.612,129.375,57.289,33.566,28.826,25.465,24.833,9.075,3.303
2022-11-07 07:00:00,505.699,336.243,288.458,681.573,169.713,168.804,140.61,128.589,57.289,33.564,28.816,25.465,24.83,9.068,3.3
2022-11-07 07:30:00,505.698,336.241,288.454,681.572,169.594,168.804,140.607,129.172,57.289,33.562,28.8,25.464,24.828,9.061,3.296
2022-11-07 08:00:00,505.696,336.239,288.449,681.572,170.005,168.803,140.605,128.533,57.289,33.56,28.798,25.464,24.825,9.056,3.291
2022-11-07 08:30:00,505.695,336.237,288.445,681.571,170.181,168.803,140.602,128.738,57.289,33.559,28.813,25.464,24.822,9.049,3.286
2022-11-07 09:00:00,505.694,336.235,288.441,681.571,169.711,168.802,140.599,129.228,57.289,33.557,28.812,25.464,24.819,9.041,3.281
2022-11-07 09:30:00,505.693,336.233,288.437,681.57,169.772,168.802,140.597,128.583,57.289,33.556,28.802,25.464,24.816,9.035,3.275
2022-11-07 10:00:00,505.692,336.23,288.433,681.57,169.634,168.801,140.595,128.871,57.289,33.554,28.788,25.464,24.813,9.036,3.27
2022-11-07 10:30:00,505.691,336.228,288.429,681.569,169.66,168.801,140.592,129.111,57.289,33.552,28.79,25.464,24.81,9.036,3.265
2022-11-07 11:00:00,505.69,336.226,288.425,681.569,169.963,168.8,140.59,128.579,57.289,33.551,28.779,25.464,24.807,9.031,3.263
2022-11-07 11:30:00,505.689,336.224,288.421,681.568,169.701,168.8,140.588,128.908,57.289,33.549,28.799,25.463,24.804,9.024,3.261
2022-11-07 12:00:00,505.688,336.222,288.417,681.568,169.73,168.799,140.586,128.671,57.289,33.548,28.771,25.463,24.801,9.018,3.257
2022-11-07 12:30:00,505.687,336.22,288.413,681.567,170.271,168.799,140.585,129.236,57.289,33.547,28.759,25.463,24.799,9.013,3.253
2022-11-07 13:00:00,505.686,336.218,288.409,681.567,169.64,168.798,140.583,129.023,57.289,33.545,28.766,25.463,24.796,9.013,3.249
2022-11-07 13:30:00,505.685,336.216,288.405,681.566,169.687,168.798,140.581,129.22,57.289,33.544,28.784,25.463,24.793,9.005,3.245
2022-11-07 14:00:00,505.684,336.214,288.402,681.566,169.648,168.798,140.579,128.951,57.289,33.543,28.761,25.463,24.791,8.995,3.242
2022-11-07 14:30:00,505.684,336.214,288.4,681.567,169.919,168.799,140.579,129.297,57.289,33.542,28.744,25.465,24.789,8.993,3.238
2022-11-07 15:00:00,505.684,336.213,288.4,681.569,169.705,168.8,140.578,128.983,57.289,33.542,28.765,25.467,24.787,8.994,3.234
2022-11-07 15:30:00,505.686,336.217,288.405,681.574,169.628,168.805,140.58,129.029,57.289,33.543,28.76,25.473,24.786,8.99,3.233
2022-11-07 16:00:00,505.688,336.221,288.411,681.58,169.701,168.811,140.582,129.167,57.289,33.543,28.756,25.478,24.785,8.982,3.233
2022-11-07 16:30:00,505.689,336.222,288.415,681.579,169.723,168.812,140.583,129.0,57.289,33.54,28.752,25.48,24.783,8.981,3.229
2022-11-07 17:00:00,505.689,336.224,288.419,681.579,169.805,168.813,140.585,129.153,57.289,33.54,28.741,25.481,24.781,8.981,3.225
2022-11-07 17:30:00,505.688,336.225,288.422,681.576,169.781,168.812,140.586,129.05,57.289,33.538,28.75,25.48,24.778,8.978,3.222
2022-11-07 18:00:00,505.688,336.225,288.425,681.573,169.654,168.811,140.587,129.054,57.289,33.585,28.758,25.479,24.776,8.973,3.218
2022-11-07 18:30:00,505.687,336.225,288.428,681.571,170.155,168.81,140.588,129.268,57.289,33.584,28.739,25.479,24.774,8.967,3.215
2022-11-07 19:00:00,505.686,336.224,288.431,681.569,169.8,168.81,140.589,128.935,57.289,33.584,28.744,25.478,24.771,8.965,3.212
2022-11-07 19:30:00,505.686,336.223,288.432,681.568,169.681,168.809,140.589,129.225,57.289,33.535,28.756,25.477,24.769,8.965,3.208
2022-11-07 20:00:00,505.685,336.221,288.432,681.567,169.718,168.809,140.588,128.993,57.289,33.535,28.746,25.477,24.767,8.961,3.206
2022-11-07 20:30:00,505.684,336.22,288.43,681.566,169.749,168.808,140.588,129.231,57.289,33.534,28.741,25.476,24.765,8.957,3.203
2022-11-07 21:00:00,505.684,336.218,288.428,681.565,169.659,168.808,140.587,129.144,57.289,33.533,28.746,25.476,24.763,8.958,3.201
2022-11-07 21:30:00,505.683,336.217,288.425,681.565,169.726,168.808,140.587,128.986,57.289,33.533,28.739,25.475,24.761,8.957,3.199
2022-11-07 22:00:00,505.683,336.215,288.422,681.565,169.792,168.808,140.586,129.24,57.289,33.532,28.733,25.474,24.759,8.953,3.197
2022-11-07 22:30:00,505.682,336.214,288.418,681.564,170.275,168.808,140.585,129.005,57.289,33.531,28.745,25.474,24.757,8.951,3.196
2022-11-07 23:00:00,505.682,336.212,288.415,681.564,169.589,168.808,140.585,128.973,57.289,33.531,28.745,25.473,24.755,8.948,3.194
2022-11-07 23:30:00,505.682,336.211,288.411,681.564,169.683,168.808,140.584,129.146,57.289,33.53,28.745,25.473,24.753,8.944,3.192
2022-11-08 00:00:00,505.681,336.21,288.407,681.563,169.732,168.808,140.583,129.057,57.289,33.529,28.745,25.473,24.752,8.943,3.19
2022-11-08 00:30:00,505.681,336.209,288.404,681.563,170.15,168.808,140.582,129.153,57.289,33.529,28.745,25.472,24.75,8.944,3.187
2022-11-08 01:00:00,505.681,336.208,288.4,681.563,169.654,168.808,140.582,129.058,57.289,33.528,28.747,25.472,24.748,8.943,3.186
2022-11-08 01:30:00,505.68,336.207,288.397,681.562,169.724,168.808,140.581,129.039,57.289,33.528,28.744,25.471,24.747,8.943,3.185
2022-11-08 02:00:00,505.68,336.206,288.394,681.562,169.701,168.807,140.58,129.196,57.289,33.527,28.739,25.471,24.745,8.942,3.184
2022-11-08 02:30:00,505.68,336.205,288.39,681.562,169.863,168.807,140.579,128.921,57.289,33.527,28.752,25.471,24.743,8.941,3.183
2022-11-08 03:00:00,505.679,336.203,288.387,681.562,169.896,168.806,140.578,129.214,57.289,33.526,28.751,25.47,24.742,8.939,3.183
2022-11-08 03:30:00,505.679,336.202,288.383,681.561,169.679,168.806,140.577,129.0,57.289,33.526,28.735,25.47,24.74,8.937,3.182
2022-11-08 04:00:00,505.679,336.201,288.379,681.561,169.732,168.805,140.576,129.182,57.289,33.525,28.737,25.47,24.739,8.937,3.181
2022-11-08 04:30:00,505.678,336.2,288.376,681.561,169.672,168.804,140.575,128.993,57.289,33.524,28.749,25.469,24.738,8.938,3.179
2022-11-08 05:00:00,505.678,336.199,288.372,681.56,169.975,168.804,140.574,129.118,57.289,33.524,28.739,25.469,24.736,8.933,3.179
2022-11-08 05:30:00,505.678,336.198,288.368,681.56,169.624,168.803,140.573,129.145,57.289,33.523,28.719,25.469,24.735,8.93,3.178
2022-11-08 06:00:00,505.677,336.196,288.365,681.56,169.682,168.803,140.572,129.023,57.289,33.523,28.72,25.468,24.734,8.93,3.176
2022-11-08 06:30:00,505.677,336.195,288.362,681.56,169.71,168.803,140.571,129.294,57.289,33.522,28.728,25.468,24.732,8.928,3.174
2022-11-08 07:00:00,505.677,336.194,288.358,681.559,169.795,168.802,140.57,129.064,57.289,33.521,28.733,25.468,24.731,8.921,3.173
2022-11-08 07:30:00,505.676,336.193,288.355,681.559,169.673,168.802,140.569,128.943,57.289,33.521,28.728,25.468,24.73,8.914,3.171
2022-11-08 08:00:00,505.676,336.192,288.352,681.559,169.717,168.801,140.568,129.035,57.289,33.52,28.72,25.467,24.728,8.912,3.167
2022-11-08 08:30:00,505.675,336.191,288.348,681.559,169.889,168.801,140.567,128.95,57.289,33.519,28.717,25.467,24.727,8.913,3.164
2022-11-08 09:00:00,505.675,336.19,288.345,681.558,169.807,168.801,140.566,129.183,57.289,33.519,28.713,25.467,24.726,8.912,3.161
2022-11-08 09:30:00,505.675,336.189,288.342,681.558,169.699,168.8,140.565,128.994,57.289,33.518,28.714,25.467,24.724,8.909,3.16
2022-11-08 10:00:00,505.674,336.188,288.34,681.558,169.679,168.8,140.564,128.967,57.289,33.518,28.717,25.467,24.723,8.904,3.158
2022-11-08 10:30:00,505.674,336.188,288.337,681.558,169.834,168.799,140.563,129.122,57.289,33.517,28.715,25.466,24.722,8.9,3.156
2022-11-08 11:00:00,505.673,336.187,288.334,681.557,169.78,168.799,140.562,128.966,57.289,33.516,28.711,25.466,24.721,8.898,3.153
2022-11-08 11:30:00,505.673,336.186,288.332,681.557,169.676,168.799,140.561,129.13,57.289,33.516,28.707,25.466,24.719,8.897,3.15
2022-11-08 12:00:00,505.672,336.185,288.33,681.557,169.683,168.798,140.56,129.002,57.289,33.515,28.704,25.466,24.718,8.896,3.147
2022-11-08 12:30:00,505.672,336.184,288.327,681.557,169.857,168.798,140.559,128.917,57.289,33.515,28.704,25.466,24.717,8.893,3.145
2022-11-08 13:00:00,505.671,336.183,288.325,681.557,169.693,168.797,140.558,129.176,57.289,33.514,28.704,25.465,24.716,8.89,3.144
2022-11-08 13:30:00,505.671,336.183,288.323,681.556,169.767,168.797,140.557,129.024,57.289,33.514,28.701,25.465,24.714,8.887,3.142
2022-11-08 14:00:00,505.583,336.182,288.321,681.556,169.725,168.797,140.556,128.994,57.289,33.513,28.703,25.465,24.713,8.884,3.14
2022-11-08 14:30:00,505.582,336.181,288.319,681.556,169.79,168.796,140.555,129.101,57.289,33.513,28.699,25.465,24.712,8.882,3.137
2022-11-08 15:00:00,505.582,336.18,288.317,681.556,169.713,168.796,140.554,128.966,57.289,33.512,28.69,25.465,24.711,8.88,3.135
2022-11-08 15:30:00,505.582,336.18,288.315,681.555,169.869,168.796,140.553,129.12,57.289,33.512,28.687,25.465,24.71,8.879,3.133
2022-11-08 16:00:00,505.581,336.179,288.313,681.555,169.701,168.795,140.552,129.041,57.289,33.511,28.691,25.465,24.708,8.877,3.131
2022-11-08 16:30:00,505.584,336.182,288.316,681.559,169.705,168.798,140.554,129.138,57.289,33.514,28.691,25.469,24.709,8.874,3.131
2022-11-08 17:00:00,505.587,336.185,288.321,681.563,169.792,168.802,140.555,129.153,57.289,33.514,28.688,25.472,24.709,8.87,3.13
2022-11-08 17:30:00,505.589,336.186,288.323,681.564,169.86,168.804,140.556,129.02,57.289,33.513,28.686,25.474,24.708,8.867,3.129
2022-11-08 18:00:00,505.59,336.188,288.326,681.565,169.773,168.805,140.557,129.033,57.289,33.513,28.685,25.476,24.708,8.866,3.128
2022-11-08 18:30:00,505.589,336.189,288.327,681.563,169.85,168.805,140.557,129.112,57.289,33.512,28.679,25.475,24.706,8.865,3.126
2022-11-08 19:00:00,505.589,336.189,288.328,681.562,169.939,168.804,140.558,129.01,57.289,33.511,28.677,25.474,24.705,8.863,3.124
2022-11-08 19:30:00,505.588,336.19,288.33,681.56,169.747,168.803,140.558,129.051,57.289,33.511,28.68,25.474,24.704,8.86,3.122
2022-11-08 20:00:00,505.588,336.19,288.331,681.558,169.721,168.803,140.559,129.111,57.289,33.511,28.681,25.474,24.702,8.857,3.12
2022-11-08 20:30:00,505.587,336.19,288.333,681.557,169.655,168.802,140.559,128.969,57.289,33.511,28.682,25.473,24.701,8.854,3.118
2022-11-08 21:00:00,505.587,336.189,288.334,681.557,169.621,168.802,140.559,129.145,57.289,33.511,28.681,25.473,24.7,8.851,3.115
2022-11-08 21:30:00,505.588,336.191,288.337,681.558,169.675,168.803,140.56,129.068,57.289,33.513,28.68,25.474,24.7,8.851,3.113
2022-11-08 22:00:00,505.589,336.192,288.34,681.56,169.679,168.805,140.561,128.998,57.289,33.513,28.68,25.476,24.7,8.851,3.112
2022-11-08 22:30:00,505.589,336.191,288.34,681.559,169.679,168.804,140.561,129.161,57.289,33.511,28.679,25.475,24.699,8.851,3.111
2022-11-08 23:00:00,505.588,336.191,288.339,681.558,169.93,168.804,140.562,128.999,57.289,33.511,28.677,25.475,24.698,8.85,3.11
2022-11-08 23:30:00,505.589,336.193,288.341,681.56,169.747,168.806,140.563,129.065,57.289,33.513,28.675,25.476,24.698,8.849,3.11
2022-11-09 00:00:00,505.591,336.194,288.344,681.561,169.713,168.807,140.564,129.116,57.289,33.513,28.675,25.478,24.697,8.848,3.109
2022-11-09 00:30:00,505.59,336.194,288.344,681.56,169.744,168.807,140.565,128.937,57.289,33.512,28.678,25.477,24.696,8.847,3.109
2022-11-09 01:00:00,505.59,336.194,288.344,681.559,169.694,168.807,140.565,129.15,57.289,33.512,28.682,25.476,24.696,8.845,3.108
2022-11-09 01:30:00,505.589,336.195,288.344,681.558,169.787,168.807,140.566,129.018,57.289,33.512,28.685,25.476,24.695,8.843,3.106
2022-11-09 02:00:00,505.589,336.195,288.344,681.557,169.987,168.806,140.566,128.984,57.289,33.512,28.684,25.475,24.694,8.842,3.105
2022-11-09 02:30:00,505.588,336.194,288.344,681.557,169.698,168.806,140.566,129.086,57.289,33.512,28.683,25.475,24.693,8.842,3.103
2022-11-09 03:00:00,505.588,336.194,288.344,681.556,169.798,168.806,140.567,128.993,57.289,33.512,28.685,25.474,24.693,8.844,3.102
2022-11-09 03:30:00,505.588,336.194,288.343,681.556,169.744,168.805,140.567,129.146,57.289,33.512,28.685,25.474,24.692,8.845,3.101
2022-11-09 04:00:00,505.587,336.193,288.341,681.555,169.787,168.805,140.567,129.009,57.289,33.512,28.685,25.473,24.691,8.845,3.101
2022-11-09 04:30:00,505.587,336.193,288.34,681.555,169.732,168.805,140.567,129.016,57.289,33.512,28.688,25.473,24.691,8.846,3.101
2022-11-09 05:00:00,505.587,336.192,288.338,681.555,169.899,168.804,140.566,129.108,57.289,33.512,28.686,25.472,24.69,8.846,3.102
2022-11-09 05:30:00,505.587,336.191,288.335,681.555,169.759,168.804,140.566,129.023,57.289,33.512,28.687,25.472,24.69,8.846,3.102
2022-11-09 06:00:00,505.586,336.191,288.333,681.554,170.01,168.804,140.566,129.183,57.289,33.512,28.69,25.472,24.689,8.846,3.102
2022-11-09 06:30:00,505.586,336.19,288.33,681.554,169.621,168.804,140.566,129.055,57.289,33.512,28.69,25.471,24.689,8.847,3.102
2022-11-09 07:00:00,505.586,336.19,288.328,681.554,169.699,168.803,140.565,129.03,57.289,33.512,28.687,25.471,24.688,8.846,3.102
2022-11-09 07:30:00,505.586,336.189,288.325,681.554,169.862,168.803,140.565,129.118,57.289,33.512,28.688,25.47,24.688,8.847,3.102
2022-11-09 08:00:00,505.585,336.189,288.322,681.554,169.973,168.803,140.565,128.959,57.289,33.512,28.69,25.47,24.687,8.847,3.102
2022-11-09 08:30:00,505.585,336.188,288.32,681.554,169.744,168.802,140.564,129.023,57.289,33.512,28.694,25.47,24.687,8.847,3.102
2022-11-09 09:00:00,505.585,336.187,288.317,681.553,169.932,168.802,140.564,129.165,57.289,33.511,28.695,25.469,24.686,8.846,3.102
2022-11-09 09:30:00,505.585,336.187,288.315,681.553,169.718,168.801,140.563,129.006,57.289,33.511,28.693,25.469,24.686,8.846,3.102
2022-11-09 10:00:00,505.585,336.186,288.313,681.553,169.879,168.801,140.563,129.013,57.289,33.511,28.687,25.469,24.686,8.847,3.101
2022-11-09 10:30:00,505.584,336.186,288.31,681.553,169.839,168.801,140.562,129.051,57.289,33.511,28.689,25.469,24.685,8.849,3.101
2022-11-09 11:00:00,505.584,336.185,288.308,681.553,169.695,168.8,140.562,128.945,57.289,33.511,28.692,25.468,24.685,8.849,3.102
2022-11-09 11:30:00,505.584,336.184,288.306,681.553,169.769,168.8,140.561,129.125,57.289,33.51,28.69,25.468,24.685,8.847,3.102
2022-11-09 12:00:00,505.584,336.184,288.304,681.553,169.701,168.799,140.56,129.104,57.289,33.51,28.687,25.468,24.684,8.846,3.102
2022-11-09 12:30:00,505.583,336.183,288.301,681.552,169.819,168.799,140.56,128.896,57.289,33.51,28.688,25.468,24.684,8.846,3.102
2022-11-09 13:00:00,505.583,336.183,288.299,681.552,169.756,168.798,140.559,129.146,57.289,33.51,28.686,25.467,24.684,8.845,3.101
2022-11-09 13:30:00,505.583,336.182,288.297,681.552,169.721,168.798,140.559,129.05,57.289,33.509,28.682,25.467,24.683,8.844,3.1
2022-11-09 14:00:00,505.583,336.181,288.295,681.552,169.7,168.798,140.558,129.142,57.289,33.509,28.682,25.467,24.683,8.843,3.1
2022-11-09 14:30:00,505.582,336.181,288.293,681.552,169.798,168.797,140.557,129.119,57.289,33.509,28.683,25.467,24.683,8.842,3.099
2022-11-09 15:00:00,505.582,336.18,288.291,681.552,169.837,168.797,140.557,128.922,57.289,33.509,28.684,25.467,24.682,8.84,3.099
2022-11-09 15:30:00,505.592,336.191,288.304,681.565,169.899,168.807,140.563,129.164,57.289,33.518,28.686,25.479,24.687,8.839,3.101
2022-11-09 16:00:00,505.679,336.202,288.323,681.577,169.719,168.819,140.57,129.061,57.289,33.569,28.685,25.49,24.691,8.84,3.102
2022-11-09 16:30:00,505.68,336.205,288.331,681.576,169.801,168.82,140.573,128.994,57.289,33.565,28.686,25.491,24.69,8.842,3.103
2022-11-09 17:00:00,505.682,336.209,288.34,681.576,169.825,168.821,140.578,129.173,57.289,33.565,28.686,25.491,24.69,8.844,3.104
2022-11-09 17:30:00,505.682,336.213,288.347,681.573,169.711,168.819,140.583,129.059,57.289,33.564,28.687,25.49,24.689,8.844,3.104
2022-11-09 18:00:00,505.682,336.217,288.355,681.57,169.643,168.817,140.587,128.988,57.289,33.565,28.686,25.489,24.688,8.844,3.104
2022-11-09 18:30:00,505.682,336.219,288.364,681.567,169.85,168.816,140.59,129.183,57.289,33.565,28.685,25.487,24.687,8.844,3.104
2022-11-09 19:00:00,505.682,336.221,288.373,681.566,169.883,168.816,140.592,128.947,57.289,33.565,28.688,25.486,24.687,8.844,3.103
2022-11-09 19:30:00,505.682,336.221,288.38,681.564,170.032,168.816,140.594,129.168,57.289,33.565,28.693,25.485,24.687,8.844,3.103
2022-11-09 20:00:00,505.683,336.22,288.386,681.563,169.669,168.815,140.595,129.056,57.289,33.566,28.693,25.484,24.686,8.843,3.102
2022-11-09 20:30:00,505.683,336.22,288.389,681.562,169.852,168.815,140.596,129.008,57.289,33.566,28.693,25.483,24.686,8.843,3.102
2022-11-09 21:00:00,505.683,336.22,288.391,681.561,169.669,168.815,140.597,129.207,57.289,33.566,28.693,25.482,24.686,8.845,3.101
2022-11-09 21:30:00,505.684,336.22,288.391,681.561,169.652,168.815,140.598,129.011,57.289,33.566,28.696,25.481,24.686,8.847,3.101
2022-11-09 22:00:00,505.684,336.22,288.389,681.561,169.829,168.815,140.599,129.155,57.289,33.566,28.698,25.48,24.685,8.848,3.101
2022-11-09 22:30:00,505.685,336.22,288.387,681.56,169.899,168.816,140.6,128.942,57.289,33.566,28.702,25.479,24.685,8.848,3.102
2022-11-09 23:00:00,505.685,336.22,288.384,681.56,169.803,168.816,140.601,129.171,57.289,33.566,28.711,25.478,24.685,8.849,3.103
2022-11-09 23:30:00,505.686,336.22,288.382,681.56,169.796,168.816,140.602,128.999,57.289,33.566,28.716,25.477,24.685,8.851,3.103
2022-11-10 00:00:00,505.686,336.221,288.379,681.56,169.767,168.816,140.602,129.246,57.289,33.567,28.724,25.477,24.685,8.853,3.104
2022-11-10 00:30:00,505.686,336.221,288.377,681.56,169.674,168.816,140.603,128.994,57.289,33.567,28.727,25.476,24.685,8.857,3.105
2022-11-10 01:00:00,505.687,336.221,288.375,681.56,169.771,168.816,140.603,129.072,57.289,33.518,28.73,25.475,24.685,8.862,3.106
2022-11-10 01:30:00,505.687,336.221,288.373,681.56,169.865,168.815,140.603,129.156,57.289,33.519,28.731,25.475,24.685,8.867,3.108
2022-11-10 02:00:00,505.687,336.221,288.371,681.56,169.7,168.815,140.603,129.055,57.289,33.519,28.725,25.474,24.685,8.872,3.111
2022-11-10 02:30:00,505.688,336.22,288.369,681.56,169.895,168.814,140.603,129.055,57.289,33.52,28.726,25.474,24.686,8.876,3.115
2022-11-10 03:00:00,505.688,336.22,288.367,681.56,169.909,168.814,140.603,129.008,57.289,33.52,28.729,25.473,24.686,8.879,3.118
2022-11-10 03:30:00,505.688,336.22,288.365,681.56,169.821,168.813,140.602,129.035,57.289,33.521,28.729,25.473,24.686,8.879,3.121
2022-11-10 04:00:00,505.688,336.22,288.363,681.56,169.727,168.812,140.602,129.067,57.289,33.521,28.729,25.472,24.686,8.878,3.124
2022-11-10 04:30:00,505.688,336.219,288.361,681.56,169.767,168.812,140.601,129.093,57.289,33.521,28.73,25.472,24.686,8.878,3.125
2022-11-10 05:00:00,505.688,336.219,288.358,681.56,169.777,168.811,140.6,129.136,57.289,33.521,28.737,25.471,24.687,8.879,3.126
2022-11-10 05:30:00,505.688,336.218,288.356,681.56,169.857,168.811,140.6,128.947,57.289,33.521,28.742,25.471,24.687,8.879,3.127
2022-11-10 06:00:00,505.688,336.218,288.354,681.56,169.797,168.81,140.599,129.142,57.289,33.521,28.74,25.47,24.687,8.88,3.127
2022-11-10 06:30:00,505.688,336.218,288.352,681.561,169.94,168.809,140.598,128.958,57.289,33.521,28.728,25.47,24.688,8.882,3.127
2022-11-10 07:00:00,505.688,336.217,288.349,681.56,169.711,168.809,140.597,129.166,57.289,33.521,28.727,25.47,24.688,8.886,3.128
2022-11-10 07:30:00,505.688,336.217,288.347,681.56,169.721,168.808,140.596,129.003,57.289,33.521,28.731,25.469,24.688,8.887,3.129
2022-11-10 08:00:00,505.688,336.216,288.345,681.56,169.739,168.808,140.595,129.273,57.289,33.521,28.733,25.469,24.689,8.885,3.131
2022-11-10 08:30:00,505.688,336.216,288.343,681.56,170.032,168.807,140.594,129.014,57.289,33.521,28.728,25.469,24.689,8.882,3.132
2022-11-10 09:00:00,505.687,336.216,288.341,681.56,169.761,168.807,140.593,129.152,57.289,33.521,28.729,25.468,24.689,8.881,3.132
2022-11-10 09:30:00,505.687,336.215,288.339,681.56,169.874,168.806,140.592,129.02,57.289,33.521,28.725,25.468,24.69,8.881,3.131
2022-11-10 10:00:00,505.687,336.215,288.337,681.56,169.813,168.806,140.591,128.984,57.289,33.521,28.725,25.468,24.69,8.881,3.13
2022-11-10 10:30:00,505.687,336.214,288.335,681.56,169.959,168.805,140.59,129.129,57.289,33.52,28.727,25.468,24.69,8.88,3.129
2022-11-10 11:00:00,505.686,336.214,288.333,681.56,169.78,168.805,140.589,128.996,57.289,33.52,28.722,25.467,24.691,8.879,3.129
2022-11-10 11:30:00,505.686,336.213,288.332,681.56,169.822,168.804,140.588,129.038,57.289,33.52,28.718,25.467,24.691,8.877,3.128
2022-11-10 12:00:00,505.686,336.213,288.33,681.56,169.772,168.804,140.586,129.036,57.289,33.52,28.719,25.467,24.691,8.877,3.127
2022-11-10 12:30:00,505.685,336.212,288.328,681.56,169.843,168.803,140.585,128.914,57.289,33.52,28.725,25.467,24.692,8.876,3.126
2022-11-10 13:00:00,505.685,336.212,288.326,681.56,169.76,168.803,140.584,129.254,57.289,33.52,28.72,25.467,24.692,8.874,3.126
2022-11-10 13:30:00,505.684,336.211,288.324,681.56,169.723,168.803,140.583,128.995,57.289,33.52,28.714,25.466,24.692,8.873,3.125
2022-11-10 14:00:00,505.684,336.21,288.323,681.56,169.841,168.802,140.582,128.954,57.289,33.519,28.715,25.466,24.692,8.873,3.123
2022-11-10 14:30:00,505.684,336.21,288.321,681.559,169.728,168.802,140.581,129.132,57.289,33.519,28.713,25.466,24.692,8.873,3.122
2022-11-10 15:00:00,505.683,336.209,288.319,681.559,169.951,168.801,140.579,128.932,57.289,33.519,28.711,25.466,24.693,8.871,3.122
2022-11-10 15:30:00,505.69,336.222,288.335,681.574,169.999,168.814,140.586,129.174,57.289,33.529,28.712,25.48,24.699,8.871,3.126
2022-11-10 16:00:00,505.696,336.233,288.357,681.587,169.856,168.826,140.595,129.089,57.289,33.58,28.714,25.493,24.704,8.872,3.128
2022-11-10 16:30:00,505.703,336.245,288.38,681.598,169.769,168.836,140.607,128.978,57.289,33.583,28.718,25.504,24.708,8.875,3.131
2022-11-10 17:00:00,505.708,336.261,288.41,681.679,169.718,168.844,140.623,129.227,57.289,33.586,28.721,25.513,24.711,8.878,3.135
2022-11-10 17:30:00,505.724,336.302,288.482,681.708,169.909,168.874,140.66,129.085,57.289,33.606,28.733,25.547,24.726,8.886,3.144
2022-11-10 18:00:00,505.737,336.345,288.573,681.733,170.077,168.899,139.788,129.242,57.289,33.615,28.753,25.576,24.739,8.901,3.154
2022-11-10 18:30:00,505.755,336.411,288.704,681.761,169.834,168.925,139.853,129.43,57.289,33.63,28.774,25.608,24.754,8.92,3.169
2022-11-10 19:00:00,505.775,336.478,288.88,681.794,169.833,168.944,139.927,129.371,57.289,33.643,28.801,25.632,24.767,8.946,3.185
2022-11-10 19:30:00,505.783,336.507,289.103,681.775,169.792,168.928,139.978,129.287,57.289,33.636,28.825,25.611,24.763,8.966,3.191
2022-11-10 20:00:00,505.798,336.528,289.312,681.748,171.313,168.927,140.019,129.472,57.289,33.644,28.844,25.59,24.762,8.982,3.198
2022-11-10 20:30:00,505.818,336.54,289.415,681.731,169.941,168.932,140.069,129.342,57.413,33.652,28.881,25.574,24.762,8.999,3.204
2022-11-10 21:00:00,505.84,336.557,289.431,681.719,171.265,168.936,140.09,129.359,57.289,33.662,28.943,25.56,24.764,9.014,3.213
2022-11-10 21:30:00,505.859,336.583,289.423,681.714,169.674,168.939,140.105,129.317,57.3,33.672,29.01,25.548,24.767,9.03,3.225
2022-11-10 22:00:00,505.873,336.594,289.418,681.716,169.694,168.941,140.113,129.333,57.289,33.685,29.191,25.539,24.771,9.056,3.237
2022-11-10 22:30:00,505.884,336.608,289.418,681.719,169.581,168.941,140.117,129.318,57.783,33.699,29.345,25.531,24.776,9.096,3.251
2022-11-10 23:00:00,505.893,336.624,289.429,681.72,169.615,168.941,140.117,130.983,57.404,33.715,29.525,25.524,24.782,9.183,3.272
2022-11-10 23:30:00,505.9,336.639,289.448,681.72,171.251,168.939,140.116,129.635,58.169,33.731,29.352,25.518,24.79,9.365,3.311
2022-11-11 00:00:00,505.907,336.652,289.462,681.719,169.698,168.938,140.113,129.428,57.89,33.744,29.619,25.513,24.799,9.462,3.397
2022-11-11 00:30:00,505.914,336.661,289.461,681.716,169.57,168.938,140.11,131.196,57.926,33.753,29.712,25.509,24.811,9.476,3.512
2022-11-11 01:00:00,505.92,336.667,289.451,681.713,169.985,168.938,140.107,129.368,57.688,33.759,29.605,25.505,24.825,9.553,3.601
2022-11-11 01:30:00,505.925,336.669,289.437,681.71,169.673,168.938,140.105,130.081,57.484,33.765,29.8,25.501,24.778,9.658,3.679
2022-11-11 02:00:00,505.93,336.669,289.421,681.708,169.603,168.938,140.104,129.371,57.289,33.77,29.638,25.498,24.795,9.647,3.75
2022-11-11 02:30:00,505.933,336.667,289.406,681.706,169.837,168.937,140.103,129.258,58.054,33.776,29.619,25.496,24.812,9.692,3.796
2022-11-11 03:00:00,505.935,336.664,289.388,681.704,169.637,168.937,140.104,129.54,57.568,33.782,29.639,25.493,24.833,9.629,3.833
2022-11-11 03:30:00,505.936,336.66,289.371,681.702,169.636,168.936,140.105,129.339,57.289,33.787,29.819,25.491,24.85,9.686,3.843
2022-11-11 04:00:00,505.936,336.654,289.355,681.7,169.643,168.934,140.105,129.169,57.805,33.791,29.606,25.489,24.865,9.666,3.852
2022-11-11 04:30:00,505.935,336.648,289.339,681.699,169.618,168.932,140.105,129.309,57.589,33.795,29.616,25.487,24.88,9.705,3.868
2022-11-11 05:00:00,505.933,336.642,289.322,681.699,169.866,168.929,140.103,129.19,57.448,33.8,29.618,25.486,24.896,9.736,3.886
2022-11-11 05:30:00,505.931,336.634,289.306,681.7,169.562,168.926,140.101,129.239,57.503,33.805,29.764,25.484,24.912,9.62,3.9
2022-11-11 06:00:00,505.928,336.627,289.29,681.702,169.557,168.922,140.097,129.229,57.802,33.81,29.71,25.483,24.928,9.692,3.896
2022-11-11 06:30:00,505.924,336.619,289.274,681.703,174.194,168.918,140.093,129.405,57.374,33.813,29.544,25.482,24.942,9.725,3.888
2022-11-11 07:00:00,505.921,336.611,289.256,681.704,169.531,168.915,140.087,129.154,57.289,33.816,29.743,25.481,24.956,9.714,3.904
2022-11-11 07:30:00,505.917,336.603,289.238,681.704,169.513,168.912,140.081,129.414,57.722,33.818,29.446,25.481,24.968,9.675,3.914
2022-11-11 08:00:00,505.912,336.594,289.221,681.703,169.649,168.908,140.074,129.301,57.6,33.819,29.592,25.484,24.978,9.703,3.91
2022-11-11 08:30:00,505.907,336.585,289.203,681.702,169.604,168.905,140.067,129.423,57.289,33.82,29.703,25.492,24.987,9.632,3.911
2022-11-11 09:00:00,505.903,336.574,289.184,681.701,170.627,168.902,140.06,129.177,57.721,33.82,29.559,25.503,24.994,9.669,3.897
2022-11-11 09:30:00,505.898,336.565,289.166,681.7,169.541,168.9,140.052,129.428,57.368,33.82,29.495,25.517,24.999,9.703,3.89
2022-11-11 10:00:00,505.893,336.556,289.148,681.698,170.085,168.897,140.044,130.622,57.46,33.819,29.516,25.531,25.004,9.707,3.897
2022-11-11 10:30:00,505.887,336.547,289.128,681.697,171.873,168.894,140.036,129.191,57.574,33.818,29.671,25.544,25.007,9.609,3.902
2022-11-11 11:00:00,505.882,336.539,289.109,681.696,169.424,168.892,140.014,130.099,57.289,33.817,29.339,25.556,25.01,9.726,3.891
2022-11-11 11:30:00,505.877,336.53,289.091,681.694,171.484,168.889,140.006,129.839,57.289,33.816,29.484,25.566,25.012,9.707,3.886
2022-11-11 12:00:00,505.873,336.522,289.075,681.693,169.543,168.887,139.998,129.212,57.382,33.814,29.494,25.574,25.013,9.573,3.902
2022-11-11 12:30:00,505.877,336.527,289.079,681.708,170.89,168.9,139.998,129.932,57.321,33.817,29.595,25.596,25.017,9.629,3.882
2022-11-11 13:00:00,505.881,336.537,289.106,681.72,170.636,168.91,140.003,129.228,57.289,33.82,29.356,25.615,25.021,9.676,3.865
2022-11-11 13:30:00,505.918,336.638,289.53,681.809,169.991,168.98,140.084,129.381,57.309,33.848,29.57,25.71,25.046,9.7,3.886
2022-11-11 14:00:00,505.942,336.774,289.831,681.866,172.248,169.02,140.182,129.649,57.524,33.876,29.643,25.794,25.068,9.689,3.92
2022-11-11 14:30:00,505.945,336.853,289.924,681.854,170.867,168.998,140.249,130.827,57.601,33.891,29.507,25.811,25.076,9.818,3.934
2022-11-11 15:00:00,505.96,336.88,290.189,681.84,169.785,169.007,140.619,129.341,57.575,33.92,29.599,25.829,25.086,9.827,3.965
2022-11-11 15:30:00,506.151,336.909,290.35,681.812,172.893,169.015,140.65,130.496,57.647,33.946,29.752,25.834,25.091,9.805,3.999
2022-11-11 16:00:00,506.172,336.932,290.413,681.796,169.653,169.029,140.661,131.782,57.425,33.972,29.693,25.848,25.099,9.896,4.015
2022-11-11 16:30:00,506.197,336.952,290.43,681.789,174.667,169.035,140.36,130.91,57.503,33.995,30.138,25.869,25.112,9.951,4.039
2022-11-11 17:00:00,506.219,336.971,290.441,681.79,170.042,169.036,140.353,129.293,57.786,34.012,30.049,25.896,25.129,10.047,4.079
2022-11-11 17:30:00,506.234,336.975,290.438,681.79,169.987,169.033,140.341,132.207,57.53,34.022,30.196,25.926,25.149,10.243,4.125
2022-11-11 18:00:00,506.245,336.967,290.416,681.788,173.251,169.032,140.33,129.859,57.546,34.025,30.511,25.954,25.168,10.337,4.218
2022-11-11 18:30:00,506.254,336.957,290.384,681.783,169.745,169.034,140.323,129.409,57.592,34.026,30.12,25.979,25.185,10.589,4.318
2022-11-11 19:00:00,506.26,336.948,290.342,681.776,169.776,169.038,140.319,129.395,57.562,34.025,30.875,25.999,25.198,10.504,4.45
2022-11-11 19:30:00,506.263,336.939,290.292,681.768,169.806,169.041,140.627,129.154,58.811,34.025,30.272,26.013,25.209,10.78,4.553
2022-11-11 20:00:00,506.263,336.931,290.19,681.761,169.782,169.039,140.63,130.23,57.921,34.024,30.482,26.021,25.214,10.629,4.646
2022-11-11 20:30:00,506.26,336.932,290.143,681.755,175.032,169.035,140.633,129.915,58.159,34.023,30.538,26.026,25.217,10.666,4.724
2022-11-11 21:00:00,506.255,336.924,290.111,681.754,169.692,169.028,140.634,129.051,57.449,34.021,30.542,26.029,25.219,10.819,4.758
2022-11-11 21:30:00,506.248,336.915,290.064,681.756,170.746,169.02,140.327,129.456,57.392,34.02,30.52,26.03,25.219,10.748,4.808
2022-11-11 22:00:00,506.24,336.905,290.005,681.759,169.742,169.013,140.323,129.392,58.828,34.017,30.301,26.029,25.219,10.675,4.832
2022-11-11 22:30:00,506.232,336.894,289.969,681.76,169.726,169.005,140.317,132.088,57.289,34.015,30.306,26.027,25.219,10.575,4.833
2022-11-11 23:00:00,506.223,336.88,289.911,681.758,169.724,168.998,140.309,128.956,57.289,34.013,30.6,26.024,25.217,10.556,4.815
2022-11-11 23:30:00,506.213,336.866,289.879,681.755,169.605,168.992,140.3,132.718,58.388,34.012,30.16,26.02,25.216,10.892,4.797
2022-11-12 00:00:00,506.204,336.85,289.838,681.74,169.574,168.984,140.29,131.526,59.861,34.012,30.491,26.017,25.214,10.49,4.844
2022-11-12 00:30:00,506.194,336.835,289.832,681.735,175.311,168.977,140.278,130.601,57.289,34.013,30.194,26.013,25.213,10.548,4.821
2022-11-12 01:00:00,506.184,336.818,289.854,681.729,169.897,168.969,140.265,128.9,57.343,34.013,30.4,26.011,25.211,10.667,4.787
2022-11-12 01:30:00,506.008,336.801,289.88,681.725,169.496,168.962,140.25,129.128,58.212,34.013,29.687,26.009,25.21,10.709,4.801
2022-11-12 02:00:00,505.997,336.782,289.897,681.721,170.122,168.955,140.236,131.277,57.962,34.011,30.396,26.007,25.209,10.316,4.811
2022-11-12 02:30:00,505.988,336.763,289.868,681.716,169.568,168.949,140.221,131.214,57.657,34.008,30.139,26.005,25.209,10.441,4.757
2022-11-12 03:00:00,505.979,336.745,289.825,681.713,169.501,168.944,140.207,129.264,58.434,34.004,30.048,26.003,25.208,10.436,4.691
2022-11-12 03:30:00,505.971,336.728,289.775,681.71,169.534,168.94,140.192,130.82,57.904,33.998,30.175,26.0,25.206,10.398,4.672
2022-11-12 04:00:00,505.963,336.713,289.712,681.708,169.615,168.937,140.178,128.917,57.799,33.992,30.276,25.995,25.204,10.428,4.648
2022-11-12 04:30:00,505.955,336.696,289.653,681.706,169.49,168.933,140.164,129.311,58.256,33.984,29.993,25.988,25.202,10.422,4.631
2022-11-12 05:00:00,505.947,336.68,289.606,681.704,169.464,168.929,140.15,129.254,57.749,33.976,29.796,25.981,25.199,10.393,4.622
2022-11-12 05:30:00,505.94,336.663,289.572,681.702,169.777,168.924,140.136,128.471,57.289,33.968,30.039,25.972,25.195,10.196,4.615
2022-11-12 06:00:00,505.933,336.647,289.545,681.701,169.478,168.92,140.122,129.266,57.637,33.959,30.11,25.963,25.19,10.174,4.568
2022-11-12 06:30:00,505.925,336.631,289.518,681.699,172.827,168.915,140.108,129.21,58.239,33.95,29.565,25.954,25.183,10.304,4.51
2022-11-12 07:00:00,505.919,336.616,289.49,681.698,169.47,168.911,140.096,129.146,57.289,33.941,30.22,25.945,25.173,10.182,4.494
2022-11-12 07:30:00,505.912,336.601,289.46,681.696,170.466,168.907,140.083,129.636,57.289,33.931,30.106,25.935,25.166,10.083,4.476
2022-11-12 08:00:00,505.905,336.587,289.43,681.695,169.453,168.903,140.072,130.061,58.101,33.921,29.538,25.925,25.159,10.36,4.43
2022-11-12 08:30:00,505.898,336.573,289.399,681.694,173.422,168.9,140.06,129.155,57.439,33.911,29.536,25.914,25.151,10.166,4.447
2022-11-12 09:00:00,505.892,336.56,289.37,681.692,169.449,168.896,140.05,129.604,57.289,33.902,29.738,25.903,25.144,9.905,4.448
2022-11-12 09:30:00,505.886,336.549,289.345,681.691,169.424,168.893,140.039,129.182,57.289,33.892,29.764,25.892,25.136,9.92,4.378
2022-11-12 10:00:00,505.88,336.539,289.319,681.69,171.718,168.89,140.029,129.455,57.289,33.883,29.523,25.88,25.129,9.994,4.307
2022-11-12 10:30:00,505.874,336.528,289.292,681.689,169.436,168.888,140.005,129.098,57.746,33.875,29.596,25.869,25.121,9.978,4.273
2022-11-12 11:00:00,505.869,336.518,289.267,681.688,171.804,168.885,139.995,129.251,57.289,33.868,29.504,25.857,25.114,9.877,4.253
2022-11-12 11:30:00,505.864,336.507,289.245,681.687,169.432,168.882,139.985,129.268,57.513,33.86,29.874,25.846,25.107,9.834,4.219
2022-11-12 12:00:00,505.859,336.497,289.223,681.686,169.452,168.88,139.975,129.331,57.493,33.851,29.375,25.835,25.1,9.96,4.181
2022-11-12 12:30:00,505.855,336.486,289.201,681.686,170.964,168.877,139.966,129.193,57.289,33.844,29.625,25.825,25.094,9.94,4.163
2022-11-12 13:00:00,505.851,336.475,289.18,681.685,171.825,168.875,139.958,129.681,57.463,33.837,29.336,25.813,25.087,9.753,4.169
2022-11-12 13:30:00,505.847,336.468,289.159,681.684,169.476,168.873,139.95,129.391,57.289,33.83,29.461,25.799,25.081,9.778,4.137
2022-11-12 14:00:00,505.843,336.461,289.139,681.683,169.549,168.87,139.942,129.205,57.289,33.823,29.469,25.783,25.074,9.702,4.099
2022-11-12 14:30:00,505.839,336.455,289.118,681.682,169.486,168.868,139.934,129.259,57.336,33.816,29.297,25.767,25.067,9.704,4.06
2022-11-12 15:00:00,505.835,336.448,289.096,681.681,170.175,168.866,139.926,129.205,57.289,33.81,29.431,25.751,25.06,9.697,4.026
2022-11-12 15:30:00,505.832,336.441,289.075,681.68,172.416,168.863,139.918,129.21,57.289,33.804,29.306,25.733,25.054,9.642,4.001
2022-11-12 16:00:00,505.828,336.435,289.054,681.679,169.521,168.861,139.911,129.289,57.289,33.798,29.277,25.716,25.047,9.638,3.971
2022-11-12 16:30:00,505.824,336.429,289.035,681.678,169.579,168.859,139.903,129.233,57.289,33.793,29.334,25.697,25.041,9.596,3.944
2022-11-12 17:00:00,505.821,336.423,289.015,681.677,169.643,168.857,139.896,129.174,57.289,33.788,29.251,25.678,25.035,9.574,3.914
2022-11-12 17:30:00,505.817,336.416,288.996,681.676,169.632,168.855,139.89,129.559,57.342,33.784,29.509,25.659,25.029,9.564,3.886
2022-11-12 18:00:00,505.814,336.41,288.977,681.676,171.12,168.853,139.883,129.337,57.289,33.78,29.197,25.641,25.023,9.562,3.862
2022-11-12 18:30:00,505.81,336.404,288.959,681.675,171.078,168.851,139.877,129.143,57.289,33.775,29.184,25.622,25.016,9.631,3.844
2022-11-12 19:00:00,505.807,336.399,288.943,681.674,171.731,168.849,139.87,128.628,57.289,33.77,29.21,25.603,25.01,9.524,3.851
2022-11-12 19:30:00,505.804,336.393,288.928,681.673,169.596,168.847,139.864,129.341,57.323,33.764,29.22,25.585,25.003,9.461,3.835
2022-11-12 20:00:00,505.8,336.387,288.912,681.673,169.837,168.845,139.857,129.17,57.289,33.759,29.141,25.568,24.996,9.463,3.792
2022-11-12 20:30:00,505.797,336.381,288.896,681.672,169.633,168.843,139.851,129.054,57.29,33.754,29.206,25.555,24.989,9.454,3.76
2022-11-12 21:00:00,505.794,336.376,288.881,681.671,169.689,168.842,139.845,129.704,57.289,33.717,29.211,25.544,24.983,9.429,3.737
2022-11-12 21:30:00,505.791,336.371,288.866,681.671,169.849,168.84,139.84,129.35,57.289,33.711,29.145,25.535,24.976,9.426,3.716
2022-11-12 22:00:00,505.788,336.366,288.851,681.67,169.632,168.838,139.834,129.37,57.289,33.706,29.162,25.527,24.969,9.434,3.697
2022-11-12 22:30:00,505.785,336.361,288.836,681.593,169.625,168.837,139.829,129.16,57.289,33.701,29.096,25.521,24.963,9.407,3.689
2022-11-12 23:00:00,505.782,336.356,288.821,681.592,169.598,168.836,139.824,128.672,57.289,33.696,29.106,25.515,24.956,9.393,3.677
2022-11-12 23:30:00,505.779,336.351,288.805,681.591,169.981,168.834,139.819,129.152,57.339,33.691,29.167,25.51,24.95,9.365,3.661
2022-11-13 00:00:00,505.775,336.346,288.789,681.591,169.63,168.833,139.814,129.608,57.289,33.686,29.128,25.506,24.944,9.348,3.642
2022-11-13 00:30:00,505.772,336.342,288.774,681.59,169.564,168.832,139.809,129.172,57.289,33.681,29.075,25.502,24.938,9.364,3.621
2022-11-13 01:00:00,505.769,336.338,288.759,681.589,169.622,168.83,139.804,128.714,57.485,33.675,29.15,25.499,24.932,9.361,3.61
2022-11-13 01:30:00,505.765,336.334,288.745,681.588,169.596,168.829,139.799,129.137,57.289,33.67,29.078,25.496,24.926,9.331,3.606
2022-11-13 02:00:00,505.762,336.33,288.732,681.588,170.277,168.828,139.795,129.591,57.367,33.665,28.998,25.494,24.92,9.324,3.594
2022-11-13 02:30:00,505.759,336.327,288.719,681.587,169.645,168.827,139.79,129.028,57.289,33.659,28.997,25.491,24.915,9.326,3.577
2022-11-13 03:00:00,505.756,336.323,288.707,681.586,169.67,168.826,139.786,129.115,57.344,33.655,29.045,25.489,24.909,9.284,3.569
2022-11-13 03:30:00,505.753,336.32,288.695,681.586,169.55,168.825,139.781,129.442,57.289,33.65,29.018,25.488,24.904,9.254,3.551
2022-11-13 04:00:00,505.75,336.316,288.683,681.585,169.6,168.824,139.777,128.602,57.289,33.646,29.014,25.486,24.899,9.262,3.524
2022-11-13 04:30:00,505.747,336.313,288.671,681.585,171.057,168.823,139.773,129.336,57.289,33.642,29.007,25.484,24.894,9.259,3.506
2022-11-13 05:00:00,505.744,336.309,288.658,681.584,169.815,168.822,139.769,129.19,57.289,33.638,29.018,25.483,24.889,9.25,3.498
2022-11-13 05:30:00,505.742,336.306,288.646,681.583,169.775,168.821,139.765,128.634,57.289,33.634,28.967,25.482,24.885,9.241,3.49
2022-11-13 06:00:00,505.739,336.303,288.634,681.582,169.816,168.82,139.761,129.066,57.289,33.63,28.961,25.481,24.88,9.241,3.482
2022-11-13 06:30:00,505.737,336.299,288.623,681.582,169.58,168.819,139.757,129.002,57.289,33.626,28.973,25.48,24.876,9.227,3.475
2022-11-13 07:00:00,505.734,336.296,288.612,681.581,169.782,168.818,139.753,128.853,57.289,33.622,28.997,25.479,24.872,9.209,3.467
2022-11-13 07:30:00,505.732,336.294,288.601,681.581,169.903,168.817,140.665,128.626,57.289,33.618,28.929,25.478,24.867,9.203,3.456
2022-11-13 08:00:00,505.729,336.291,288.591,681.58,170.565,168.817,140.661,128.488,57.289,33.615,28.927,25.477,24.863,9.208,3.444
2022-11-13 08:30:00,505.727,336.288,288.581,681.579,169.744,168.816,140.658,129.325,57.395,33.612,28.918,25.476,24.859,9.198,3.438
2022-11-13 09:00:00,505.724,336.285,288.571,681.579,170.266,168.815,140.654,128.632,57.289,33.609,28.926,25.475,24.854,9.178,3.433
2022-11-13 09:30:00,505.724,336.285,288.566,681.582,169.648,168.818,140.653,129.214,57.289,33.607,28.933,25.479,24.851,9.17,3.426
2022-11-13 10:00:00,505.724,336.286,288.563,681.586,170.721,168.821,140.652,129.229,57.289,33.605,28.882,25.482,24.848,9.163,3.417
2022-11-13 10:30:00,505.722,336.284,288.557,681.584,169.707,168.82,140.649,129.11,57.289,33.602,28.909,25.481,24.844,9.166,3.407
2022-11-13 11:00:00,505.72,336.282,288.552,681.582,169.559,168.819,140.647,129.358,57.289,33.599,28.905,25.48,24.84,9.157,3.4
2022-11-13 11:30:00,505.718,336.28,288.547,681.58,170.103,168.818,140.645,129.078,57.289,33.597,28.867,25.479,24.836,9.148,3.394
2022-11-13 12:00:00,505.716,336.278,288.543,681.579,169.689,168.817,140.643,128.534,57.289,33.594,28.867,25.478,24.832,9.146,3.386
2022-11-13 12:30:00,505.715,336.276,288.539,681.578,169.666,168.816,140.641,129.479,57.289,33.592,28.873,25.477,24.828,9.14,3.379
2022-11-13 13:00:00,505.713,336.273,288.534,681.576,169.632,168.816,140.638,129.031,57.289,33.589,28.844,25.476,24.825,9.127,3.373
2022-11-13 13:30:00,505.712,336.27,288.529,681.575,170.311,168.815,140.636,128.903,57.289,33.587,28.854,25.476,24.821,9.125,3.365
2022-11-13 14:00:00,505.71,336.268,288.523,681.575,169.575,168.814,140.634,129.161,57.289,33.585,28.853,25.475,24.815,9.119,3.356
2022-11-13 14:30:00,505.751,336.347,288.65,681.742,170.25,168.898,139.775,129.157,57.289,33.668,28.886,25.568,24.839,9.129,3.377
2022-11-13 15:00:00,505.78,336.445,289.056,681.809,170.0,168.959,139.873,129.174,57.289,33.687,28.937,25.647,24.857,9.156,3.39
2022-11-13 15:30:00,505.832,336.608,289.614,681.897,169.768,169.033,140.049,129.521,57.289,33.731,28.988,25.754,24.895,9.215,3.427
2022-11-13 16:00:00,505.894,336.904,290.39,682.375,169.785,169.076,140.603,129.475,57.289,33.78,29.076,25.817,24.932,9.295,3.476
2022-11-13 16:30:00,506.138,337.05,290.732,681.881,169.782,169.069,140.733,129.946,57.402,33.798,29.146,25.742,24.925,9.35,3.503
2022-11-13 17:00:00,506.218,337.119,290.93,681.852,172.574,169.108,140.794,130.916,57.865,33.833,29.27,25.687,24.93,9.386,3.553
2022-11-13 17:30:00,506.272,337.112,290.926,681.851,174.44,169.14,140.805,130.165,57.767,33.877,29.44,25.647,24.942,9.419,3.607
2022-11-13 18:00:00,506.323,337.179,291.011,681.855,169.817,169.147,140.796,129.272,57.783,33.952,29.897,25.618,24.961,9.493,3.656
2022-11-13 18:30:00,506.371,337.202,291.03,681.848,169.688,169.156,140.784,130.231,59.262,34.015,30.252,25.62,24.988,9.693,3.712
2022-11-13 19:00:00,506.41,337.168,290.987,681.837,169.797,169.172,140.779,129.867,58.52,34.046,30.61,25.685,25.026,10.147,3.804
2022-11-13 19:30:00,506.433,337.156,290.941,681.825,170.378,169.183,140.793,129.345,57.95,34.072,30.691,25.809,25.076,10.66,3.987
2022-11-13 20:00:00,506.441,337.158,290.877,681.812,170.166,169.185,140.819,129.358,60.15,34.096,31.338,25.922,25.133,10.87,4.263
2022-11-13 20:30:00,506.438,337.154,290.814,681.81,169.983,169.18,140.84,129.932,60.68,34.116,31.366,26.008,25.183,11.333,4.545
2022-11-13 21:00:00,506.428,337.154,290.755,681.818,169.846,169.171,140.85,129.99,61.529,34.133,30.616,26.067,25.224,11.423,4.824
2022-11-13 21:30:00,506.414,337.148,290.691,681.818,169.341,169.156,140.846,131.221,61.663,34.148,30.839,26.104,25.248,11.105,5.02
2022-11-13 22:00:00,506.397,337.134,290.615,681.811,169.915,169.138,140.834,129.128,57.57,34.159,31.22,26.129,25.259,11.238,5.117
2022-11-13 22:30:00,506.379,337.113,290.546,681.803,171.881,169.118,140.818,128.835,57.413,34.172,30.683,26.147,25.271,11.584,5.169
2022-11-13 23:00:00,506.359,337.088,290.459,681.795,170.524,169.096,140.8,129.329,57.454,34.188,30.833,26.161,25.28,11.211,5.263
2022-11-13 23:30:00,506.342,337.06,290.445,681.787,169.642,169.081,140.779,128.982,60.077,34.209,31.044,26.174,25.287,11.028,5.308
2022-11-14 00:00:00,506.324,337.032,290.537,681.779,178.688,169.066,140.759,128.978,58.969,34.228,30.505,26.188,25.295,11.264,5.262
2022-11-14 00:30:00,506.307,337.002,290.542,681.772,169.706,169.051,140.74,129.077,58.211,34.242,31.137,26.204,25.306,10.909,5.253
2022-11-14 01:00:00,506.291,336.975,290.558,681.765,169.823,169.038,140.722,128.686,58.542,34.244,31.44,26.218,25.318,11.363,5.213
2022-11-14 01:30:00,506.275,336.949,290.503,681.759,178.937,169.026,140.701,128.903,59.309,34.239,30.681,26.228,25.328,11.529,5.228
2022-11-14 02:00:00,506.261,336.93,290.425,681.754,176.32,169.015,140.384,128.988,58.055,34.229,30.778,26.232,25.333,11.163,5.29
2022-11-14 02:30:00,506.247,336.906,290.342,681.737,169.525,169.004,140.362,129.13,58.241,34.217,31.291,26.23,25.335,11.236,5.298
2022-11-14 03:00:00,506.233,336.883,290.21,681.732,169.586,168.994,140.34,128.883,57.332,34.204,30.198,26.224,25.333,11.479,5.289
2022-11-14 03:30:00,506.22,336.862,290.14,681.727,169.556,168.984,140.319,128.784,57.544,34.187,30.75,26.216,25.328,10.959,5.321
2022-11-14 04:00:00,506.207,336.841,290.088,681.722,172.631,168.974,140.299,131.091,57.289,34.169,30.236,26.206,25.322,11.023,5.29
2022-11-14 04:30:00,506.195,336.822,290.032,681.717,169.483,168.965,140.28,128.925,57.289,34.151,30.792,26.195,25.314,10.707,5.221
2022-11-14 05:00:00,506.183,336.802,289.962,681.713,169.556,168.957,140.261,129.359,57.52,34.133,30.611,26.182,25.304,10.979,5.142
2022-11-14 05:30:00,506.17,336.78,289.916,681.71,176.16,168.95,140.241,128.871,58.92,34.116,29.899,26.168,25.294,10.928,5.098
2022-11-14 06:00:00,506.159,336.759,289.846,681.708,170.136,168.944,140.223,129.153,58.028,34.098,30.29,26.152,25.285,10.607,5.082
2022-11-14 06:30:00,506.148,336.739,289.783,681.706,170.05,168.94,140.205,129.737,57.399,34.082,30.3,26.135,25.276,10.602,5.024
2022-11-14 07:00:00,505.967,336.721,289.712,681.704,169.468,168.936,140.188,128.905,57.363,34.064,30.085,26.118,25.266,10.794,4.957
2022-11-14 07:30:00,505.957,336.704,289.648,681.702,173.852,168.932,140.172,130.997,57.604,34.047,30.025,26.101,25.256,10.586,4.947
2022-11-14 08:00:00,505.949,336.687,289.596,681.701,169.456,168.928,140.155,130.686,57.555,34.036,30.04,26.084,25.247,10.443,4.909
2022-11-14 08:30:00,505.941,336.67,289.563,681.699,169.467,168.923,140.139,129.025,57.367,34.02,30.001,26.068,25.238,10.461,4.844
2022-11-14 09:00:00,505.933,336.652,289.536,681.698,170.959,168.918,140.124,131.66,57.61,34.004,29.908,26.052,25.229,10.495,4.794
2022-11-14 09:30:00,505.926,336.635,289.507,681.696,169.426,168.913,140.109,130.317,57.396,33.989,29.698,26.035,25.22,10.431,4.767
2022-11-14 10:00:00,505.918,336.619,289.475,681.695,172.285,168.909,140.096,131.74,58.307,33.975,29.793,26.017,25.211,10.22,4.732
2022-11-14 10:30:00,505.919,336.617,289.457,681.707,169.651,168.918,140.09,129.235,57.289,33.965,29.859,26.004,25.204,10.121,4.665
2022-11-14 11:00:00,505.919,336.62,289.459,681.718,172.075,168.925,140.089,129.58,57.519,33.956,29.762,25.99,25.196,10.143,4.591
2022-11-14 11:30:00,505.92,336.625,289.475,681.725,172.544,168.929,140.091,129.238,57.655,33.949,29.56,25.977,25.188,10.165,4.529
2022-11-14 12:00:00,505.92,336.632,289.497,681.731,169.686,168.933,140.096,129.457,57.563,33.943,29.795,25.967,25.177,10.082,4.491
2022-11-14 12:30:00,505.915,336.63,289.513,681.727,169.744,168.927,140.096,129.257,57.414,33.937,29.824,25.954,25.168,10.122,4.45
2022-11-14 13:00:00,505.911,336.625,289.517,681.723,169.656,168.924,140.094,129.508,57.344,33.931,29.649,25.942,25.159,10.126,4.415
2022-11-14 13:30:00,506.196,336.947,290.385,682.403,170.574,169.135,140.638,129.955,57.582,34.018,29.733,26.106,25.237,10.202,4.47
2022-11-14 14:00:00,506.315,337.445,291.705,682.495,169.94,169.273,140.988,130.274,57.658,34.124,29.906,26.224,25.299,10.341,4.545
2022-11-14 14:30:00,506.506,337.843,292.939,682.461,173.687,169.31,141.226,129.734,58.455,34.238,30.188,26.257,25.335,10.559,4.62
2022-11-14 15:00:00,506.778,337.536,293.325,682.523,180.354,169.385,141.329,129.497,59.161,34.413,30.44,26.332,25.389,10.707,4.732
2022-11-14 15:30:00,506.95,337.742,293.006,682.466,169.642,169.41,141.361,134.365,59.411,33.98,31.539,26.423,25.452,11.05,4.846
2022-11-14 16:00:00,506.94,337.264,292.676,682.493,175.598,169.466,141.418,129.343,61.921,34.023,32.106,26.563,25.585,11.955,4.994
2022-11-14 16:30:00,506.91,338.317,293.249,682.502,172.102,169.472,141.468,131.649,61.638,34.032,32.772,26.642,25.687,12.579,5.252
2022-11-14 17:00:00,506.861,337.422,292.603,682.476,169.378,169.456,141.476,129.21,64.275,34.045,33.089,26.675,25.734,13.057,5.596
2022-11-14 17:30:00,506.817,337.773,292.465,682.466,174.082,169.421,141.449,131.814,60.526,34.09,33.354,26.7,25.76,13.376,5.922
2022-11-14 18:00:00,506.77,337.73,292.823,682.446,191.299,169.387,141.4,129.294,61.148,34.127,32.875,26.733,25.789,13.661,6.13
2022-11-14 18:30:00,506.726,337.623,292.52,682.416,170.425,169.353,141.339,136.028,64.917,34.141,33.593,26.765,25.82,13.628,6.29
2022-11-14 19:00:00,506.688,337.625,292.373,682.39,170.696,169.317,141.27,132.283,58.949,34.131,34.052,26.781,25.84,13.917,6.365
2022-11-14 19:30:00,506.655,337.419,292.282,682.36,170.196,169.287,141.199,132.253,61.996,34.103,32.762,26.775,25.843,14.26,6.436
2022-11-14 20:00:00,506.623,337.349,292.097,682.326,169.565,169.26,141.131,135.858,59.267,34.069,34.047,26.755,25.832,14.034,6.518
2022-11-14 20:30:00,506.592,337.332,291.78,681.853,170.202,169.236,141.073,129.772,58.619,34.03,32.663,26.726,25.812,14.274,6.547
2022-11-14 21:00:00,506.56,337.385,291.682,681.832,169.275,169.217,141.021,136.161,61.777,33.999,32.336,26.693,25.784,13.825,6.574
2022-11-14 21:30:00,506.514,337.343,291.412,681.819,170.944,169.199,140.971,131.159,60.498,33.965,32.805,26.66,25.751,13.166,6.537
2022-11-14 22:00:00,506.48,337.24,291.353,681.808,179.538,169.183,140.925,129.664,61.23,34.504,33.117,26.621,25.717,13.303,6.426
2022-11-14 22:30:00,506.451,337.188,291.215,681.8,176.496,169.166,140.885,128.869,62.127,34.473,32.196,26.584,25.685,13.473,6.366
2022-11-14 23:00:00,506.422,337.157,291.084,681.792,169.809,169.139,140.85,129.143,58.464,34.443,32.707,26.549,25.648,12.888,6.36
2022-11-14 23:30:00,506.394,337.146,290.929,681.784,180.478,169.111,140.819,129.215,58.847,34.418,31.489,26.516,25.615,13.062,6.287
2022-11-15 00:00:00,506.372,337.108,290.832,681.777,169.722,169.086,140.791,128.994,57.734,34.393,31.051,26.485,25.584,12.342,6.237
2022-11-15 00:30:00,506.351,337.072,290.743,681.77,169.806,169.068,140.768,129.014,59.431,34.368,31.853,26.457,25.556,12.165,6.143
2022-11-15 01:00:00,506.331,337.035,290.668,681.764,169.745,169.051,140.745,129.222,61.203,34.345,32.071,26.431,25.529,12.294,6.039
2022-11-15 01:30:00,506.312,337.001,290.605,681.759,169.687,169.036,140.724,130.003,57.289,34.325,30.836,26.406,25.507,12.266,6.003
2022-11-15 02:00:00,506.294,336.971,290.499,681.753,169.734,169.024,140.702,128.852,61.022,34.305,30.877,26.384,25.485,11.871,5.949
2022-11-15 02:30:00,506.277,336.942,290.415,681.737,169.619,169.012,140.383,128.619,57.289,34.285,30.239,26.363,25.462,11.632,5.883
2022-11-15 03:00:00,506.261,336.922,290.331,681.732,169.525,169.001,140.359,129.149,57.289,34.265,30.761,26.344,25.442,11.179,5.805
2022-11-15 03:30:00,506.246,336.897,290.26,681.727,169.555,168.991,140.336,128.76,57.289,34.246,30.979,26.324,25.421,11.427,5.678
2022-11-15 04:00:00,506.232,336.874,290.146,681.723,169.887,168.981,140.314,132.489,57.289,34.224,31.348,26.302,25.405,11.444,5.602
2022-11-15 04:30:00,506.218,336.852,290.071,681.719,169.506,168.971,140.294,133.304,57.799,34.202,29.972,26.278,25.386,11.705,5.555
2022-11-15 05:00:00,506.205,336.832,290.025,681.715,169.524,168.962,140.274,130.482,59.096,34.178,29.848,26.253,25.367,10.971,5.572
2022-11-15 05:30:00,506.192,336.812,289.96,681.711,169.56,168.953,140.254,129.178,58.059,34.154,30.474,26.231,25.349,10.56,5.487
2022-11-15 06:00:00,506.179,336.791,289.906,681.709,171.592,168.947,140.234,130.006,57.651,34.132,30.436,26.21,25.332,10.862,5.324
2022-11-15 06:30:00,506.167,336.769,289.835,681.707,169.477,168.942,140.216,129.007,57.823,34.112,30.254,26.189,25.317,10.921,5.213
2022-11-15 07:00:00,506.155,336.748,289.768,681.705,169.494,168.938,140.198,130.563,58.201,34.092,30.095,26.169,25.3,10.875,5.168
2022-11-15 07:30:00,506.145,336.728,289.701,681.703,169.511,168.935,140.182,128.84,57.82,34.073,30.041,26.148,25.286,10.733,5.14
2022-11-15 08:00:00,505.962,336.712,289.645,681.702,173.224,168.93,140.165,128.995,58.115,34.054,30.125,26.127,25.274,10.543,5.089
2022-11-15 08:30:00,505.953,336.695,289.606,681.7,169.471,168.925,140.149,131.031,57.573,34.039,29.807,26.106,25.261,10.601,5.009
2022-11-15 09:00:00,505.944,336.677,289.578,681.699,172.696,168.921,140.133,129.11,58.079,34.025,30.167,26.086,25.249,10.373,4.947
2022-11-15 09:30:00,505.936,336.659,289.547,681.697,170.913,168.916,140.117,128.802,57.289,34.007,29.877,26.067,25.239,10.305,4.868
2022-11-15 10:00:00,505.929,336.642,289.513,681.696,169.457,168.911,140.103,129.047,57.289,33.991,30.005,26.049,25.229,10.354,4.786
2022-11-15 10:30:00,505.921,336.625,289.481,681.695,169.986,168.907,140.09,129.0,57.304,33.976,29.545,26.03,25.219,10.388,4.733
2022-11-15 11:00:00,505.914,336.61,289.45,681.693,170.373,168.903,140.077,128.931,57.289,33.962,29.718,26.009,25.208,10.209,4.696
2022-11-15 11:30:00,505.907,336.594,289.417,681.692,170.269,168.9,140.065,129.045,57.289,33.949,29.799,25.989,25.197,10.086,4.643
2022-11-15 12:00:00,505.9,336.579,289.389,681.691,169.464,168.897,140.053,128.884,57.289,33.935,30.358,25.969,25.186,10.172,4.566
2022-11-15 12:30:00,505.893,336.566,289.361,681.69,169.41,168.893,140.042,128.863,57.289,33.922,29.616,25.952,25.17,10.359,4.514
2022-11-15 13:00:00,505.887,336.554,289.333,681.689,169.434,168.89,140.032,129.014,57.289,33.909,29.316,25.935,25.158,10.285,4.513
2022-11-15 13:30:00,505.881,336.543,289.307,681.688,169.409,168.888,140.008,128.894,57.289,33.897,29.477,25.919,25.154,9.972,4.531
2022-11-15 14:00:00,505.875,336.531,289.282,681.687,169.426,168.885,139.997,129.506,57.366,33.886,29.769,25.904,25.146,9.806,4.473
2022-11-15 14:30:00,505.87,336.522,289.26,681.688,173.33,168.884,139.988,128.992,57.562,33.878,29.545,25.89,25.136,9.891,4.373
2022-11-15 15:00:00,505.866,336.513,289.241,681.689,169.606,168.883,139.979,129.843,57.462,33.871,29.506,25.875,25.127,10.012,4.302
2022-11-15 15:30:00,505.862,336.505,289.223,681.689,171.689,168.882,139.971,129.285,57.702,33.861,29.47,25.862,25.118,9.856,4.281
2022-11-15 16:00:00,505.858,336.497,289.207,681.689,169.599,168.881,139.964,129.661,57.289,33.852,29.375,25.85,25.11,9.819,4.251
2022-11-15 16:30:00,505.854,336.486,289.19,681.687,169.594,168.879,139.957,129.189,57.439,33.845,29.555,25.836,25.102,9.791,4.206
2022-11-15 17:00:00,505.85,336.476,289.173,681.685,169.759,168.876,139.95,129.391,57.472,33.837,29.421,25.824,25.094,9.754,4.167
2022-11-15 17:30:00,505.846,336.468,289.155,681.684,169.889,168.873,139.942,130.099,57.289,33.83,29.305,25.809,25.086,9.792,4.129
2022-11-15 18:00:00,505.842,336.462,289.135,681.682,169.738,168.871,139.935,130.095,57.415,33.823,29.475,25.792,25.079,9.725,4.106
2022-11-15 18:30:00,505.839,336.455,289.115,681.681,169.504,168.869,139.928,129.678,57.289,33.816,29.39,25.775,25.071,9.684,4.081
2022-11-15 19:00:00,505.835,336.448,289.094,681.68,169.533,168.866,139.921,130.233,57.289,33.81,29.266,25.757,25.063,9.72,4.047
2022-11-15 19:30:00,505.832,336.442,289.074,681.679,172.203,168.864,139.914,129.333,57.289,33.804,29.396,25.739,25.056,9.664,4.027
2022-11-15 20:00:00,505.828,336.436,289.055,681.678,169.723,168.862,139.907,129.263,57.294,33.798,29.21,25.721,25.049,9.604,4.006
2022-11-15 20:30:00,505.825,336.43,289.036,681.677,171.962,168.86,139.901,129.147,57.344,33.792,29.426,25.702,25.043,9.616,3.972
2022-11-15 21:00:00,505.822,336.424,289.016,681.677,169.643,168.858,139.894,129.405,57.289,33.788,29.258,25.682,25.037,9.553,3.945
2022-11-15 21:30:00,505.818,336.417,288.998,681.676,169.571,168.857,139.888,129.293,57.289,33.784,29.241,25.663,25.03,9.595,3.914
2022-11-15 22:00:00,505.815,336.411,288.98,681.675,170.308,168.855,139.882,129.31,57.289,33.779,29.231,25.644,25.023,9.556,3.893
2022-11-15 22:30:00,505.812,336.406,288.963,681.674,171.217,168.853,139.876,129.275,57.339,33.774,29.345,25.624,25.017,9.519,3.877
2022-11-15 23:00:00,505.809,336.4,288.947,681.674,169.576,168.851,139.87,128.646,57.289,33.768,29.184,25.605,25.01,9.504,3.85
2022-11-15 23:30:00,505.806,336.395,288.931,681.673,169.599,168.849,139.864,128.93,57.297,33.763,29.235,25.586,25.003,9.53,3.824
2022-11-16 00:00:00,505.802,336.389,288.915,681.672,169.545,168.848,139.858,129.275,57.289,33.758,29.241,25.57,24.996,9.485,3.811
2022-11-16 00:30:00,505.799,336.384,288.9,681.672,171.714,168.846,139.852,129.341,57.289,33.752,29.131,25.556,24.989,9.469,3.796
2022-11-16 01:00:00,505.796,336.379,288.885,681.671,170.324,168.844,139.847,129.535,57.289,33.747,29.22,25.545,24.983,9.476,3.772
2022-11-16 01:30:00,505.793,336.374,288.87,681.67,169.746,168.843,139.841,129.32,57.289,33.742,29.123,25.536,24.976,9.426,3.759
2022-11-16 02:00:00,505.791,336.369,288.855,681.593,169.648,168.841,139.836,129.255,57.289,33.738,29.15,25.528,24.969,9.427,3.738
2022-11-16 02:30:00,505.788,336.365,288.841,681.592,169.593,168.84,139.831,129.658,57.289,33.734,29.16,25.521,24.962,9.403,3.716
2022-11-16 03:00:00,505.785,336.36,288.827,681.592,170.681,168.838,139.826,129.133,57.289,33.729,29.142,25.516,24.956,9.388,3.698
2022-11-16 03:30:00,505.782,336.356,288.812,681.591,170.587,168.837,139.821,129.188,57.289,33.724,29.072,25.511,24.949,9.387,3.678
2022-11-16 04:00:00,505.779,336.352,288.798,681.59,170.905,168.836,139.816,128.691,57.289,33.719,29.141,25.507,24.943,9.373,3.664
2022-11-16 04:30:00,505.776,336.347,288.784,681.59,169.708,168.834,139.811,128.637,57.289,33.715,29.069,25.503,24.937,9.345,3.651
2022-11-16 05:00:00,505.773,336.343,288.771,681.589,169.593,168.833,139.806,128.471,57.289,33.71,29.067,25.5,24.931,9.341,3.633
2022-11-16 05:30:00,505.77,336.338,288.758,681.588,170.034,168.832,139.802,129.005,57.289,33.705,29.067,25.497,24.926,9.331,3.616
2022-11-16 06:00:00,505.767,336.335,288.745,681.588,169.604,168.831,139.797,128.82,57.289,33.7,29.073,25.494,24.92,9.309,3.603
2022-11-16 06:30:00,505.764,336.331,288.733,681.587,169.927,168.83,139.793,128.553,57.289,33.696,29.05,25.492,24.915,9.301,3.586
2022-11-16 07:00:00,505.761,336.328,288.721,681.586,169.618,168.829,139.789,129.356,57.289,33.691,29.046,25.49,24.909,9.296,3.569
2022-11-16 07:30:00,505.758,336.325,288.709,681.586,169.608,168.828,139.784,128.518,57.289,33.65,29.031,25.488,24.904,9.288,3.557
2022-11-16 08:00:00,505.755,336.322,288.697,681.585,169.965,168.827,139.78,129.117,57.289,33.645,28.971,25.486,24.899,9.278,3.545
2022-11-16 08:30:00,505.752,336.319,288.685,681.584,170.268,168.826,139.776,128.956,57.289,33.641,28.97,25.485,24.894,9.266,3.534
2022-11-16 09:00:00,505.75,336.315,288.673,681.584,170.19,168.825,139.772,128.955,57.289,33.637,29.009,25.483,24.89,9.247,3.521
2022-11-16 09:30:00,505.747,336.312,288.661,681.583,170.414,168.824,139.769,128.596,57.289,33.634,29.019,25.482,24.885,9.227,3.507
2022-11-16 10:00:00,505.744,336.309,288.649,681.583,170.291,168.823,139.765,128.931,57.31,33.63,28.981,25.481,24.88,9.224,3.492
2022-11-16 10:30:00,505.743,336.307,288.64,681.584,169.677,168.824,139.762,129.259,57.289,33.627,28.953,25.482,24.877,9.236,3.479
2022-11-16 11:00:00,505.741,336.306,288.633,681.586,169.626,168.825,139.76,128.547,57.289,33.624,28.956,25.483,24.873,9.228,3.474
2022-11-16 11:30:00,505.739,336.303,288.624,681.584,170.46,168.824,139.756,129.155,57.289,33.62,28.983,25.481,24.869,9.211,3.471
2022-11-16 12:00:00,505.737,336.301,288.615,681.583,169.621,168.823,139.754,129.26,57.289,33.617,28.952,25.48,24.864,9.197,3.463
2022-11-16 12:30:00,505.735,336.3,288.609,681.584,169.833,168.824,139.752,129.039,57.332,33.614,28.929,25.481,24.861,9.199,3.453
2022-11-16 13:00:00,505.734,336.299,288.605,681.585,169.655,168.825,140.666,129.263,57.289,33.612,28.939,25.482,24.857,9.198,3.445
2022-11-16 13:30:00,505.732,336.297,288.598,681.584,170.182,168.824,140.663,129.324,57.289,33.609,28.92,25.481,24.853,9.184,3.44
2022-11-16 14:00:00,505.73,336.295,288.592,681.583,169.589,168.823,140.661,129.31,57.289,33.606,28.912,25.48,24.849,9.175,3.434
2022-11-16 14:30:00,505.728,336.292,288.586,681.581,169.671,168.822,140.658,129.207,57.289,33.604,28.923,25.479,24.845,9.17,3.425
2022-11-16 15:00:00,505.726,336.29,288.579,681.58,169.59,168.821,140.656,128.645,57.289,33.602,28.895,25.478,24.841,9.16,3.417
2022-11-16 15:30:00,505.724,336.287,288.573,681.579,169.756,168.82,140.653,129.02,57.289,33.599,28.886,25.478,24.837,9.157,3.408
2022-11-16 16:00:00,505.723,336.284,288.565,681.579,169.746,168.82,140.651,128.822,57.289,33.597,28.901,25.477,24.834,9.152,3.401
2022-11-16 16:30:00,505.721,336.282,288.558,681.578,169.608,168.819,140.648,129.101,57.289,33.595,28.873,25.476,24.83,9.141,3.394
2022-11-16 17:00:00,505.719,336.279,288.55,681.577,169.584,168.818,140.646,129.512,57.289,33.592,28.885,25.475,24.827,9.137,3.386
2022-11-16 17:30:00,505.717,336.277,288.542,681.577,169.724,168.818,140.643,128.607,57.289,33.59,28.876,25.475,24.823,9.136,3.378
2022-11-16 18:00:00,505.716,336.275,288.536,681.576,170.566,168.817,140.641,129.28,57.289,33.588,28.9,25.474,24.819,9.127,3.373
2022-11-16 18:30:00,505.714,336.272,288.529,681.576,169.885,168.816,140.638,129.181,57.289,33.586,28.857,25.474,24.813,9.125,3.367
2022-11-16 19:00:00,505.713,336.27,288.523,681.575,169.601,168.816,140.636,129.064,57.289,33.584,28.86,25.473,24.809,9.126,3.361
2022-11-16 19:30:00,505.711,336.267,288.518,681.575,169.58,168.815,140.634,129.191,57.289,33.582,28.853,25.473,24.805,9.125,3.356
2022-11-16 20:00:00,505.71,336.265,288.512,681.574,170.144,168.815,140.631,129.007,57.289,33.58,28.861,25.472,24.801,9.113,3.354
2022-11-16 20:30:00,505.709,336.262,288.506,681.574,169.664,168.814,140.629,128.82,57.289,33.578,28.856,25.472,24.797,9.107,3.35
2022-11-16 21:00:00,505.708,336.26,288.501,681.573,169.632,168.814,140.626,128.586,57.289,33.576,28.856,25.471,24.794,9.101,3.344
2022-11-16 21:30:00,505.707,336.258,288.495,681.573,170.261,168.813,140.624,128.947,57.289,33.574,28.838,25.471,24.79,9.1,3.338
2022-11-16 22:00:00,505.706,336.255,288.489,681.572,169.795,168.812,140.621,128.661,57.289,33.573,28.841,25.47,24.787,9.098,3.333
2022-11-16 22:30:00,505.705,336.253,288.484,681.572,169.532,168.812,140.619,128.749,57.289,33.571,28.818,25.47,24.783,9.093,3.329
2022-11-16 23:00:00,505.704,336.251,288.479,681.571,169.699,168.811,140.616,129.057,57.289,33.569,28.832,25.47,24.78,9.086,3.325
2022-11-16 23:30:00,505.703,336.249,288.474,681.571,169.941,168.81,140.614,128.633,57.289,33.567,28.828,25.469,24.777,9.08,3.321
2022-11-17 00:00:00,505.702,336.246,288.469,681.57,169.703,168.81,140.612,129.162,57.289,33.566,28.813,25.469,24.773,9.071,3.316
2022-11-17 00:30:00,505.701,336.244,288.464,681.57,169.632,168.809,140.61,128.616,57.289,33.564,28.823,25.469,24.834,9.069,3.31
2022-11-17 01:00:00,505.7,336.242,288.459,681.57,170.001,168.809,140.607,129.218,57.289,33.562,28.799,25.469,24.831,9.065,3.305
2022-11-17 01:30:00,505.699,336.24,288.455,681.569,169.642,168.808,140.605,129.13,57.289,33.56,28.797,25.468,24.828,9.06,3.3
2022-11-17 02:00:00,505.698,336.238,288.45,681.569,170.386,168.807,140.603,128.942,57.289,33.559,28.803,25.468,24.825,9.056,3.296
2022-11-17 02:30:00,505.697,336.236,288.446,681.568,169.695,168.807,140.601,128.812,57.289,33.557,28.804,25.468,24.822,9.047,3.291
2022-11-17 03:00:00,505.696,336.234,288.442,681.568,170.158,168.806,140.599,128.635,57.289,33.556,28.801,25.467,24.819,9.04,3.287
2022-11-17 03:30:00,505.695,336.232,288.438,681.568,169.866,168.806,140.597,129.008,57.289,33.554,28.797,25.467,24.816,9.038,3.281
2022-11-17 04:00:00,505.694,336.23,288.434,681.567,169.667,168.805,140.594,129.204,57.289,33.553,28.791,25.467,24.812,9.036,3.276
2022-11-17 04:30:00,505.693,336.229,288.43,681.567,169.673,168.805,140.592,128.956,57.289,33.552,28.777,25.467,24.809,9.034,3.273
2022-11-17 05:00:00,505.692,336.227,288.426,681.566,170.084,168.804,140.59,128.735,57.289,33.55,28.779,25.467,24.806,9.03,3.27
2022-11-17 05:30:00,505.691,336.225,288.422,681.566,169.778,168.804,140.588,128.815,57.289,33.549,28.786,25.466,24.804,9.024,3.267
2022-11-17 06:00:00,505.69,336.223,288.418,681.566,169.637,168.803,140.587,128.941,57.289,33.548,28.772,25.466,24.801,9.016,3.264
2022-11-17 06:30:00,505.689,336.221,288.414,681.565,169.661,168.803,140.585,129.146,57.289,33.546,28.753,25.466,24.798,9.012,3.259
2022-11-17 07:00:00,505.688,336.219,288.41,681.565,169.863,168.802,140.583,128.991,57.289,33.545,28.761,25.466,24.795,9.01,3.255
2022-11-17 07:30:00,505.687,336.218,288.406,681.565,169.654,168.802,140.581,129.17,57.289,33.544,28.762,25.466,24.793,9.004,3.251
2022-11-17 08:00:00,505.686,336.216,288.402,681.564,169.772,168.801,140.58,129.188,57.289,33.543,28.757,25.466,24.79,8.994,3.247
2022-11-17 08:30:00,505.686,336.214,288.398,681.564,169.582,168.801,140.578,129.103,57.289,33.542,28.759,25.465,24.788,8.989,3.242
2022-11-17 09:00:00,505.685,336.212,288.394,681.564,169.703,168.8,140.577,129.142,57.289,33.54,28.752,25.465,24.785,8.987,3.237
2022-11-17 09:30:00,505.684,336.21,288.39,681.563,169.729,168.8,140.575,128.722,57.289,33.539,28.751,25.465,24.783,8.984,3.233
2022-11-17 10:00:00,505.683,336.209,288.386,681.563,169.968,168.8,140.574,129.201,57.289,33.538,28.751,25.465,24.78,8.982,3.229
2022-11-17 10:30:00,505.682,336.207,288.383,681.562,169.685,168.799,140.572,129.161,57.289,33.537,28.756,25.465,24.778,8.978,3.225
2022-11-17 11:00:00,505.681,336.205,288.379,681.562,169.915,168.799,140.571,128.862,57.289,33.536,28.749,25.465,24.775,8.974,3.222
2022-11-17 11:30:00,505.681,336.206,288.378,681.564,169.684,168.8,140.57,129.146,57.289,33.536,28.731,25.467,24.774,8.972,3.219
2022-11-17 12:00:00,505.682,336.206,288.378,681.565,169.698,168.802,140.57,128.93,57.289,33.535,28.724,25.468,24.772,8.971,3.217
2022-11-17 12:30:00,505.681,336.204,288.375,681.565,169.716,168.801,140.569,129.165,57.289,33.533,28.732,25.468,24.77,8.968,3.215
2022-11-17 13:00:00,505.68,336.203,288.373,681.564,169.73,168.801,140.568,129.007,57.289,33.532,28.731,25.468,24.767,8.959,3.213
2022-11-17 13:30:00,505.679,336.202,288.371,681.563,169.822,168.8,140.567,129.135,57.289,33.531,28.734,25.468,24.765,8.95,3.21
2022-11-17 14:00:00,505.679,336.201,288.369,681.563,169.818,168.8,140.566,129.047,57.289,33.53,28.731,25.467,24.763,8.946,3.206
2022-11-17 14:30:00,505.678,336.2,288.367,681.562,169.698,168.799,140.565,129.047,57.289,33.53,28.72,25.467,24.761,8.944,3.201
2022-11-17 15:00:00,505.677,336.199,288.365,681.561,169.566,168.799,140.564,129.017,57.289,33.529,28.719,25.467,24.759,8.942,3.197
2022-11-17 15:30:00,505.683,336.211,288.381,681.575,169.798,168.811,140.572,129.011,57.289,33.537,28.719,25.481,24.762,8.943,3.201
2022-11-17 16:00:00,505.69,336.222,288.402,681.588,169.758,168.824,140.58,129.2,57.289,33.587,28.724,25.494,24.764,8.942,3.202
2022-11-17 16:30:00,505.715,336.274,288.483,681.713,169.735,168.872,140.624,129.051,57.289,33.615,28.739,25.547,24.782,8.95,3.212
2022-11-17 17:00:00,505.734,336.332,288.585,681.749,170.228,168.912,139.77,129.183,57.289,33.626,28.759,25.593,24.797,8.967,3.221
2022-11-17 17:30:00,505.732,336.359,288.664,681.735,169.712,168.896,139.809,129.209,57.289,33.61,28.77,25.582,24.79,8.975,3.217
2022-11-17 18:00:00,505.735,336.39,288.76,681.727,169.751,168.888,139.836,129.182,57.289,33.613,28.775,25.57,24.786,8.984,3.218
2022-11-17 18:30:00,505.74,336.403,288.899,681.712,169.893,168.886,139.857,129.53,57.289,33.617,28.782,25.558,24.784,8.99,3.221
2022-11-17 19:00:00,505.747,336.409,289.005,681.698,169.711,168.889,139.876,129.6,57.289,33.621,28.798,25.547,24.783,8.996,3.225
2022-11-17 19:30:00,505.756,336.412,289.052,681.689,169.678,168.89,139.895,129.14,57.289,33.624,28.817,25.538,24.782,9.0,3.23
2022-11-17 20:00:00,505.767,336.415,289.057,681.683,170.562,168.892,139.912,129.435,57.321,33.627,28.836,25.531,24.781,9.005,3.234
2022-11-17 20:30:00,505.78,336.42,289.047,681.682,170.022,168.896,139.928,129.299,57.289,33.632,28.856,25.526,24.782,9.014,3.24
2022-11-17 21:00:00,505.792,336.423,289.038,681.683,170.285,168.901,139.941,129.691,57.289,33.637,28.928,25.522,24.783,9.025,3.245
2022-11-17 21:30:00,505.803,336.426,289.034,681.683,170.561,168.903,139.951,130.1,57.289,33.641,29.109,25.516,24.783,9.037,3.251
2022-11-17 22:00:00,505.811,336.429,289.034,681.685,169.654,168.903,139.958,129.901,57.289,33.647,29.112,25.511,24.785,9.055,3.259
2022-11-17 22:30:00,505.817,336.433,289.037,681.687,169.623,168.902,139.962,129.833,57.294,33.653,29.159,25.507,24.787,9.115,3.268
2022-11-17 23:00:00,505.822,336.438,289.041,681.688,169.62,168.9,139.965,129.465,57.289,33.659,29.209,25.504,24.789,9.189,3.286
2022-11-17 23:30:00,505.826,336.443,289.043,681.689,169.588,168.899,139.967,129.683,57.289,33.665,29.201,25.5,24.792,9.221,3.329
2022-11-18 00:00:00,505.83,336.447,289.044,681.688,169.885,168.898,139.968,129.231,57.289,33.67,29.255,25.498,24.796,9.259,3.378
2022-11-18 00:30:00,505.833,336.451,289.042,681.688,169.686,168.897,139.968,129.432,57.313,33.674,29.188,25.495,24.8,9.268,3.418
2022-11-18 01:00:00,505.836,336.454,289.038,681.687,169.775,168.896,139.967,129.37,57.289,33.677,29.238,25.493,24.805,9.289,3.449
2022-11-18 01:30:00,505.839,336.455,289.034,681.686,172.198,168.896,139.965,129.39,57.612,33.679,29.281,25.491,24.81,9.279,3.472
2022-11-18 02:00:00,505.841,336.456,289.029,681.686,169.776,168.895,139.964,129.345,57.289,33.68,29.385,25.489,24.817,9.282,3.488
2022-11-18 02:30:00,505.843,336.456,289.024,681.685,169.663,168.894,139.962,129.454,57.289,33.682,29.23,25.487,24.823,9.319,3.494
2022-11-18 03:00:00,505.845,336.457,289.019,681.684,170.184,168.894,139.959,129.328,57.326,33.684,29.31,25.486,24.83,9.371,3.506
2022-11-18 03:30:00,505.846,336.457,289.012,681.683,169.639,168.893,139.957,129.231,57.291,33.686,29.19,25.484,24.773,9.336,3.534
2022-11-18 04:00:00,505.847,336.457,289.006,681.683,169.677,168.892,139.956,129.743,57.289,33.688,29.298,25.483,24.779,9.331,3.552
2022-11-18 04:30:00,505.848,336.457,288.999,681.682,169.608,168.89,139.954,129.458,57.297,33.691,29.283,25.482,24.785,9.294,3.552
2022-11-18 05:00:00,505.848,336.457,288.991,681.681,169.653,168.889,139.952,129.848,57.289,33.694,29.227,25.481,24.79,9.325,3.539
2022-11-18 05:30:00,505.847,336.456,288.981,681.68,169.597,168.887,139.951,129.327,57.289,33.697,29.239,25.48,24.795,9.334,3.533
2022-11-18 06:00:00,505.847,336.455,288.972,681.679,169.757,168.886,139.949,129.578,57.321,33.701,29.328,25.479,24.801,9.308,3.539
2022-11-18 06:30:00,505.846,336.454,288.962,681.678,169.839,168.884,139.947,129.282,57.289,33.704,29.211,25.478,24.806,9.301,3.537
2022-11-18 07:00:00,505.845,336.453,288.953,681.678,170.405,168.882,139.945,129.215,57.289,33.708,29.189,25.477,24.811,9.344,3.527
2022-11-18 07:30:00,505.843,336.451,288.943,681.677,169.643,168.88,139.943,129.114,57.291,33.712,29.272,25.476,24.816,9.315,3.533
2022-11-18 08:00:00,505.842,336.449,288.933,681.677,169.662,168.878,139.94,129.767,57.289,33.715,29.237,25.475,24.824,9.283,3.538
2022-11-18 08:30:00,505.84,336.447,288.923,681.677,170.981,168.876,139.937,129.695,57.289,33.719,29.392,25.475,24.831,9.316,3.523
2022-11-18 09:00:00,505.838,336.444,288.912,681.678,171.783,168.874,139.934,129.386,57.289,33.722,29.247,25.474,24.836,9.322,3.519
2022-11-18 09:30:00,505.836,336.441,288.901,681.679,169.531,168.872,139.93,129.352,57.332,33.724,29.142,25.474,24.841,9.387,3.525
2022-11-18 10:00:00,505.834,336.438,288.89,681.68,169.743,168.87,139.926,129.317,57.289,33.693,29.185,25.473,24.845,9.352,3.547
2022-11-18 10:30:00,505.832,336.435,288.878,681.68,169.744,168.868,139.922,129.535,57.289,33.695,29.219,25.472,24.85,9.283,3.565
2022-11-18 11:00:00,505.829,336.432,288.866,681.681,169.559,168.866,139.918,129.644,57.293,33.696,29.259,25.472,24.854,9.276,3.545
2022-11-18 11:30:00,505.827,336.428,288.854,681.682,170.171,168.864,139.914,129.348,57.289,33.697,29.228,25.472,24.859,9.298,3.518
2022-11-18 12:00:00,505.824,336.425,288.842,681.682,169.634,168.862,139.909,129.107,57.289,33.698,29.158,25.471,24.863,9.329,3.509
2022-11-18 12:30:00,505.822,336.421,288.829,681.682,169.825,168.86,139.905,129.094,57.289,33.698,29.251,25.471,24.867,9.323,3.517
2022-11-18 13:00:00,505.819,336.417,288.815,681.682,169.642,168.858,139.9,129.331,57.289,33.697,29.181,25.47,24.87,9.297,3.527
2022-11-18 13:30:00,505.817,336.413,288.802,681.682,169.61,168.856,139.895,129.004,57.289,33.697,29.196,25.47,24.874,9.32,3.523
2022-11-18 14:00:00,505.814,336.409,288.788,681.681,169.723,168.854,139.89,129.366,57.332,33.696,29.125,25.47,24.877,9.311,3.522
2022-11-18 14:30:00,505.812,336.404,288.774,681.68,169.689,168.852,139.886,129.392,57.289,33.695,29.189,25.469,24.879,9.305,3.523
2022-11-18 15:00:00,505.809,336.4,288.76,681.68,169.644,168.851,139.881,128.641,57.289,33.693,29.172,25.469,24.882,9.285,3.52
2022-11-18 15:30:00,505.806,336.396,288.747,681.679,169.616,168.849,139.876,129.3,57.289,33.692,29.206,25.469,24.884,9.287,3.512
2022-11-18 16:00:00,505.803,336.391,288.735,681.678,169.645,168.847,139.871,129.061,57.289,33.69,29.117,25.468,24.885,9.301,3.504
2022-11-18 16:30:00,505.801,336.387,288.723,681.678,170.738,168.846,139.866,129.503,57.289,33.687,29.104,25.468,24.886,9.308,3.505
2022-11-18 17:00:00,505.798,336.383,288.711,681.677,169.562,168.844,139.861,129.242,57.289,33.685,29.173,25.468,24.887,9.29,3.508
2022-11-18 17:30:00,505.795,336.378,288.701,681.676,169.636,168.843,139.856,130.061,57.289,33.682,29.152,25.468,24.887,9.27,3.508
2022-11-18 18:00:00,505.793,336.374,288.691,681.675,170.088,168.841,139.851,129.335,57.289,33.68,29.095,25.467,24.887,9.278,3.499
2022-11-18 18:30:00,505.79,336.37,288.681,681.675,171.267,168.84,139.846,129.196,57.289,33.677,29.069,25.467,24.886,9.293,3.493
2022-11-18 19:00:00,505.788,336.365,288.673,681.674,169.517,168.838,139.841,129.244,57.289,33.674,29.075,25.467,24.885,9.279,3.494
2022-11-18 19:30:00,505.785,336.361,288.667,681.673,169.602,168.837,139.836,129.264,57.289,33.67,29.083,25.467,24.884,9.25,3.495
2022-11-18 20:00:00,505.782,336.357,288.663,681.673,170.602,168.836,139.832,128.637,57.289,33.667,29.093,25.466,24.883,9.248,3.485
2022-11-18 20:30:00,505.78,336.353,288.661,681.672,170.713,168.834,139.827,129.051,57.289,33.663,29.097,25.466,24.882,9.246,3.474
2022-11-18 21:00:00,505.777,336.349,288.66,681.671,169.558,168.833,139.823,129.345,57.289,33.66,29.081,25.466,24.88,9.255,3.466
2022-11-18 21:30:00,505.774,336.345,288.661,681.671,169.518,168.832,139.818,128.649,57.289,33.656,29.093,25.466,24.878,9.255,3.463
2022-11-18 22:00:00,505.771,336.341,288.662,681.67,169.591,168.831,139.814,129.505,57.289,33.652,29.024,25.466,24.876,9.261,3.463
2022-11-18 22:30:00,505.768,336.337,288.665,681.593,169.587,168.83,139.809,128.75,57.289,33.649,29.041,25.465,24.874,9.255,3.465
2022-11-18 23:00:00,505.765,336.334,288.667,681.592,169.569,168.828,139.805,128.527,57.289,33.646,29.064,25.465,24.872,9.236,3.466
2022-11-18 23:30:00,505.763,336.332,288.67,681.593,169.972,168.829,139.802,129.174,57.289,33.643,29.099,25.467,24.87,9.227,3.461
2022-11-19 00:00:00,505.761,336.331,288.673,681.671,169.884,168.83,139.799,129.232,57.289,33.64,29.044,25.469,24.868,9.232,3.454
2022-11-19 00:30:00,505.76,336.332,288.677,681.673,169.684,168.833,139.797,129.151,57.289,33.638,29.035,25.473,24.867,9.241,3.45
2022-11-19 01:00:00,505.76,336.332,288.682,681.675,169.977,168.835,139.796,129.206,57.289,33.635,29.007,25.476,24.865,9.246,3.451
2022-11-19 01:30:00,505.761,336.337,288.692,681.68,169.739,168.841,139.798,129.133,57.35,33.674,28.979,25.484,24.864,9.229,3.456
2022-11-19 02:00:00,505.763,336.341,288.705,681.684,170.862,168.847,139.802,129.223,57.289,33.674,29.051,25.491,24.863,9.219,3.456
2022-11-19 02:30:00,505.768,336.353,288.731,681.695,170.745,168.858,139.811,129.112,57.289,33.677,28.996,25.505,24.864,9.208,3.453
2022-11-19 03:00:00,505.773,336.367,288.766,681.703,170.102,168.869,139.825,129.263,57.289,33.68,29.041,25.519,24.864,9.213,3.449
2022-11-19 03:30:00,505.773,336.373,288.8,681.7,170.06,168.867,139.835,129.827,57.378,33.679,29.006,25.52,24.862,9.222,3.441
2022-11-19 04:00:00,505.773,336.377,288.837,681.698,170.074,168.867,139.844,129.468,57.289,33.68,28.977,25.52,24.861,9.218,3.44
2022-11-19 04:30:00,505.799,336.432,288.937,681.749,170.379,168.917,139.89,129.457,57.289,33.702,29.042,25.577,24.875,9.236,3.457
2022-11-19 05:00:00,505.821,336.494,289.082,681.797,169.752,168.951,139.958,129.478,57.289,33.717,29.068,25.625,24.887,9.242,3.468
2022-11-19 05:30:00,505.83,336.535,289.258,681.802,171.409,168.949,140.019,129.604,57.289,33.725,29.071,25.628,24.889,9.259,3.471
2022-11-19 06:00:00,505.846,336.593,289.484,681.803,171.381,168.956,140.092,129.329,57.289,33.74,29.149,25.628,24.895,9.287,3.481
2022-11-19 06:30:00,505.866,336.669,289.658,681.797,169.861,168.965,140.142,129.387,57.448,33.755,29.148,25.623,24.9,9.302,3.496
2022-11-19 07:00:00,505.89,336.724,289.754,681.794,169.838,168.974,140.187,129.347,57.44,33.77,29.254,25.618,24.907,9.335,3.513
2022-11-19 07:30:00,505.91,336.763,289.818,681.785,171.307,168.977,140.218,130.444,57.289,33.784,29.294,25.603,24.911,9.357,3.533
2022-11-19 08:00:00,505.932,336.789,289.878,681.782,169.913,168.991,140.24,129.318,57.564,33.8,29.45,25.591,24.918,9.405,3.559
2022-11-19 08:30:00,505.95,336.808,289.936,681.777,169.725,168.995,140.251,130.245,57.47,33.816,29.543,25.576,24.926,9.458,3.592
2022-11-19 09:00:00,506.142,336.83,289.976,681.774,169.903,168.997,140.255,131.777,57.989,33.834,29.69,25.564,24.936,9.58,3.633
2022-11-19 09:30:00,506.153,336.85,290.011,681.77,169.81,168.996,140.253,129.559,57.845,33.849,29.837,25.552,24.949,9.68,3.7
2022-11-19 10:00:00,506.164,336.863,290.011,681.765,169.881,168.996,140.25,131.936,58.166,33.862,30.123,25.543,24.964,9.818,3.781
2022-11-19 10:30:00,506.176,336.868,289.997,681.76,169.702,168.996,140.246,129.478,57.593,33.871,29.976,25.545,24.982,10.055,3.869
2022-11-19 11:00:00,506.187,336.867,289.988,681.755,169.697,168.998,140.243,130.8,57.573,33.88,29.892,25.567,25.0,10.083,3.984
2022-11-19 11:30:00,506.195,336.863,289.953,681.739,169.798,169.0,140.243,129.608,57.717,33.892,30.378,25.606,25.018,10.065,4.087
2022-11-19 12:00:00,506.2,336.858,289.936,681.734,169.574,169.0,140.246,129.432,57.314,33.903,30.189,25.654,25.034,10.163,4.145
2022-11-19 12:30:00,506.202,336.852,289.893,681.729,169.715,168.998,140.249,129.26,59.157,33.912,30.348,25.705,25.05,10.272,4.195
2022-11-19 13:00:00,506.202,336.846,289.868,681.726,169.637,168.995,140.252,129.238,57.289,33.92,29.832,25.751,25.065,10.391,4.281
2022-11-19 13:30:00,506.2,336.84,289.829,681.724,175.365,168.991,140.253,129.287,57.35,33.927,30.26,25.791,25.079,10.234,4.365
2022-11-19 14:00:00,506.197,336.833,289.789,681.725,169.623,168.986,140.253,131.81,57.728,33.933,30.399,25.824,25.091,10.298,4.411
2022-11-19 14:30:00,506.029,336.825,289.758,681.728,169.62,168.979,140.249,131.493,57.356,33.936,29.836,25.847,25.101,10.252,4.42
2022-11-19 15:00:00,506.024,336.816,289.724,681.73,169.74,168.973,140.244,129.773,58.094,33.939,30.407,25.862,25.11,10.268,4.433
2022-11-19 15:30:00,506.018,336.806,289.687,681.731,169.603,168.967,140.237,129.256,57.915,33.94,29.822,25.873,25.117,10.288,4.449
2022-11-19 16:00:00,506.01,336.794,289.649,681.729,169.557,168.961,140.229,129.764,57.625,33.939,30.045,25.88,25.122,10.288,4.446
2022-11-19 16:30:00,506.003,336.78,289.613,681.726,169.606,168.956,140.22,129.92,58.641,33.939,30.491,25.886,25.127,10.122,4.463
2022-11-19 17:00:00,505.995,336.766,289.58,681.723,169.493,168.951,140.211,129.194,57.289,33.939,29.95,25.889,25.13,10.335,4.431
2022-11-19 17:30:00,505.987,336.752,289.549,681.72,174.7,168.947,140.2,131.346,58.333,33.939,30.219,25.891,25.132,10.412,4.433
2022-11-19 18:00:00,505.98,336.738,289.522,681.717,169.434,168.943,140.19,129.703,58.263,33.94,29.531,25.892,25.133,10.397,4.488
2022-11-19 18:30:00,505.973,336.724,289.508,681.714,169.505,168.94,140.179,129.108,57.334,33.941,29.994,25.893,25.134,10.139,4.509
2022-11-19 19:00:00,505.965,336.71,289.516,681.711,169.552,168.936,140.167,130.128,57.461,33.941,29.956,25.894,25.134,9.925,4.481
2022-11-19 19:30:00,505.958,336.695,289.545,681.709,169.864,168.933,140.156,129.239,57.8,33.94,29.957,25.894,25.134,10.115,4.395
2022-11-19 20:00:00,505.951,336.681,289.562,681.707,169.488,168.93,140.144,129.463,57.649,33.938,29.763,25.894,25.134,10.172,4.35
2022-11-19 20:30:00,505.944,336.666,289.559,681.705,170.778,168.925,140.132,130.213,58.194,33.934,29.935,25.894,25.134,10.124,4.346
2022-11-19 21:00:00,505.937,336.65,289.543,681.703,169.452,168.921,140.12,129.172,58.356,33.93,29.997,25.893,25.134,10.042,4.341
2022-11-19 21:30:00,505.93,336.635,289.521,681.702,171.382,168.917,140.108,131.209,57.523,33.924,29.908,25.891,25.133,10.21,4.318
2022-11-19 22:00:00,505.923,336.621,289.495,681.7,169.455,168.912,140.096,131.358,57.314,33.917,29.948,25.888,25.131,10.181,4.323
2022-11-19 22:30:00,505.916,336.607,289.466,681.699,170.509,168.908,140.085,129.466,58.213,33.911,29.716,25.883,25.128,10.113,4.338
2022-11-19 23:00:00,505.909,336.594,289.439,681.697,169.946,168.905,140.074,131.284,57.772,33.904,29.646,25.878,25.125,10.065,4.334
2022-11-19 23:30:00,505.903,336.58,289.414,681.696,169.422,168.901,140.063,129.225,57.323,33.896,29.852,25.872,25.122,9.963,4.318
2022-11-20 00:00:00,505.896,336.567,289.387,681.695,169.425,168.898,140.053,129.473,57.365,33.888,29.799,25.865,25.117,9.922,4.281
2022-11-20 00:30:00,505.89,336.556,289.36,681.693,173.852,168.895,140.043,129.115,57.321,33.881,29.562,25.858,25.113,10.018,4.24
2022-11-20 01:00:00,505.884,336.545,289.336,681.692,169.505,168.892,140.033,129.356,57.289,33.874,29.634,25.849,25.108,9.945,4.223
2022-11-20 01:30:00,505.878,336.535,289.311,681.691,169.44,168.889,140.01,129.188,57.617,33.869,29.635,25.841,25.103,9.843,4.209
2022-11-20 02:00:00,505.873,336.524,289.285,681.69,169.599,168.887,140.0,129.198,57.75,33.862,29.612,25.832,25.097,9.86,4.174
2022-11-20 02:30:00,505.868,336.514,289.262,681.689,169.545,168.884,139.99,129.515,57.465,33.854,29.5,25.825,25.093,9.953,4.143
2022-11-20 03:00:00,505.863,336.504,289.24,681.688,169.407,168.882,139.981,129.254,57.54,33.846,29.588,25.816,25.088,9.824,4.135
2022-11-20 03:30:00,505.858,336.494,289.219,681.687,171.026,168.879,139.972,129.242,57.741,33.84,29.726,25.805,25.083,9.763,4.121
2022-11-20 04:00:00,505.854,336.483,289.198,681.686,171.677,168.877,139.963,130.474,57.289,33.834,29.499,25.793,25.078,9.858,4.087
2022-11-20 04:30:00,505.85,336.473,289.178,681.686,169.501,168.874,139.955,129.282,57.289,33.827,29.359,25.78,25.073,9.884,4.072
2022-11-20 05:00:00,505.846,336.466,289.157,681.685,169.556,168.872,139.947,129.246,57.834,33.821,29.515,25.766,25.066,9.757,4.079
2022-11-20 05:30:00,505.842,336.46,289.137,681.684,172.691,168.87,139.939,129.196,57.289,33.815,29.455,25.752,25.06,9.675,4.063
2022-11-20 06:00:00,505.839,336.453,289.116,681.683,170.569,168.868,139.932,129.296,57.406,33.809,29.464,25.736,25.055,9.711,4.023
2022-11-20 06:30:00,505.835,336.446,289.095,681.682,169.74,168.865,139.924,129.249,57.289,33.804,29.395,25.72,25.049,9.67,3.995
2022-11-20 07:00:00,505.831,336.44,289.074,681.681,169.572,168.863,139.917,129.071,57.362,33.798,29.147,25.703,25.044,9.7,3.972
2022-11-20 07:30:00,505.828,336.434,289.054,681.68,169.595,168.861,139.909,129.888,57.41,33.793,29.323,25.686,25.038,9.634,3.953
2022-11-20 08:00:00,505.824,336.428,289.034,681.679,169.664,168.859,139.902,129.721,57.355,33.788,29.365,25.669,25.032,9.516,3.934
2022-11-20 08:30:00,505.821,336.421,289.015,681.678,171.656,168.856,139.895,130.161,57.289,33.784,29.287,25.651,25.026,9.537,3.886
2022-11-20 09:00:00,505.817,336.415,288.996,681.677,169.616,168.854,139.889,129.216,57.368,33.781,29.266,25.633,25.021,9.575,3.845
2022-11-20 09:30:00,505.814,336.409,288.977,681.676,169.609,168.852,139.882,129.344,57.289,33.776,29.293,25.616,25.014,9.55,3.831
2022-11-20 10:00:00,505.81,336.403,288.959,681.676,169.674,168.85,139.876,128.917,57.289,33.742,29.172,25.598,25.008,9.522,3.822
2022-11-20 10:30:00,505.807,336.397,288.942,681.675,169.658,168.848,139.87,129.413,57.289,33.736,29.363,25.581,25.002,9.512,3.804
2022-11-20 11:00:00,505.804,336.391,288.927,681.674,170.746,168.847,139.863,129.556,57.289,33.73,29.164,25.565,24.996,9.468,3.786
2022-11-20 11:30:00,505.8,336.386,288.912,681.673,171.394,168.845,139.857,129.104,57.289,33.725,29.243,25.553,24.989,9.509,3.762
2022-11-20 12:00:00,505.797,336.38,288.897,681.673,169.561,168.843,139.851,129.098,57.289,33.719,29.174,25.542,24.983,9.459,3.75
2022-11-20 12:30:00,505.794,336.375,288.883,681.672,172.127,168.841,139.845,129.254,57.289,33.714,29.167,25.533,24.976,9.437,3.738
2022-11-20 13:00:00,505.791,336.37,288.868,681.671,169.518,168.84,139.84,128.562,57.289,33.709,29.168,25.526,24.97,9.429,3.714
2022-11-20 13:30:00,505.788,336.365,288.854,681.671,169.584,168.838,139.834,129.389,57.289,33.704,29.14,25.52,24.964,9.406,3.697
2022-11-20 14:00:00,505.785,336.36,288.839,681.67,169.579,168.837,139.829,128.806,57.289,33.699,29.21,25.514,24.957,9.4,3.678
2022-11-20 14:30:00,505.782,336.356,288.824,681.593,169.812,168.835,139.824,129.552,57.289,33.694,29.124,25.509,24.951,9.38,3.663
2022-11-20 15:00:00,505.779,336.351,288.808,681.592,169.704,168.834,139.819,129.073,57.289,33.689,29.089,25.505,24.945,9.393,3.647
2022-11-20 15:30:00,505.776,336.348,288.794,681.593,169.624,168.834,139.815,129.463,57.289,33.684,29.137,25.504,24.94,9.376,3.638
2022-11-20 16:00:00,505.774,336.345,288.782,681.671,170.297,168.835,139.811,128.704,57.289,33.679,29.107,25.502,24.934,9.335,3.632
2022-11-20 16:30:00,505.771,336.341,288.769,681.593,169.585,168.834,139.807,128.931,57.34,33.674,29.039,25.499,24.929,9.339,3.612
2022-11-20 17:00:00,505.768,336.337,288.757,681.592,169.725,168.832,139.803,128.872,57.289,33.669,29.099,25.496,24.923,9.335,3.594
2022-11-20 17:30:00,505.764,336.333,288.745,681.59,169.791,168.831,139.799,129.093,57.289,33.664,28.997,25.494,24.918,9.306,3.583
2022-11-20 18:00:00,505.761,336.33,288.734,681.589,170.319,168.83,139.795,129.092,57.289,33.659,29.036,25.491,24.912,9.303,3.567
2022-11-20 18:30:00,505.759,336.327,288.723,681.588,169.701,168.829,139.791,129.342,57.289,33.654,29.06,25.489,24.907,9.282,3.551
2022-11-20 19:00:00,505.756,336.324,288.711,681.587,170.166,168.828,139.787,128.64,57.289,33.65,29.022,25.488,24.902,9.26,3.536
2022-11-20 19:30:00,505.753,336.32,288.7,681.587,169.547,168.827,139.783,129.342,57.389,33.646,29.038,25.486,24.897,9.267,3.516
2022-11-20 20:00:00,505.75,336.317,288.688,681.586,170.342,168.826,139.779,129.044,57.289,33.642,29.026,25.484,24.893,9.264,3.504
2022-11-20 20:30:00,505.747,336.313,288.677,681.585,169.51,168.825,139.775,128.859,57.289,33.638,28.967,25.483,24.888,9.253,3.499
2022-11-20 21:00:00,505.745,336.31,288.665,681.585,170.226,168.824,139.772,128.629,57.289,33.634,28.963,25.482,24.884,9.253,3.492
2022-11-20 21:30:00,505.742,336.307,288.653,681.584,169.617,168.823,139.768,129.522,57.389,33.631,29.005,25.481,24.879,9.233,3.485
2022-11-20 22:00:00,505.74,336.304,288.641,681.583,169.623,168.822,139.764,128.603,57.289,33.627,29.002,25.48,24.875,9.212,3.477
2022-11-20 22:30:00,505.737,336.301,288.63,681.583,170.29,168.821,139.761,129.452,57.289,33.623,28.968,25.479,24.871,9.212,3.463
2022-11-20 23:00:00,505.735,336.298,288.619,681.582,170.834,168.821,139.757,129.507,57.289,33.62,28.934,25.478,24.867,9.218,3.45
2022-11-20 23:30:00,505.733,336.295,288.609,681.582,169.713,168.82,139.754,128.488,57.289,33.616,28.945,25.477,24.862,9.21,3.445
2022-11-21 00:00:00,505.73,336.292,288.599,681.581,170.06,168.819,140.666,129.34,57.289,33.613,28.948,25.476,24.858,9.191,3.441
2022-11-21 00:30:00,505.728,336.289,288.589,681.58,169.678,168.818,140.662,129.029,57.289,33.61,28.955,25.475,24.854,9.18,3.433
2022-11-21 01:00:00,505.726,336.287,288.578,681.58,170.177,168.817,140.659,129.241,57.289,33.607,28.922,25.475,24.85,9.176,3.422
2022-11-21 01:30:00,505.724,336.284,288.569,681.579,170.668,168.817,140.656,128.674,57.289,33.604,28.944,25.474,24.846,9.178,3.413
2022-11-21 02:00:00,505.722,336.281,288.559,681.579,169.628,168.816,140.652,128.923,57.289,33.602,28.895,25.474,24.842,9.169,3.407
2022-11-21 02:30:00,505.72,336.279,288.55,681.578,170.316,168.815,140.649,128.942,57.289,33.599,28.88,25.473,24.839,9.164,3.402
2022-11-21 03:00:00,505.718,336.276,288.541,681.578,169.609,168.814,140.646,128.643,57.289,33.597,28.903,25.472,24.835,9.157,3.396
2022-11-21 03:30:00,505.716,336.274,288.533,681.577,170.001,168.814,140.642,128.827,57.289,33.594,28.879,25.472,24.831,9.141,3.39
2022-11-21 04:00:00,505.714,336.271,288.526,681.576,169.63,168.813,140.639,129.253,57.289,33.592,28.895,25.471,24.827,9.134,3.381
2022-11-21 04:30:00,505.712,336.268,288.52,681.576,169.639,168.812,140.636,128.894,57.289,33.589,28.885,25.471,24.824,9.134,3.37
2022-11-21 05:00:00,505.711,336.266,288.513,681.575,169.893,168.812,140.633,129.099,57.289,33.587,28.868,25.471,24.82,9.128,3.363
2022-11-21 05:30:00,505.709,336.263,288.507,681.575,170.026,168.811,140.63,128.772,57.289,33.584,28.842,25.47,24.814,9.127,3.357
2022-11-21 06:00:00,505.708,336.26,288.501,681.574,169.608,168.81,140.627,128.79,57.289,33.582,28.864,25.47,24.809,9.123,3.352
2022-11-21 06:30:00,505.707,336.258,288.495,681.574,169.687,168.81,140.624,128.999,57.289,33.58,28.866,25.469,24.805,9.114,3.348
2022-11-21 07:00:00,505.705,336.255,288.49,681.573,169.578,168.809,140.621,128.677,57.289,33.578,28.863,25.469,24.801,9.104,3.342
2022-11-21 07:30:00,505.704,336.253,288.484,681.572,169.619,168.808,140.618,129.223,57.289,33.576,28.86,25.469,24.797,9.103,3.335
2022-11-21 08:00:00,505.703,336.25,288.479,681.572,169.661,168.808,140.616,129.253,57.289,33.573,28.833,25.468,24.793,9.103,3.329
2022-11-21 08:30:00,505.701,336.248,288.474,681.571,169.975,168.807,140.613,128.986,57.289,33.571,28.811,25.468,24.789,9.101,3.325
2022-11-21 09:00:00,505.7,336.245,288.468,681.571,169.671,168.806,140.61,128.894,57.289,33.569,28.805,25.468,24.785,9.095,3.322
2022-11-21 09:30:00,505.699,336.243,288.463,681.571,169.772,168.806,140.608,128.985,57.289,33.567,28.822,25.468,24.782,9.083,3.319
2022-11-21 10:00:00,505.698,336.241,288.458,681.57,169.661,168.805,140.605,129.307,57.289,33.565,28.81,25.467,24.778,9.07,3.314
2022-11-21 10:30:00,505.697,336.24,288.456,681.572,169.736,168.806,140.603,128.97,57.289,33.564,28.821,25.469,24.775,9.063,3.307
2022-11-21 11:00:00,505.697,336.24,288.454,681.573,169.585,168.808,140.602,129.036,57.289,33.563,28.809,25.471,24.772,9.062,3.3
2022-11-21 11:30:00,505.696,336.238,288.451,681.572,169.881,168.807,140.6,129.191,57.289,33.56,28.791,25.471,24.832,9.058,3.294
2022-11-21 12:00:00,505.695,336.236,288.448,681.571,169.706,168.807,140.598,128.465,57.289,33.559,28.801,25.47,24.829,9.057,3.29
2022-11-21 12:30:00,505.725,336.292,288.531,681.71,169.685,168.865,140.639,129.273,57.289,33.636,28.806,25.535,24.783,9.063,3.305
2022-11-21 13:00:00,505.748,336.353,288.644,681.754,170.075,168.915,139.784,129.192,57.289,33.649,28.825,25.592,24.796,9.074,3.315
2022-11-21 13:30:00,505.745,336.38,288.71,681.739,169.71,168.899,139.823,129.063,57.289,33.634,28.834,25.582,24.788,9.083,3.311
2022-11-21 14:00:00,505.747,336.404,288.819,681.73,170.115,168.889,139.849,129.199,57.289,33.637,28.834,25.57,24.785,9.087,3.311
2022-11-21 14:30:00,505.751,336.413,288.947,681.717,169.753,168.886,139.869,130.083,57.289,33.64,28.847,25.558,24.784,9.09,3.313
2022-11-21 15:00:00,505.757,336.417,289.044,681.702,169.678,168.888,139.885,129.049,57.289,33.643,28.868,25.548,24.782,9.092,3.315
2022-11-21 15:30:00,505.813,336.51,289.473,681.804,169.796,168.976,139.979,129.61,57.289,33.693,28.918,25.645,24.818,9.117,3.347
2022-11-21 16:00:00,505.861,336.634,289.723,681.867,169.814,169.027,140.142,129.748,57.372,33.722,29.002,25.718,24.848,9.162,3.378
2022-11-21 16:30:00,505.898,336.822,289.871,681.874,169.862,169.026,140.575,129.806,57.443,33.745,29.073,25.718,24.858,9.209,3.406
2022-11-21 17:00:00,506.134,336.929,290.367,681.874,170.942,169.073,140.674,131.393,57.47,33.783,29.229,25.714,24.873,9.262,3.443
2022-11-21 17:30:00,506.18,337.013,290.643,681.845,169.819,169.08,140.726,129.352,57.637,33.81,29.425,25.67,24.876,9.308,3.47
2022-11-21 18:00:00,506.23,337.035,290.715,681.832,170.099,169.092,140.744,130.051,57.952,33.847,29.58,25.635,24.887,9.392,3.51
2022-11-21 18:30:00,506.273,337.086,290.759,681.828,174.594,169.097,140.744,129.312,57.52,33.889,29.847,25.608,24.903,9.556,3.572
2022-11-21 19:00:00,506.308,337.117,290.776,681.825,170.065,169.101,140.738,129.316,59.392,33.946,30.342,25.586,24.927,9.763,3.669
2022-11-21 19:30:00,506.338,337.115,290.76,681.82,174.248,169.109,140.734,132.403,58.393,33.986,30.333,25.58,24.961,10.044,3.802
2022-11-21 20:00:00,506.36,337.102,290.732,681.811,169.874,169.122,140.74,129.585,58.07,34.016,30.518,25.63,25.002,10.369,3.957
2022-11-21 20:30:00,506.371,337.086,290.692,681.802,169.768,169.135,140.75,133.177,58.769,34.033,30.729,25.74,25.05,10.666,4.163
2022-11-21 21:00:00,506.374,337.075,290.641,681.793,170.38,169.131,140.764,132.125,57.969,34.052,30.755,25.863,25.101,10.763,4.389
2022-11-21 21:30:00,506.37,337.071,290.577,681.79,169.772,169.121,140.773,132.039,57.615,34.069,30.924,25.942,25.147,10.86,4.57
2022-11-21 22:00:00,506.362,337.067,290.521,681.796,174.672,169.104,140.775,129.371,59.082,34.082,30.577,26.0,25.183,10.986,4.726
2022-11-21 22:30:00,506.352,337.06,290.442,681.799,169.736,169.092,140.771,129.284,57.936,34.094,30.985,26.041,25.213,10.783,4.848
2022-11-21 23:00:00,506.337,337.047,290.371,681.797,176.556,169.081,140.763,129.974,57.43,34.102,31.189,26.068,25.231,11.045,4.896
2022-11-21 23:30:00,506.324,337.03,290.303,681.792,171.33,169.071,140.752,129.439,59.052,34.111,30.945,26.087,25.243,11.255,4.948
2022-11-22 00:00:00,506.31,337.011,290.198,681.786,169.682,169.06,140.741,129.424,59.083,34.122,30.316,26.1,25.251,11.193,5.038
2022-11-22 00:30:00,506.297,336.99,290.137,681.78,169.838,169.049,140.728,135.132,58.544,34.137,30.622,26.111,25.253,10.746,5.115
2022-11-22 01:00:00,506.283,336.969,290.196,681.774,169.765,169.038,140.713,129.591,57.691,34.153,30.336,26.122,25.258,11.022,5.091
2022-11-22 01:30:00,506.27,336.947,290.35,681.767,171.375,169.027,140.696,129.137,59.399,34.164,30.817,26.134,25.265,10.864,5.09
2022-11-22 02:00:00,506.256,336.931,290.349,681.761,169.623,169.017,140.381,129.187,57.289,34.17,31.052,26.146,25.272,10.74,5.076
2022-11-22 02:30:00,506.244,336.909,290.306,681.755,169.653,169.007,140.361,131.72,57.625,34.168,30.802,26.156,25.278,11.316,5.021
2022-11-22 03:00:00,506.231,336.888,290.2,681.738,169.659,168.997,140.341,129.116,57.428,34.162,30.634,26.162,25.283,11.257,5.077
2022-11-22 03:30:00,506.22,336.868,290.155,681.732,169.644,168.989,140.322,129.145,57.409,34.153,30.681,26.164,25.286,10.797,5.163
2022-11-22 04:00:00,506.208,336.848,290.117,681.727,169.594,168.979,140.303,129.553,57.313,34.141,30.256,26.161,25.285,10.906,5.13
2022-11-22 04:30:00,506.196,336.829,290.062,681.723,169.586,168.97,140.285,131.38,57.677,34.129,30.742,26.156,25.283,10.689,5.088
2022-11-22 05:00:00,506.185,336.811,289.995,681.719,169.546,168.961,140.266,133.114,57.33,34.116,29.917,26.147,25.279,10.958,5.037
2022-11-22 05:30:00,506.173,336.79,289.953,681.715,171.426,168.954,140.248,133.863,58.43,34.101,30.659,26.136,25.274,10.576,5.018
2022-11-22 06:00:00,506.162,336.77,289.888,681.711,169.522,168.948,140.23,132.237,58.348,34.087,29.994,26.124,25.267,10.823,4.972
2022-11-22 06:30:00,505.981,336.751,289.838,681.709,169.608,168.943,140.212,129.251,57.496,34.073,30.266,26.112,25.26,10.578,4.939
2022-11-22 07:00:00,505.972,336.732,289.764,681.707,173.491,168.939,140.196,130.671,57.483,34.057,30.344,26.099,25.253,10.574,4.906
2022-11-22 07:30:00,505.963,336.716,289.693,681.705,174.063,168.935,140.18,128.949,57.917,34.042,30.055,26.085,25.246,10.674,4.858
2022-11-22 08:00:00,505.954,336.699,289.635,681.703,169.46,168.931,140.164,129.331,58.009,34.034,29.872,26.071,25.238,10.537,4.846
2022-11-22 08:30:00,505.946,336.682,289.591,681.702,169.988,168.927,140.149,129.063,57.289,34.018,29.764,26.057,25.231,10.447,4.824
2022-11-22 09:00:00,505.939,336.665,289.56,681.7,169.495,168.922,140.133,129.321,58.341,34.003,30.043,26.043,25.223,10.188,4.78
2022-11-22 09:30:00,505.931,336.649,289.533,681.699,172.257,168.918,140.119,129.152,57.485,33.989,29.575,26.028,25.216,10.355,4.693
2022-11-22 10:00:00,505.924,336.633,289.504,681.697,169.442,168.913,140.105,129.206,57.289,33.977,30.098,26.011,25.207,10.187,4.632
2022-11-22 10:30:00,505.917,336.617,289.473,681.696,169.435,168.909,140.092,129.201,57.289,33.964,29.88,25.993,25.198,10.334,4.584
2022-11-22 11:00:00,505.91,336.602,289.443,681.695,169.426,168.905,140.079,129.187,57.492,33.951,29.733,25.975,25.188,10.285,4.549
2022-11-22 11:30:00,505.923,336.626,289.459,681.731,169.743,168.936,140.09,129.285,58.008,33.949,29.64,25.977,25.186,10.22,4.555
2022-11-22 12:00:00,505.935,336.662,289.518,681.757,169.69,168.956,140.112,129.503,57.595,33.949,29.742,25.977,25.182,10.083,4.536
2022-11-22 12:30:00,505.956,336.739,289.668,681.818,169.848,168.994,140.167,130.073,57.289,33.963,29.819,25.995,25.187,10.096,4.499
2022-11-22 13:00:00,505.971,336.835,290.163,681.855,169.733,169.015,140.239,129.478,57.572,33.983,29.707,26.013,25.196,10.127,4.465
2022-11-22 13:30:00,505.963,336.863,290.071,681.827,169.963,168.986,140.278,129.919,57.76,33.991,29.755,25.998,25.192,10.158,4.438
2022-11-22 14:00:00,506.145,336.874,290.203,681.803,169.601,168.99,140.302,131.21,57.773,34.002,29.811,25.992,25.189,10.164,4.428
2022-11-22 14:30:00,506.157,336.886,290.217,681.782,169.85,168.999,140.316,129.313,58.084,34.012,29.867,25.993,25.189,10.176,4.422
2022-11-22 15:00:00,506.173,336.899,290.198,681.769,169.839,169.006,140.318,129.331,58.021,34.022,29.866,25.999,25.191,10.16,4.422
2022-11-22 15:30:00,506.188,336.911,290.203,681.766,172.365,169.009,140.311,130.574,58.236,34.029,30.005,26.008,25.195,10.201,4.421
2022-11-22 16:00:00,506.201,336.918,290.213,681.769,169.815,169.007,140.3,132.137,58.688,34.03,30.345,26.019,25.2,10.28,4.427
2022-11-22 16:30:00,506.208,336.917,290.201,681.77,169.771,169.004,140.289,130.168,58.224,34.029,30.056,26.027,25.207,10.417,4.446
2022-11-22 17:00:00,506.213,336.909,290.162,681.769,174.986,169.001,140.278,129.485,58.017,34.027,30.183,26.033,25.212,10.468,4.492
2022-11-22 17:30:00,506.217,336.899,290.132,681.765,169.671,169.0,140.269,129.858,57.898,34.022,30.425,26.036,25.214,10.391,4.557
2022-11-22 18:00:00,506.219,336.89,290.111,681.759,175.538,169.002,140.263,131.192,57.64,34.017,30.137,26.036,25.215,10.644,4.583
2022-11-22 18:30:00,506.22,336.884,290.07,681.742,169.71,169.003,140.259,129.29,57.469,34.012,30.141,26.034,25.214,10.657,4.645
2022-11-22 19:00:00,506.22,336.878,290.021,681.736,169.768,169.004,140.257,128.957,57.327,34.008,30.452,26.029,25.213,10.468,4.724
2022-11-22 19:30:00,506.217,336.87,289.991,681.731,169.647,169.001,140.257,129.273,57.289,34.003,30.494,26.024,25.21,10.611,4.724
2022-11-22 20:00:00,506.214,336.863,289.938,681.728,169.722,168.997,140.256,129.254,58.601,33.999,30.558,26.017,25.207,10.684,4.733
2022-11-22 20:30:00,506.208,336.854,289.907,681.726,169.575,168.992,140.255,129.903,58.538,33.994,29.764,26.011,25.204,10.728,4.77
2022-11-22 21:00:00,506.202,336.844,289.856,681.727,169.624,168.987,140.252,131.025,57.616,33.989,30.236,26.003,25.2,10.432,4.799
2022-11-22 21:30:00,506.196,336.833,289.822,681.728,169.678,168.98,140.247,129.221,57.426,33.984,30.21,25.996,25.196,10.507,4.779
2022-11-22 22:00:00,506.188,336.821,289.782,681.729,169.502,168.973,140.241,129.471,58.892,33.98,29.94,25.988,25.192,10.414,4.736
2022-11-22 22:30:00,506.015,336.808,289.74,681.729,169.57,168.967,140.233,131.058,57.484,33.975,30.125,25.979,25.188,10.422,4.704
2022-11-22 23:00:00,506.007,336.793,289.703,681.727,173.809,168.961,140.225,131.128,57.975,33.972,30.273,25.971,25.179,10.288,4.679
2022-11-22 23:30:00,505.998,336.778,289.676,681.724,169.554,168.955,140.216,130.193,57.613,33.969,30.053,25.964,25.174,10.508,4.633
2022-11-23 00:00:00,505.989,336.762,289.652,681.721,174.661,168.95,140.206,129.414,57.441,33.967,30.171,25.958,25.169,10.391,4.631
2022-11-23 00:30:00,505.982,336.747,289.638,681.718,169.478,168.946,140.196,130.857,57.289,33.965,29.942,25.952,25.165,10.293,4.63
2022-11-23 01:00:00,505.974,336.731,289.635,681.714,169.53,168.942,140.185,129.08,57.493,33.963,30.463,25.947,25.161,10.409,4.602
2022-11-23 01:30:00,505.967,336.717,289.635,681.711,169.545,168.939,140.174,130.905,58.138,33.96,29.727,25.942,25.158,10.406,4.598
2022-11-23 02:00:00,505.959,336.702,289.631,681.709,174.265,168.936,140.162,129.218,57.289,33.956,29.493,25.938,25.155,10.338,4.591
2022-11-23 02:30:00,505.952,336.687,289.618,681.707,169.472,168.932,140.15,130.259,57.436,33.952,30.129,25.933,25.151,9.996,4.588
2022-11-23 03:00:00,505.945,336.672,289.596,681.705,172.488,168.928,140.138,129.075,58.341,33.947,30.188,25.929,25.159,10.083,4.51
2022-11-23 03:30:00,505.937,336.656,289.568,681.703,169.456,168.923,140.126,131.282,58.337,33.941,29.881,25.924,25.156,10.329,4.434
2022-11-23 04:00:00,505.93,336.641,289.54,681.702,171.184,168.919,140.113,129.169,57.773,33.935,29.774,25.918,25.152,10.255,4.442
2022-11-23 04:30:00,505.924,336.626,289.512,681.7,169.46,168.915,140.102,131.028,57.404,33.928,29.762,25.912,25.148,10.116,4.46
2022-11-23 05:00:00,505.917,336.611,289.482,681.699,169.508,168.911,140.09,129.467,57.657,33.92,29.912,25.906,25.144,10.036,4.435
2022-11-23 05:30:00,505.91,336.597,289.452,681.697,169.467,168.907,140.079,129.616,57.289,33.913,29.673,25.899,25.139,10.129,4.388
2022-11-23 06:00:00,505.903,336.584,289.423,681.696,169.6,168.903,140.068,130.992,57.369,33.905,29.93,25.891,25.134,10.056,4.36
2022-11-23 06:30:00,505.897,336.57,289.397,681.695,169.576,168.9,140.057,131.45,57.929,33.897,29.41,25.882,25.129,10.099,4.342
2022-11-23 07:00:00,505.891,336.559,289.369,681.693,169.634,168.897,140.047,129.467,57.375,33.888,29.742,25.873,25.123,9.999,4.323
2022-11-23 07:30:00,505.885,336.548,289.344,681.692,169.417,168.893,140.037,129.672,57.289,33.881,29.915,25.864,25.117,9.914,4.304
2022-11-23 08:00:00,505.879,336.537,289.319,681.691,169.483,168.891,140.014,131.191,57.346,33.874,29.415,25.855,25.111,10.021,4.26
2022-11-23 08:30:00,505.874,336.527,289.293,681.69,169.406,168.888,140.004,129.281,57.289,33.868,29.526,25.845,25.105,9.975,4.242
2022-11-23 09:00:00,505.869,336.516,289.269,681.689,169.443,168.885,139.994,128.988,57.482,33.861,29.645,25.835,25.1,9.783,4.235
2022-11-23 09:30:00,505.864,336.506,289.247,681.688,169.448,168.883,139.984,129.193,57.289,33.853,29.545,25.827,25.094,9.838,4.191
2022-11-23 10:00:00,505.859,336.496,289.225,681.687,171.785,168.88,139.975,130.465,57.359,33.845,29.709,25.818,25.089,9.846,4.149
2022-11-23 10:30:00,505.855,336.485,289.204,681.686,172.576,168.878,139.966,129.267,57.481,33.839,29.461,25.806,25.084,9.841,4.128
2022-11-23 11:00:00,505.85,336.475,289.183,681.685,171.573,168.875,139.958,129.315,57.289,33.832,29.403,25.793,25.078,9.847,4.11
2022-11-23 11:30:00,505.847,336.467,289.163,681.684,169.492,168.873,139.95,129.228,57.489,33.826,29.581,25.78,25.073,9.731,4.102
2022-11-23 12:00:00,505.843,336.461,289.142,681.684,169.515,168.871,139.942,129.208,57.289,33.82,29.438,25.765,25.065,9.698,4.074
2022-11-23 12:30:00,505.839,336.454,289.122,681.683,170.007,168.869,139.934,129.232,57.289,33.814,29.316,25.75,25.059,9.777,4.035
2022-11-23 13:00:00,505.835,336.448,289.101,681.682,171.113,168.866,139.927,129.211,57.697,33.808,29.435,25.734,25.054,9.688,4.02
2022-11-23 13:30:00,505.832,336.441,289.08,681.681,169.588,168.864,139.919,130.176,57.289,33.802,29.235,25.717,25.048,9.64,4.002
2022-11-23 14:00:00,505.828,336.435,289.059,681.68,169.605,168.862,139.912,130.172,57.289,33.796,29.39,25.7,25.042,9.641,3.968
2022-11-23 14:30:00,505.893,336.555,289.483,681.833,171.726,168.994,140.007,129.938,57.348,33.839,29.359,25.814,25.077,9.601,3.969
2022-11-23 15:00:00,505.934,336.637,290.063,682.353,171.969,169.058,140.198,129.558,57.306,33.879,29.383,25.899,25.11,9.72,3.976
2022-11-23 15:30:00,505.932,336.59,290.141,681.876,172.329,169.009,140.608,129.947,57.381,33.893,29.572,25.874,25.107,9.758,3.983
2022-11-23 16:00:00,506.133,336.613,290.565,681.844,169.812,169.03,140.676,129.338,57.633,33.922,29.454,25.865,25.108,9.773,4.004
2022-11-23 16:30:00,506.169,336.636,290.622,681.818,169.933,169.051,140.709,131.386,57.971,33.954,29.525,25.864,25.111,9.848,4.022
2022-11-23 17:00:00,506.217,336.64,290.609,681.811,170.188,169.071,140.715,129.918,58.169,33.988,29.723,25.876,25.118,9.814,4.051
2022-11-23 17:30:00,506.252,336.656,290.662,681.815,169.914,169.074,140.709,129.899,58.216,34.019,30.051,25.898,25.131,9.885,4.074
2022-11-23 18:00:00,506.277,336.67,290.692,681.817,177.005,169.073,140.699,130.113,59.032,34.035,30.163,25.929,25.15,10.079,4.093
2022-11-23 18:30:00,506.298,336.667,290.665,681.812,169.816,169.075,140.695,129.373,57.71,34.047,30.429,25.963,25.172,10.428,4.151
2022-11-23 19:00:00,506.315,336.658,290.64,681.804,176.086,169.083,140.69,129.294,57.511,34.053,30.493,25.999,25.194,10.558,4.291
2022-11-23 19:30:00,506.325,336.65,290.586,681.795,169.542,169.091,140.692,129.405,59.593,34.059,30.63,26.029,25.213,10.823,4.445
2022-11-23 20:00:00,506.329,336.644,290.527,681.785,170.701,169.093,140.698,129.18,59.227,34.064,30.592,26.051,25.225,10.799,4.638
2022-11-23 20:30:00,506.328,336.65,290.471,681.776,178.501,169.089,140.707,129.342,60.935,34.067,30.738,26.064,25.233,10.78,4.751
2022-11-23 21:00:00,506.319,336.646,290.416,681.774,169.512,169.08,140.713,129.156,58.097,34.07,30.399,26.072,25.238,10.969,4.816
2022-11-23 21:30:00,506.311,336.642,290.359,681.78,169.73,169.07,140.715,130.974,57.459,34.071,30.605,26.077,25.242,10.91,4.887
2022-11-23 22:00:00,506.301,336.637,290.283,681.783,169.909,169.06,140.713,129.272,57.289,34.072,30.608,26.08,25.244,10.963,4.953
2022-11-23 22:30:00,506.29,336.63,290.173,681.781,174.313,169.05,140.707,129.343,57.313,34.073,30.755,26.081,25.245,10.888,4.989
2022-11-23 23:00:00,506.278,336.622,290.124,681.776,170.666,169.04,140.698,129.017,58.009,34.075,31.019,26.082,25.246,11.089,5.001
2022-11-23 23:30:00,506.266,336.613,290.08,681.77,169.649,169.03,140.687,128.87,58.118,34.079,29.911,26.082,25.246,11.309,5.049
2022-11-24 00:00:00,506.254,336.603,290.04,681.764,178.976,169.021,140.673,130.04,59.718,34.085,30.586,26.083,25.246,10.618,5.135
2022-11-24 00:30:00,506.242,336.593,290.092,681.759,169.708,169.011,140.358,128.862,57.289,34.093,30.176,26.085,25.247,10.767,5.092
2022-11-24 01:00:00,506.231,336.584,290.142,681.753,169.543,169.002,140.341,128.839,57.289,34.099,30.407,26.088,25.249,10.751,5.024
2022-11-24 01:30:00,506.219,336.574,290.127,681.737,169.576,168.993,140.324,129.236,57.289,34.103,30.593,26.092,25.251,10.741,4.999
2022-11-24 02:00:00,506.208,336.565,290.085,681.731,169.59,168.984,140.307,128.942,58.749,34.104,30.557,26.096,25.253,10.669,4.962
2022-11-24 02:30:00,506.197,336.557,290.061,681.727,173.9,168.975,140.29,133.037,57.289,34.1,30.658,26.099,25.254,10.748,4.92
2022-11-24 03:00:00,506.186,336.551,290.013,681.722,169.507,168.966,140.273,129.222,59.153,34.094,30.63,26.1,25.249,10.883,4.907
2022-11-24 03:30:00,506.174,336.548,289.964,681.718,169.535,168.958,140.255,129.067,57.289,34.085,29.681,26.098,25.248,10.971,4.928
2022-11-24 04:00:00,506.163,336.546,289.92,681.714,169.528,168.951,140.238,130.232,58.952,34.075,30.507,26.093,25.247,10.458,4.968
2022-11-24 04:30:00,505.984,336.545,289.861,681.71,169.479,168.946,140.22,129.285,58.102,34.063,30.311,26.086,25.243,10.568,4.915
2022-11-24 05:00:00,505.974,336.544,289.802,681.708,169.459,168.941,140.204,129.092,57.289,34.051,30.265,26.078,25.239,10.539,4.841
2022-11-24 05:30:00,505.965,336.541,289.738,681.706,169.494,168.937,140.188,130.795,58.77,34.038,30.12,26.068,25.235,10.584,4.812
2022-11-24 06:00:00,505.957,336.536,289.672,681.704,171.418,168.933,140.173,129.335,57.798,34.031,30.171,26.057,25.229,10.574,4.798
2022-11-24 06:30:00,505.949,336.532,289.614,681.703,169.471,168.929,140.157,129.108,58.066,34.017,30.133,26.046,25.223,10.324,4.788
2022-11-24 07:00:00,505.941,336.528,289.569,681.701,169.989,168.924,140.142,129.112,57.289,34.003,29.837,26.034,25.217,10.482,4.736
2022-11-24 07:30:00,505.934,336.523,289.542,681.699,169.479,168.92,140.127,129.539,58.524,33.99,30.076,26.02,25.211,10.312,4.704
2022-11-24 08:00:00,505.927,336.52,289.518,681.698,169.458,168.915,140.112,129.189,58.337,33.978,29.601,26.005,25.203,10.325,4.662
2022-11-24 08:30:00,505.92,336.517,289.489,681.696,172.082,168.911,140.099,130.662,57.492,33.966,30.099,25.988,25.194,10.179,4.615
2022-11-24 09:00:00,505.912,336.516,289.458,681.695,169.458,168.906,140.086,130.004,57.311,33.954,29.753,25.972,25.186,10.304,4.566
2022-11-24 09:30:00,505.906,336.514,289.426,681.694,169.517,168.903,140.074,129.173,57.724,33.942,29.515,25.958,25.172,10.198,4.527
2022-11-24 10:00:00,505.899,336.513,289.396,681.693,173.1,168.899,140.062,129.325,57.504,33.93,29.81,25.944,25.162,10.051,4.505
2022-11-24 10:30:00,505.892,336.51,289.368,681.691,169.421,168.896,140.051,129.139,57.289,33.918,29.809,25.93,25.152,10.019,4.451
2022-11-24 11:00:00,505.886,336.505,289.341,681.69,169.479,168.893,140.04,129.13,57.289,33.907,29.857,25.916,25.153,10.12,4.39
2022-11-24 11:30:00,505.88,336.501,289.314,681.689,169.438,168.89,140.03,129.532,57.595,33.895,29.521,25.903,25.144,10.073,4.363
2022-11-24 12:00:00,505.874,336.496,289.288,681.688,169.456,168.887,140.006,130.179,57.762,33.885,29.428,25.889,25.135,10.049,4.347
2022-11-24 12:30:00,506.225,336.684,290.401,682.487,169.851,169.231,140.714,130.726,57.498,34.033,29.655,26.159,25.257,10.046,4.445
2022-11-24 13:00:00,506.457,337.46,293.02,682.596,169.847,169.388,141.32,130.723,58.368,34.213,30.107,26.321,25.361,10.38,4.547
2022-11-24 13:30:00,506.839,337.657,293.993,682.626,169.641,169.441,141.526,129.851,58.938,34.404,30.274,26.337,25.397,10.789,4.647
2022-11-24 14:00:00,507.05,336.728,294.534,682.665,185.946,169.505,141.536,129.818,59.883,34.044,31.291,26.468,25.482,11.003,4.827
2022-11-24 14:30:00,507.027,338.055,293.825,682.656,190.502,169.599,141.603,135.701,60.558,34.123,32.252,26.663,25.664,11.909,5.009
2022-11-24 15:00:00,506.973,335.546,292.633,682.703,169.607,169.621,141.676,130.784,61.524,34.142,33.077,26.78,25.809,12.77,5.273
2022-11-24 15:30:00,506.936,338.281,293.221,682.611,169.477,169.589,141.661,131.096,61.903,34.199,33.146,26.82,25.868,13.47,5.668
2022-11-24 16:00:00,506.9,337.82,293.933,682.538,173.377,169.519,141.628,129.415,60.68,34.27,34.127,26.885,25.904,13.755,6.056
2022-11-24 16:30:00,506.849,337.545,293.482,682.473,176.123,169.452,141.524,133.845,62.803,34.324,33.856,26.964,25.957,14.379,6.299
2022-11-24 17:00:00,506.804,337.532,292.715,682.438,180.396,169.399,141.46,134.811,64.381,34.33,34.02,27.015,25.999,14.626,6.499
2022-11-24 17:30:00,506.754,337.658,292.717,682.413,170.173,169.36,141.376,134.377,61.297,34.287,34.185,27.023,26.017,14.603,6.649
2022-11-24 18:00:00,506.71,337.082,292.508,682.389,170.856,169.321,141.301,137.289,60.6,34.229,33.827,26.99,26.0,14.746,6.722
2022-11-24 18:30:00,506.672,337.836,292.32,682.36,169.445,169.291,141.222,131.197,60.737,34.154,33.764,26.927,25.957,14.645,6.779
2022-11-24 19:00:00,506.638,337.657,292.132,682.325,180.581,169.263,141.147,138.494,60.456,34.1,33.88,26.855,25.914,14.594,6.795
2022-11-24 19:30:00,506.606,336.83,291.806,681.854,170.248,169.24,141.083,136.537,59.227,34.052,33.625,26.784,25.869,14.591,6.788
2022-11-24 20:00:00,506.575,336.852,291.74,681.836,169.831,169.221,141.032,129.34,58.653,34.012,32.784,26.728,25.825,14.338,6.777
2022-11-24 20:30:00,506.544,336.927,291.47,681.826,169.874,169.204,140.985,132.7,58.857,33.976,32.83,26.683,25.782,13.861,6.72
2022-11-24 21:00:00,506.498,336.912,291.393,681.817,183.701,169.189,140.941,130.548,62.299,33.941,32.715,26.645,25.742,13.676,6.621
2022-11-24 21:30:00,506.468,336.831,291.269,681.81,178.783,169.177,140.903,135.624,58.407,34.485,32.354,26.605,25.707,13.287,6.543
2022-11-24 22:00:00,506.442,336.79,291.112,681.805,170.098,169.156,140.87,135.568,58.326,34.456,31.298,26.568,25.671,12.88,6.439
2022-11-24 22:30:00,506.415,336.756,291.046,681.795,170.052,169.128,140.839,129.144,58.234,34.43,32.157,26.533,25.634,12.599,6.319
2022-11-24 23:00:00,506.39,336.729,290.912,681.787,169.711,169.099,140.811,128.814,60.102,34.406,32.112,26.503,25.602,12.858,6.229
2022-11-24 23:30:00,506.369,336.702,290.858,681.779,177.316,169.082,140.784,131.048,57.673,34.383,30.764,26.474,25.573,12.565,6.206
2022-11-25 00:00:00,506.35,336.676,290.772,681.772,173.323,169.065,140.762,134.044,58.017,34.359,31.055,26.447,25.546,11.983,6.152
2022-11-25 00:30:00,506.331,336.652,290.693,681.766,169.438,169.05,140.741,134.922,60.831,34.338,31.701,26.422,25.521,11.839,6.03
2022-11-25 01:00:00,506.313,336.645,290.592,681.76,169.69,169.036,140.721,135.178,57.401,34.319,30.352,26.399,25.5,11.991,5.943
2022-11-25 01:30:00,506.296,336.63,290.502,681.755,169.667,169.024,140.699,132.611,57.491,34.299,30.792,26.378,25.478,11.444,5.875
2022-11-25 02:00:00,506.279,336.616,290.423,681.739,170.33,169.013,140.38,128.842,57.717,34.279,31.079,26.358,25.457,11.575,5.784
2022-11-25 02:30:00,506.264,336.602,290.334,681.734,169.526,169.002,140.357,128.891,57.827,34.26,31.014,26.338,25.436,11.617,5.724
2022-11-25 03:00:00,506.249,336.59,290.267,681.729,169.684,168.993,140.335,128.92,57.746,34.24,30.766,26.319,25.417,11.393,5.683
2022-11-25 03:30:00,506.235,336.579,290.171,681.724,176.772,168.984,140.314,128.991,57.457,34.219,30.381,26.296,25.4,11.231,5.608
2022-11-25 04:00:00,506.222,336.569,290.11,681.72,169.499,168.974,140.293,128.773,57.612,34.198,30.812,26.272,25.382,11.062,5.526
2022-11-25 04:30:00,506.209,336.56,290.037,681.718,169.522,168.965,140.274,129.062,58.878,34.174,30.277,26.248,25.363,11.177,5.443
2022-11-25 05:00:00,506.197,336.553,289.989,681.715,169.564,168.957,140.255,132.755,57.752,34.151,30.322,26.227,25.345,10.899,5.382
2022-11-25 05:30:00,506.185,336.549,289.93,681.712,169.485,168.95,140.236,128.891,58.829,34.129,30.94,26.206,25.329,10.828,5.313
2022-11-25 06:00:00,506.172,336.547,289.868,681.709,169.538,168.945,140.218,128.955,57.289,34.11,30.13,26.187,25.314,11.049,5.233
2022-11-25 06:30:00,506.161,336.546,289.791,681.707,169.423,168.941,140.201,128.937,57.289,34.091,30.215,26.167,25.298,10.89,5.191
2022-11-25 07:00:00,506.15,336.544,289.731,681.705,174.576,168.937,140.184,129.96,57.289,34.073,30.442,26.146,25.286,10.662,5.17
2022-11-25 07:30:00,505.967,336.542,289.678,681.704,169.418,168.933,140.168,130.618,58.176,34.054,29.92,26.125,25.273,10.603,5.096
2022-11-25 08:00:00,505.958,336.537,289.637,681.702,174.13,168.929,140.153,128.929,58.541,34.039,29.707,26.105,25.26,10.523,5.02
2022-11-25 08:30:00,505.95,336.533,289.608,681.701,169.423,168.925,140.137,130.23,57.289,34.026,29.745,26.085,25.249,10.377,4.955
2022-11-25 09:00:00,505.942,336.528,289.577,681.7,169.462,168.92,140.123,128.938,57.289,34.009,30.153,26.067,25.239,10.149,4.869
2022-11-25 09:30:00,505.934,336.524,289.544,681.698,169.501,168.916,140.109,128.971,57.712,33.993,29.785,26.049,25.229,10.289,4.764
2022-11-25 10:00:00,505.927,336.521,289.509,681.697,170.387,168.911,140.095,129.112,57.467,33.979,29.672,26.031,25.219,10.304,4.685
2022-11-25 10:30:00,505.92,336.518,289.476,681.696,169.414,168.907,140.083,128.938,57.527,33.965,30.0,26.011,25.209,10.207,4.65
2022-11-25 11:00:00,505.913,336.516,289.444,681.695,171.495,168.904,140.071,128.962,57.4,33.952,29.829,25.991,25.198,10.337,4.605
2022-11-25 11:30:00,505.966,336.554,289.846,681.817,170.936,169.002,140.141,129.349,57.289,33.972,29.782,26.034,25.214,10.326,4.616
2022-11-25 12:00:00,506.17,336.584,290.356,681.888,169.833,169.048,140.253,129.387,57.681,34.001,29.866,26.073,25.229,10.201,4.637
2022-11-25 12:30:00,506.261,336.781,291.193,682.45,170.021,169.214,140.818,130.885,58.004,34.087,29.53,26.194,25.284,10.502,4.677
2022-11-25 13:00:00,506.425,337.146,292.606,682.499,170.691,169.313,141.16,131.398,58.033,34.212,30.164,26.283,25.348,10.499,4.757
2022-11-25 13:30:00,506.653,337.762,293.14,682.461,170.578,169.328,141.262,134.076,59.002,34.328,30.498,26.288,25.365,10.693,4.819
2022-11-25 14:00:00,506.836,337.621,292.847,682.457,172.9,169.35,141.25,130.822,59.27,34.488,31.139,26.352,25.409,10.972,4.887
2022-11-25 14:30:00,506.897,337.537,292.853,682.412,169.615,169.387,141.259,134.782,62.964,33.969,31.959,26.472,25.493,11.529,4.992
2022-11-25 15:00:00,506.873,338.04,293.02,682.437,169.592,169.41,141.325,129.415,58.95,33.975,32.797,26.562,25.605,12.163,5.167
2022-11-25 15:30:00,506.831,337.758,292.426,682.49,169.725,169.406,141.363,131.415,58.514,33.973,32.624,26.597,25.66,12.878,5.434
2022-11-25 16:00:00,506.78,337.364,292.327,682.462,169.37,169.392,141.353,129.215,58.262,33.997,32.357,26.606,25.679,13.147,5.746
2022-11-25 16:30:00,506.73,337.719,292.311,682.43,184.473,169.364,141.324,133.278,64.36,34.03,32.302,26.622,25.692,13.048,6.016
2022-11-25 17:00:00,506.688,337.151,292.431,682.4,169.77,169.327,141.277,129.73,59.348,34.047,33.38,26.649,25.713,13.023,6.147
2022-11-25 17:30:00,506.653,337.127,292.339,682.369,169.295,169.294,141.216,143.804,58.664,34.055,32.981,26.675,25.734,13.567,6.186
2022-11-25 18:00:00,506.62,337.186,292.094,682.337,169.588,169.265,141.149,133.302,58.304,34.046,33.022,26.686,25.751,13.646,6.277
2022-11-25 18:30:00,506.588,336.863,291.903,681.861,177.274,169.24,141.088,141.647,61.786,34.023,32.142,26.681,25.753,13.592,6.353
2022-11-25 19:00:00,506.556,336.938,291.634,681.836,174.897,169.219,141.034,128.995,58.711,34.0,33.463,26.663,25.742,13.17,6.374
2022-11-25 19:30:00,506.51,336.917,291.45,681.82,170.755,169.201,140.983,129.177,58.337,33.969,32.936,26.637,25.723,13.702,6.333
2022-11-25 20:00:00,506.476,336.814,291.316,681.808,169.69,169.184,140.936,130.21,62.962,33.933,32.674,26.607,25.702,13.667,6.369
2022-11-25 20:30:00,506.447,336.792,291.22,681.799,169.763,169.167,140.893,132.79,60.456,34.477,32.645,26.575,25.672,13.3,6.4
2022-11-25 21:00:00,506.418,336.755,291.037,681.791,174.937,169.139,140.856,132.96,57.84,34.447,32.04,26.544,25.64,13.069,6.362
2022-11-25 21:30:00,506.391,336.727,290.964,681.783,176.244,169.11,140.824,129.46,59.909,34.421,31.46,26.513,25.61,12.872,6.281
2022-11-25 22:00:00,506.368,336.699,290.859,681.775,172.701,169.085,140.795,129.131,57.84,34.396,32.451,26.485,25.582,12.282,6.22
2022-11-25 22:30:00,506.347,336.671,290.737,681.768,175.652,169.067,140.771,128.598,57.395,34.371,30.722,26.458,25.556,12.593,6.126
2022-11-25 23:00:00,506.327,336.648,290.657,681.762,170.755,169.05,140.747,129.56,57.289,34.347,31.506,26.432,25.53,11.814,6.057
2022-11-25 23:30:00,506.308,336.639,290.592,681.756,169.674,169.035,140.725,129.351,58.836,34.326,31.142,26.407,25.508,12.227,5.967
2022-11-26 00:00:00,506.29,336.623,290.5,681.74,169.724,169.022,140.702,130.16,57.694,34.307,31.487,26.385,25.486,11.813,5.92
2022-11-26 00:30:00,506.273,336.609,290.403,681.736,171.522,169.012,140.384,131.009,57.654,34.286,31.369,26.364,25.463,11.753,5.867
2022-11-26 01:00:00,506.258,336.596,290.309,681.732,175.075,169.001,140.36,129.073,58.688,34.266,31.029,26.345,25.443,11.762,5.777
2022-11-26 01:30:00,506.243,336.584,290.194,681.727,169.521,168.991,140.338,129.151,57.289,34.247,30.018,26.325,25.423,11.494,5.73
2022-11-26 02:00:00,506.229,336.573,290.135,681.722,169.551,168.981,140.316,129.274,57.522,34.225,30.711,26.304,25.406,11.017,5.66
2022-11-26 02:30:00,506.216,336.563,290.077,681.717,171.544,168.97,140.295,129.07,57.361,34.204,30.476,26.279,25.387,11.191,5.541
2022-11-26 03:00:00,506.202,336.555,290.004,681.713,169.532,168.961,140.275,129.765,57.289,34.18,30.7,26.255,25.368,10.94,5.44
2022-11-26 03:30:00,506.19,336.549,289.954,681.71,169.563,168.953,140.255,133.315,57.289,34.156,30.717,26.232,25.35,11.071,5.353
2022-11-26 04:00:00,506.177,336.547,289.89,681.708,169.534,168.947,140.235,132.969,58.211,34.133,30.877,26.211,25.333,11.044,5.293
2022-11-26 04:30:00,506.165,336.546,289.822,681.706,170.707,168.942,140.216,128.718,57.289,34.113,29.953,26.191,25.318,11.072,5.254
2022-11-26 05:00:00,506.153,336.544,289.744,681.704,169.486,168.938,140.198,129.67,57.289,34.093,30.097,26.171,25.301,10.783,5.226
2022-11-26 05:30:00,506.143,336.543,289.682,681.703,169.491,168.934,140.181,129.992,58.475,34.074,30.597,26.15,25.287,10.438,5.175
2022-11-26 06:00:00,505.96,336.538,289.634,681.701,169.48,168.93,140.164,129.184,58.627,34.055,29.738,26.128,25.275,10.731,5.058
2022-11-26 06:30:00,505.951,336.534,289.603,681.699,169.518,168.925,140.148,129.187,58.181,34.039,30.135,26.107,25.262,10.539,4.991
2022-11-26 07:00:00,505.943,336.529,289.574,681.698,169.469,168.92,140.132,129.384,57.537,34.025,29.978,26.087,25.25,10.329,4.942
2022-11-26 07:30:00,505.935,336.524,289.54,681.696,169.456,168.916,140.116,129.132,57.998,34.007,29.721,26.068,25.239,10.378,4.849
2022-11-26 08:00:00,505.928,336.521,289.505,681.695,173.272,168.911,140.102,129.025,57.843,33.991,29.99,26.049,25.229,10.266,4.785
2022-11-26 08:30:00,505.92,336.518,289.471,681.694,169.479,168.907,140.089,129.242,57.289,33.977,30.0,26.03,25.219,10.273,4.718
2022-11-26 09:00:00,505.913,336.516,289.441,681.693,169.976,168.903,140.076,129.743,57.723,33.962,29.686,26.01,25.209,10.411,4.657
2022-11-26 09:30:00,505.906,336.515,289.411,681.691,169.463,168.9,140.064,129.655,57.289,33.949,29.696,25.989,25.197,10.202,4.641
2022-11-26 10:00:00,505.899,336.513,289.38,681.69,171.79,168.897,140.052,129.116,57.4,33.935,29.818,25.969,25.186,10.191,4.605
2022-11-26 10:30:00,505.908,336.52,289.387,681.719,172.776,168.921,140.058,129.375,57.7,33.93,29.548,25.966,25.176,10.034,4.566
2022-11-26 11:00:00,505.917,336.525,289.426,681.74,169.676,168.937,140.073,129.397,57.7,33.927,29.674,25.961,25.171,10.109,4.509
2022-11-26 11:30:00,505.917,336.528,289.483,681.745,170.843,168.938,140.086,129.468,57.555,33.924,29.563,25.951,25.164,9.981,4.464
2022-11-26 12:00:00,505.917,336.532,289.547,681.75,171.297,168.941,140.099,129.371,57.289,33.923,29.578,25.943,25.157,9.972,4.416
2022-11-26 12:30:00,505.912,336.531,289.576,681.74,169.892,168.931,140.104,129.8,57.473,33.92,29.805,25.928,25.148,9.963,4.364
2022-11-26 13:00:00,505.908,336.529,289.577,681.73,172.174,168.927,140.106,129.44,57.362,33.917,29.544,25.917,25.152,10.026,4.325
2022-11-26 13:30:00,505.907,336.527,289.563,681.721,173.0,168.925,140.107,129.258,57.594,33.914,29.766,25.908,25.146,10.041,4.307
2022-11-26 14:00:00,505.907,336.525,289.543,681.713,169.613,168.924,140.106,129.326,57.7,33.91,29.467,25.9,25.141,10.006,4.306
2022-11-26 14:30:00,505.966,336.565,289.967,681.841,169.812,169.027,140.197,130.374,57.533,33.946,29.575,25.968,25.172,10.0,4.331
2022-11-26 15:00:00,506.181,336.605,290.539,682.351,169.85,169.08,140.635,129.606,57.521,33.989,29.753,26.019,25.204,9.972,4.35
2022-11-26 15:30:00,506.302,336.879,291.58,682.468,175.814,169.255,140.914,129.621,57.924,34.09,29.944,26.168,25.264,10.167,4.403
2022-11-26 16:00:00,506.52,337.618,293.067,682.516,169.993,169.355,141.257,132.515,58.617,34.232,30.246,26.28,25.339,10.564,4.501
2022-11-26 16:30:00,506.794,337.755,293.509,682.49,176.203,169.366,141.341,130.203,59.269,34.383,30.622,26.296,25.365,10.72,4.638
2022-11-26 17:00:00,506.936,336.609,292.923,682.462,169.25,169.397,141.33,129.523,58.553,33.967,31.395,26.385,25.424,11.122,4.793
2022-11-26 17:30:00,506.936,337.648,293.064,682.484,169.641,169.451,141.39,129.422,63.918,34.012,31.678,26.536,25.551,11.873,4.981
2022-11-26 18:00:00,506.903,336.533,292.563,682.576,171.499,169.463,141.452,135.235,58.837,34.017,33.245,26.625,25.666,12.249,5.242
2022-11-26 18:30:00,506.855,337.702,292.559,682.539,174.834,169.452,141.465,129.29,60.024,34.03,32.495,26.655,25.715,13.319,5.544
2022-11-26 19:00:00,506.808,337.407,292.509,682.471,173.156,169.417,141.439,129.356,58.847,34.077,33.537,26.679,25.74,13.317,5.913
2022-11-26 19:30:00,506.755,337.568,292.547,682.441,170.303,169.379,141.387,130.267,59.56,34.111,33.166,26.716,25.77,13.757,6.153
2022-11-26 20:00:00,506.711,337.541,292.629,682.404,169.806,169.344,141.321,134.614,61.445,34.124,33.21,26.746,25.803,13.909,6.312
2022-11-26 20:30:00,506.673,337.171,292.504,682.376,178.235,169.307,141.249,129.1,59.176,34.117,33.752,26.76,25.822,13.86,6.413
2022-11-26 21:00:00,506.64,337.252,292.269,682.342,170.289,169.278,141.176,128.901,63.05,34.092,32.896,26.757,25.827,14.096,6.452
2022-11-26 21:30:00,506.608,337.4,291.997,681.868,169.486,169.252,141.11,129.243,59.046,34.059,33.913,26.74,25.818,13.924,6.501
2022-11-26 22:00:00,506.578,337.486,291.682,681.842,169.798,169.229,141.055,133.773,58.577,34.02,32.131,26.713,25.799,14.027,6.515
2022-11-26 22:30:00,506.546,337.293,291.595,681.826,169.624,169.21,141.004,129.019,58.218,33.989,32.395,26.681,25.771,13.313,6.517
2022-11-26 23:00:00,506.499,337.248,291.435,681.814,172.811,169.193,140.956,128.906,58.733,33.954,32.401,26.647,25.739,13.303,6.439
2022-11-26 23:30:00,506.467,337.255,291.295,681.804,178.027,169.179,140.911,138.467,59.171,34.495,32.961,26.609,25.708,13.308,6.37
2022-11-27 00:00:00,506.438,337.216,291.137,681.796,170.749,169.155,140.873,128.916,58.382,34.464,32.383,26.572,25.673,13.363,6.359
2022-11-27 00:30:00,506.409,337.176,291.03,681.788,169.739,169.127,140.839,129.081,60.817,34.435,32.325,26.538,25.637,12.947,6.344
2022-11-27 01:00:00,506.385,337.13,290.925,681.781,175.964,169.097,140.809,135.188,57.385,34.409,31.637,26.506,25.605,12.742,6.28
2022-11-27 01:30:00,506.363,337.093,290.822,681.774,173.232,169.078,140.781,129.099,57.463,34.385,31.251,26.476,25.575,12.498,6.2
2022-11-27 02:00:00,506.342,337.056,290.709,681.767,173.327,169.061,140.76,129.832,61.256,34.36,31.515,26.449,25.547,12.2,6.105
2022-11-27 02:30:00,506.323,337.02,290.633,681.761,169.984,169.044,140.737,128.774,57.547,34.338,31.169,26.423,25.521,12.047,6.045
2022-11-27 03:00:00,506.304,336.989,290.54,681.756,169.618,169.031,140.716,128.765,57.939,34.318,30.813,26.398,25.5,11.933,5.968
2022-11-27 03:30:00,506.286,336.959,290.45,681.74,169.641,169.019,140.693,128.978,58.601,34.298,31.535,26.377,25.477,11.628,5.876
2022-11-27 04:00:00,506.27,336.93,290.365,681.734,169.452,169.007,140.373,128.927,61.039,34.277,31.108,26.356,25.455,11.788,5.808
2022-11-27 04:30:00,506.254,336.911,290.292,681.729,169.517,168.996,140.35,133.565,57.289,34.258,30.387,26.336,25.434,11.567,5.741
2022-11-27 05:00:00,506.24,336.887,290.192,681.725,169.567,168.987,140.327,128.728,57.289,34.237,30.689,26.316,25.416,11.289,5.674
2022-11-27 05:30:00,506.226,336.865,290.117,681.721,170.641,168.976,140.306,129.574,57.289,34.215,30.842,26.293,25.398,11.332,5.601
2022-11-27 06:00:00,506.212,336.843,290.044,681.716,169.571,168.966,140.285,128.757,57.289,34.193,30.78,26.268,25.379,11.248,5.539
2022-11-27 06:30:00,506.199,336.824,289.997,681.713,170.153,168.958,140.265,128.989,57.564,34.168,30.558,26.244,25.36,11.219,5.47
2022-11-27 07:00:00,506.187,336.804,289.933,681.71,169.489,168.95,140.245,129.163,57.435,34.145,29.95,26.223,25.342,10.952,5.415
2022-11-27 07:30:00,506.174,336.781,289.876,681.708,169.481,168.945,140.226,128.646,57.424,34.123,30.434,26.202,25.326,10.759,5.339
2022-11-27 08:00:00,506.161,336.76,289.798,681.706,169.505,168.94,140.208,128.674,57.289,34.103,30.123,26.181,25.311,10.766,5.247
2022-11-27 08:30:00,506.15,336.739,289.733,681.704,169.532,168.937,140.191,129.001,57.289,34.084,30.276,26.161,25.294,10.712,5.158
2022-11-27 09:00:00,505.967,336.721,289.674,681.702,169.478,168.933,140.174,128.958,57.289,34.065,30.138,26.14,25.282,10.656,5.093
2022-11-27 09:30:00,505.958,336.704,289.627,681.701,170.426,168.928,140.157,128.951,58.406,34.047,29.9,26.118,25.269,10.595,5.03
2022-11-27 10:00:00,505.949,336.687,289.597,681.699,169.457,168.923,140.141,130.411,57.289,34.035,29.927,26.098,25.256,10.573,4.978
2022-11-27 10:30:00,505.941,336.669,289.567,681.698,173.358,168.918,140.125,128.964,58.144,34.017,30.083,26.078,25.245,10.261,4.929
2022-11-27 11:00:00,505.933,336.652,289.533,681.697,169.489,168.914,140.111,128.972,57.779,34.0,29.643,26.06,25.235,10.477,4.837
2022-11-27 11:30:00,505.925,336.634,289.498,681.695,169.442,168.909,140.097,128.88,57.289,33.985,29.954,26.041,25.225,10.277,4.785
2022-11-27 12:00:00,505.918,336.618,289.465,681.694,169.584,168.905,140.084,129.836,57.88,33.97,29.562,26.021,25.214,10.262,4.728
2022-11-27 12:30:00,505.923,336.626,289.46,681.717,169.638,168.924,140.085,129.158,57.547,33.962,29.996,26.012,25.209,10.171,4.666
2022-11-27 13:00:00,505.93,336.643,289.489,681.734,169.659,168.938,140.094,130.187,57.665,33.956,29.736,26.002,25.202,10.131,4.617
2022-11-27 13:30:00,505.946,336.689,289.578,681.782,169.709,168.967,140.126,130.427,57.508,33.961,29.86,26.007,25.203,10.234,4.565
2022-11-27 14:00:00,505.956,336.753,289.713,681.813,169.775,168.985,140.173,131.161,57.482,33.97,29.669,26.013,25.204,10.256,4.549
2022-11-27 14:30:00,505.964,336.813,289.876,681.832,169.715,168.995,140.223,129.714,57.618,33.982,29.726,26.017,25.206,10.165,4.546
2022-11-27 15:00:00,506.154,336.869,290.054,681.842,169.791,169.007,140.279,129.63,57.59,33.999,29.803,26.027,25.21,10.125,4.537
2022-11-27 15:30:00,506.156,336.895,290.219,681.818,169.683,169.002,140.312,129.303,57.796,34.01,29.854,26.02,25.208,10.201,4.504
2022-11-27 16:00:00,506.169,336.913,290.333,681.8,173.75,169.013,140.637,129.281,57.624,34.023,29.793,26.021,25.208,10.197,4.49
2022-11-27 16:30:00,506.187,336.931,290.347,681.784,169.84,169.019,140.337,129.664,57.355,34.031,30.046,26.025,25.21,10.219,4.487
2022-11-27 17:00:00,506.206,336.935,290.345,681.778,172.895,169.022,140.335,129.34,59.065,34.037,30.052,26.034,25.213,10.291,4.489
2022-11-27 17:30:00,506.219,336.944,290.356,681.777,169.763,169.02,140.324,129.301,57.732,34.043,30.231,26.042,25.217,10.385,4.501
2022-11-27 18:00:00,506.228,336.944,290.351,681.777,170.861,169.017,140.312,133.311,59.341,34.044,30.327,26.051,25.221,10.391,4.54
2022-11-27 18:30:00,506.235,336.936,290.323,681.775,169.779,169.016,140.301,129.376,57.289,34.042,29.878,26.057,25.224,10.642,4.577
2022-11-27 19:00:00,506.239,336.936,290.275,681.771,175.353,169.017,140.293,129.25,58.867,34.038,30.457,26.06,25.227,10.382,4.652
2022-11-27 19:30:00,506.241,336.927,290.191,681.765,169.865,169.019,140.288,129.886,58.114,34.034,30.107,26.06,25.228,10.789,4.682
2022-11-27 20:00:00,506.242,336.918,290.161,681.759,174.246,169.021,140.286,129.287,57.735,34.03,30.335,26.058,25.228,10.455,4.751
2022-11-27 20:30:00,506.241,336.911,290.12,681.742,169.631,169.02,140.286,128.958,58.335,34.028,30.63,26.054,25.226,10.602,4.762
2022-11-27 21:00:00,506.238,336.902,290.065,681.737,169.684,169.016,140.287,129.292,57.467,34.025,30.206,26.05,25.224,10.812,4.765
2022-11-27 21:30:00,506.234,336.894,290.024,681.734,169.505,169.011,140.288,130.319,57.566,34.02,30.224,26.046,25.221,10.707,4.816
2022-11-27 22:00:00,506.228,336.884,289.985,681.733,175.235,169.005,140.287,129.594,57.289,34.015,30.023,26.041,25.219,10.708,4.86
2022-11-27 22:30:00,506.222,336.874,289.93,681.735,169.486,168.998,140.284,129.539,57.289,34.01,30.608,26.035,25.216,10.389,4.873
2022-11-27 23:00:00,506.214,336.862,289.895,681.737,175.579,168.992,140.279,129.461,57.419,34.005,30.108,26.027,25.213,10.757,4.82
2022-11-27 23:30:00,506.206,336.849,289.843,681.738,169.469,168.986,140.272,129.585,57.314,34.0,30.739,26.02,25.209,10.515,4.819
2022-11-28 00:00:00,506.197,336.836,289.802,681.736,169.63,168.978,140.263,129.28,58.542,33.997,30.054,26.011,25.205,10.673,4.81
2022-11-28 00:30:00,506.188,336.822,289.771,681.733,169.578,168.971,140.253,129.322,57.523,33.995,30.058,26.004,25.2,10.538,4.797
2022-11-28 01:00:00,506.179,336.807,289.74,681.729,169.964,168.965,140.243,129.636,57.321,33.993,30.167,25.996,25.196,10.387,4.797
2022-11-28 01:30:00,506.003,336.79,289.721,681.725,169.558,168.959,140.231,129.139,57.311,33.991,30.042,25.99,25.193,10.39,4.75
2022-11-28 02:00:00,505.994,336.772,289.721,681.722,169.564,168.953,140.219,132.916,58.622,33.99,30.366,25.984,25.189,10.404,4.701
2022-11-28 02:30:00,505.985,336.756,289.733,681.718,169.494,168.948,140.207,129.295,58.775,33.987,29.974,25.979,25.186,10.489,4.673
2022-11-28 03:00:00,505.977,336.739,289.736,681.714,169.526,168.943,140.195,129.331,57.658,33.984,30.075,25.974,25.179,10.377,4.664
2022-11-28 03:30:00,505.969,336.723,289.722,681.711,176.117,168.94,140.182,130.98,57.289,33.98,30.133,25.969,25.176,10.278,4.654
2022-11-28 04:00:00,505.961,336.708,289.694,681.708,174.256,168.936,140.169,129.206,57.289,33.975,29.972,25.964,25.173,10.358,4.614
2022-11-28 04:30:00,505.953,336.692,289.658,681.706,169.504,168.933,140.156,129.475,57.289,33.969,30.084,25.96,25.17,10.323,4.591
2022-11-28 05:00:00,505.946,336.677,289.622,681.705,169.447,168.929,140.143,129.187,57.289,33.963,29.887,25.954,25.166,10.274,4.578
2022-11-28 05:30:00,505.939,336.66,289.584,681.703,169.493,168.924,140.13,129.392,57.774,33.956,30.105,25.948,25.162,10.283,4.555
2022-11-28 06:00:00,505.931,336.644,289.55,681.701,169.484,168.92,140.117,129.09,57.352,33.948,29.757,25.941,25.157,10.214,4.539
2022-11-28 06:30:00,505.924,336.629,289.52,681.7,169.425,168.915,140.105,131.36,58.166,33.94,30.109,25.933,25.152,10.26,4.513
2022-11-28 07:00:00,505.917,336.614,289.49,681.698,169.482,168.911,140.092,129.308,57.465,33.931,29.787,25.925,25.157,10.224,4.501
2022-11-28 07:30:00,505.911,336.6,289.46,681.697,171.59,168.907,140.081,129.066,57.354,33.922,29.474,25.917,25.152,10.268,4.482
2022-11-28 08:00:00,505.904,336.586,289.432,681.695,169.496,168.903,140.07,129.215,57.289,33.913,29.779,25.908,25.146,9.993,4.48
2022-11-28 08:30:00,505.897,336.572,289.401,681.694,170.509,168.9,140.059,129.39,57.527,33.905,29.968,25.899,25.14,10.0,4.429
2022-11-28 09:00:00,505.891,336.56,289.373,681.693,169.437,168.897,140.048,129.803,57.779,33.895,29.623,25.889,25.133,9.99,4.36
2022-11-28 09:30:00,505.885,336.549,289.348,681.692,169.429,168.893,140.038,129.463,57.31,33.886,29.47,25.878,25.127,10.105,4.321
2022-11-28 10:00:00,505.879,336.538,289.322,681.691,173.058,168.89,140.015,129.349,57.978,33.878,29.815,25.868,25.12,9.886,4.312
2022-11-28 10:30:00,505.874,336.527,289.295,681.69,169.503,168.888,140.004,129.231,57.289,33.872,29.597,25.857,25.114,9.88,4.277
2022-11-28 11:00:00,505.869,336.517,289.271,681.689,169.657,168.885,139.994,129.271,57.363,33.866,29.573,25.847,25.107,9.963,4.228
2022-11-28 11:30:00,505.87,336.518,289.261,681.7,172.322,168.894,139.991,129.335,57.797,33.86,29.388,25.844,25.103,9.855,4.216
2022-11-28 12:00:00,505.872,336.522,289.261,681.709,169.978,168.902,139.992,129.377,57.412,33.856,29.502,25.84,25.1,9.832,4.196
2022-11-28 12:30:00,505.871,336.523,289.268,681.711,169.66,168.903,139.993,129.295,57.289,33.852,29.624,25.832,25.096,9.73,4.163
2022-11-28 13:00:00,505.87,336.523,289.28,681.712,169.748,168.903,139.994,129.235,57.545,33.849,29.665,25.825,25.092,9.778,4.123
2022-11-28 13:30:00,505.868,336.522,289.289,681.712,169.695,168.902,139.995,129.372,57.289,33.846,29.436,25.817,25.087,9.883,4.089
2022-11-28 14:00:00,505.867,336.52,289.295,681.711,169.668,168.902,139.996,130.269,57.35,33.843,29.464,25.808,25.083,9.852,4.09
2022-11-28 14:30:00,505.863,336.514,289.292,681.706,169.62,168.897,139.995,129.903,57.531,33.839,29.414,25.795,25.078,9.747,4.096
2022-11-28 15:00:00,505.86,336.508,289.284,681.701,169.62,168.894,139.993,129.405,57.856,33.835,29.417,25.783,25.073,9.728,4.078
2022-11-28 15:30:00,505.858,336.501,289.272,681.698,169.615,168.892,139.99,129.559,57.289,33.831,29.405,25.771,25.068,9.693,4.049
2022-11-28 16:00:00,505.856,336.493,289.257,681.695,171.639,168.891,139.987,130.106,57.392,33.827,29.501,25.758,25.062,9.68,4.021
2022-11-28 16:30:00,505.854,336.487,289.242,681.693,171.171,168.89,139.984,129.159,57.289,33.823,29.436,25.746,25.058,9.675,3.995
2022-11-28 17:00:00,505.852,336.481,289.226,681.691,171.978,168.888,139.981,129.391,57.289,33.818,29.427,25.733,25.053,9.736,3.975
2022-11-28 17:30:00,505.851,336.476,289.209,681.689,170.03,168.887,139.977,130.988,57.492,33.814,29.372,25.721,25.049,9.689,3.97
2022-11-28 18:00:00,505.849,336.472,289.193,681.688,170.294,168.886,139.973,129.452,57.289,33.81,29.405,25.707,25.045,9.657,3.968
2022-11-28 18:30:00,505.848,336.468,289.177,681.687,170.033,168.885,139.968,129.217,57.398,33.805,29.42,25.694,25.041,9.628,3.951
2022-11-28 19:00:00,505.846,336.464,289.161,681.686,169.915,168.883,139.963,129.33,57.34,33.801,29.426,25.68,25.037,9.623,3.931
2022-11-28 19:30:00,505.844,336.461,289.145,681.685,169.563,168.881,139.958,129.028,57.398,33.796,29.491,25.666,25.032,9.644,3.913
2022-11-28 20:00:00,505.843,336.458,289.13,681.685,170.404,168.88,139.952,130.105,57.289,33.792,29.353,25.652,25.027,9.644,3.903
2022-11-28 20:30:00,505.841,336.454,289.114,681.684,169.671,168.878,139.947,129.307,57.551,33.789,29.308,25.637,25.023,9.66,3.901
2022-11-28 21:00:00,505.838,336.452,289.098,681.683,169.572,168.877,139.941,129.199,57.338,33.786,29.425,25.623,25.018,9.604,3.9
2022-11-28 21:30:00,505.836,336.448,289.083,681.683,169.792,168.876,139.935,129.276,57.289,33.783,29.3,25.608,25.013,9.569,3.89
2022-11-28 22:00:00,505.834,336.445,289.068,681.682,169.64,168.874,139.93,129.003,57.289,33.779,29.317,25.593,25.008,9.586,3.868
2022-11-28 22:30:00,505.832,336.442,289.054,681.682,170.915,168.873,139.924,129.253,57.658,33.775,29.229,25.579,25.003,9.559,3.855
2022-11-28 23:00:00,505.83,336.438,289.04,681.681,170.486,168.872,139.918,129.2,57.289,33.771,29.462,25.565,24.998,9.537,3.839
2022-11-28 23:30:00,505.828,336.435,289.026,681.681,169.695,168.871,139.913,129.308,57.289,33.767,29.222,25.553,24.993,9.502,3.822
2022-11-29 00:00:00,505.826,336.431,289.012,681.68,169.713,168.869,139.907,129.154,57.289,33.763,29.288,25.543,24.988,9.571,3.798
2022-11-29 00:30:00,505.824,336.428,288.999,681.679,171.366,168.868,139.902,129.36,57.289,33.759,29.19,25.534,24.982,9.503,3.797
2022-11-29 01:00:00,505.822,336.424,288.985,681.679,171.216,168.867,139.897,129.072,57.289,33.755,29.234,25.526,24.977,9.476,3.788
2022-11-29 01:30:00,505.819,336.42,288.972,681.678,171.64,168.866,139.892,130.619,57.289,33.751,29.251,25.52,24.972,9.444,3.763
2022-11-29 02:00:00,505.817,336.416,288.958,681.678,169.629,168.864,139.887,129.334,57.289,33.747,29.226,25.514,24.967,9.443,3.736
2022-11-29 02:30:00,505.815,336.412,288.945,681.677,169.54,168.863,139.883,129.275,57.289,33.744,29.219,25.51,24.961,9.45,3.715
2022-11-29 03:00:00,505.813,336.408,288.932,681.677,170.614,168.862,139.878,129.18,57.289,33.74,29.182,25.506,24.956,9.441,3.705
2022-11-29 03:30:00,505.81,336.405,288.918,681.676,169.617,168.86,139.874,129.934,57.289,33.737,29.2,25.502,24.951,9.427,3.697
2022-11-29 04:00:00,505.808,336.401,288.905,681.676,170.625,168.859,139.87,129.124,57.289,33.734,29.15,25.499,24.946,9.402,3.687
2022-11-29 04:30:00,505.806,336.397,288.893,681.675,169.568,168.857,139.865,129.042,57.289,33.731,29.274,25.496,24.942,9.394,3.671
2022-11-29 05:00:00,505.803,336.393,288.881,681.675,169.675,168.856,139.861,129.44,57.289,33.727,29.162,25.494,24.937,9.378,3.655
2022-11-29 05:30:00,505.801,336.389,288.868,681.674,169.568,168.854,139.857,129.611,57.289,33.724,29.113,25.491,24.933,9.403,3.641
2022-11-29 06:00:00,505.799,336.385,288.857,681.674,169.645,168.852,139.853,129.376,57.289,33.72,29.139,25.489,24.928,9.389,3.635
2022-11-29 06:30:00,505.797,336.38,288.845,681.673,171.568,168.851,139.85,129.414,57.289,33.717,29.116,25.488,24.924,9.345,3.634
2022-11-29 07:00:00,505.794,336.377,288.834,681.673,169.696,168.849,139.846,129.035,57.289,33.679,29.131,25.486,24.919,9.338,3.617
2022-11-29 07:30:00,505.792,336.373,288.823,681.672,170.423,168.848,139.842,129.236,57.289,33.675,29.12,25.484,24.915,9.325,3.597
2022-11-29 08:00:00,505.79,336.369,288.811,681.672,169.898,168.846,139.838,128.959,57.289,33.672,29.137,25.483,24.911,9.325,3.58
2022-11-29 08:30:00,505.788,336.365,288.799,681.671,170.846,168.845,139.835,129.136,57.289,33.668,29.15,25.482,24.907,9.317,3.568
2022-11-29 09:00:00,505.786,336.361,288.787,681.671,169.572,168.843,139.831,129.168,57.291,33.665,29.083,25.481,24.903,9.319,3.559
2022-11-29 09:30:00,505.783,336.357,288.776,681.67,169.66,168.841,139.828,129.21,57.289,33.661,29.059,25.48,24.899,9.326,3.553
2022-11-29 10:00:00,505.781,336.354,288.764,681.67,169.611,168.84,139.824,129.102,57.289,33.658,29.099,25.479,24.896,9.303,3.552
2022-11-29 10:30:00,505.778,336.351,288.753,681.593,169.619,168.839,139.821,129.519,57.289,33.655,29.128,25.478,24.892,9.279,3.545
2022-11-29 11:00:00,505.776,336.347,288.742,681.593,169.589,168.837,139.817,129.073,57.289,33.652,29.048,25.477,24.889,9.276,3.529
2022-11-29 11:30:00,505.776,336.348,288.736,681.674,170.125,168.841,139.817,129.078,57.289,33.651,28.992,25.482,24.887,9.289,3.517
2022-11-29 12:00:00,505.776,336.35,288.734,681.679,170.136,168.846,139.817,129.104,57.289,33.688,29.033,25.487,24.884,9.278,3.514
2022-11-29 12:30:00,505.87,336.582,289.503,681.902,169.908,169.052,140.015,129.133,57.289,33.778,29.162,25.75,24.967,9.317,3.57
2022-11-29 13:00:00,506.135,336.636,290.275,682.433,171.44,169.13,140.658,129.542,57.318,33.843,29.269,25.889,25.03,9.432,3.637
2022-11-29 13:30:00,506.2,336.808,291.601,682.364,169.734,169.129,140.85,129.712,57.537,33.878,29.347,25.819,25.026,9.56,3.682
2022-11-29 14:00:00,506.305,336.876,291.445,682.343,170.293,169.198,140.936,130.093,57.959,33.946,29.448,25.792,25.039,9.634,3.755
2022-11-29 14:30:00,506.406,336.901,291.56,682.347,170.183,169.203,140.944,133.451,58.255,34.034,29.72,25.801,25.059,9.698,3.836
2022-11-29 15:00:00,506.5,336.949,291.569,682.342,169.868,169.211,140.932,130.16,58.887,34.121,30.178,25.865,25.095,9.804,3.906
2022-11-29 15:30:00,506.577,336.948,291.519,682.325,169.805,169.228,140.931,130.194,58.168,34.202,30.898,25.959,25.15,10.154,3.976
2022-11-29 16:00:00,506.618,336.93,291.476,681.868,169.512,169.25,140.958,130.955,62.12,34.251,31.308,26.081,25.22,10.9,4.101
2022-11-29 16:30:00,506.623,336.917,291.464,681.857,169.36,169.252,140.998,129.237,58.063,34.277,32.419,26.183,25.273,11.375,4.406
2022-11-29 17:00:00,506.611,336.917,291.363,681.862,179.639,169.245,141.023,131.285,57.699,34.29,31.092,26.246,25.321,12.264,4.779
2022-11-29 17:30:00,506.59,336.916,291.244,681.858,170.058,169.236,141.023,129.691,57.75,34.299,31.449,26.281,25.356,11.924,5.168
2022-11-29 18:00:00,506.564,336.9,291.194,681.846,169.765,169.224,141.009,129.51,61.97,34.309,31.653,26.302,25.382,12.15,5.424
2022-11-29 18:30:00,506.537,336.873,291.076,681.835,182.881,169.212,140.984,130.092,59.369,34.33,31.917,26.314,25.396,11.94,5.602
2022-11-29 19:00:00,506.492,336.847,291.13,681.825,177.138,169.198,140.954,128.994,58.834,34.365,32.339,26.331,25.408,12.086,5.693
2022-11-29 19:30:00,506.465,336.819,291.229,681.816,169.92,169.185,140.92,132.118,57.693,34.393,30.569,26.355,25.425,12.409,5.705
2022-11-29 20:00:00,506.438,336.787,291.212,681.807,169.766,169.171,140.887,128.836,57.704,34.4,31.967,26.381,25.447,11.619,5.786
2022-11-29 20:30:00,506.411,336.754,291.072,681.799,169.775,169.146,140.856,132.03,57.649,34.393,30.549,26.397,25.469,12.157,5.766
2022-11-29 21:00:00,506.386,336.725,291.005,681.791,170.439,169.12,140.828,133.14,57.63,34.38,31.484,26.402,25.481,11.546,5.779
2022-11-29 21:30:00,506.365,336.697,290.9,681.783,169.653,169.093,140.801,129.715,60.505,34.364,31.873,26.398,25.483,11.964,5.724
2022-11-29 22:00:00,506.345,336.671,290.807,681.776,169.739,169.075,140.78,128.933,59.918,34.348,32.122,26.39,25.478,12.065,5.738
2022-11-29 22:30:00,506.326,336.648,290.721,681.769,169.652,169.058,140.756,128.835,57.289,34.331,31.951,26.379,25.469,12.18,5.759
2022-11-29 23:00:00,506.307,336.64,290.637,681.763,169.557,169.043,140.735,128.943,58.055,34.314,30.524,26.367,25.457,12.172,5.761
2022-11-29 23:30:00,506.29,336.625,290.514,681.757,169.64,169.03,140.713,131.066,58.812,34.297,31.666,26.353,25.445,11.389,5.784
2022-11-30 00:00:00,506.274,336.61,290.426,681.752,178.688,169.018,140.396,133.954,57.289,34.279,31.367,26.339,25.432,11.647,5.711
2022-11-30 00:30:00,506.258,336.597,290.34,681.736,171.355,169.006,140.371,128.802,58.426,34.262,30.358,26.323,25.418,11.658,5.617
2022-11-30 01:00:00,506.244,336.585,290.266,681.73,169.496,168.996,140.348,128.693,58.042,34.244,30.944,26.308,25.406,11.192,5.581
2022-11-30 01:30:00,506.23,336.574,290.169,681.726,174.103,168.986,140.326,128.953,59.66,34.223,30.931,26.288,25.392,11.056,5.515
2022-11-30 02:00:00,506.217,336.564,290.096,681.721,170.613,168.976,140.305,128.645,58.942,34.203,30.253,26.267,25.376,11.329,5.407
2022-11-30 02:30:00,506.204,336.556,290.028,681.717,169.94,168.966,140.285,128.918,57.352,34.18,30.58,26.245,25.359,11.058,5.374
2022-11-30 03:00:00,506.191,336.549,289.981,681.713,169.554,168.957,140.265,128.735,57.292,34.157,30.292,26.225,25.343,11.113,5.338
2022-11-30 03:30:00,506.178,336.547,289.914,681.71,174.611,168.95,140.245,132.575,57.289,34.136,30.026,26.206,25.328,10.973,5.295
2022-11-30 04:00:00,506.166,336.546,289.863,681.708,169.46,168.945,140.226,128.907,59.35,34.116,30.544,26.187,25.314,10.548,5.249
2022-11-30 04:30:00,506.155,336.544,289.786,681.706,169.517,168.94,140.208,128.843,57.289,34.096,30.307,26.168,25.298,10.786,5.143
2022-11-30 05:00:00,506.144,336.544,289.714,681.704,169.409,168.936,140.191,128.482,57.627,34.078,30.335,26.148,25.286,10.703,5.063
2022-11-30 05:30:00,505.962,336.539,289.655,681.702,169.464,168.933,140.174,128.907,58.257,34.059,29.721,26.127,25.273,10.826,5.022
2022-11-30 06:00:00,505.953,336.534,289.606,681.701,170.091,168.928,140.158,131.974,57.567,34.042,29.934,26.107,25.261,10.44,5.005
2022-11-30 06:30:00,505.944,336.53,289.575,681.699,169.473,168.923,140.141,128.888,57.542,34.031,30.326,26.087,25.25,10.489,4.938
2022-11-30 07:00:00,505.936,336.525,289.546,681.698,170.098,168.918,140.126,129.062,58.139,34.013,29.919,26.069,25.239,10.397,4.862
2022-11-30 07:30:00,505.929,336.521,289.515,681.696,169.457,168.914,140.111,129.106,57.694,33.996,29.569,26.051,25.23,10.531,4.8
2022-11-30 08:00:00,505.921,336.518,289.483,681.695,171.123,168.909,140.097,128.954,57.328,33.981,29.762,26.033,25.22,10.197,4.784
2022-11-30 08:30:00,505.914,336.516,289.45,681.694,169.508,168.905,140.084,128.99,57.387,33.967,29.843,26.013,25.21,10.135,4.709
2022-11-30 09:00:00,505.907,336.515,289.421,681.693,169.706,168.902,140.071,129.869,57.515,33.954,29.782,25.993,25.199,10.125,4.612
2022-11-30 09:30:00,505.9,336.514,289.392,681.691,169.425,168.898,140.06,128.946,57.289,33.94,29.678,25.973,25.188,10.199,4.542
2022-11-30 10:00:00,505.894,336.511,289.362,681.69,172.858,168.895,140.048,130.979,57.299,33.927,29.666,25.956,25.172,10.137,4.502
2022-11-30 10:30:00,505.887,336.507,289.335,681.689,169.436,168.892,140.037,128.932,57.42,33.914,29.677,25.939,25.16,9.998,4.469
2022-11-30 11:00:00,505.881,336.502,289.309,681.688,172.26,168.889,140.013,129.228,57.289,33.902,29.755,25.923,25.149,10.064,4.417
2022-11-30 11:30:00,505.875,336.497,289.283,681.687,169.418,168.886,140.003,129.823,57.289,33.89,29.52,25.908,25.148,10.071,4.373
2022-11-30 12:00:00,505.87,336.492,289.26,681.687,169.422,168.884,139.992,128.976,57.307,33.881,29.627,25.893,25.138,10.015,4.351
2022-11-30 12:30:00,505.865,336.487,289.238,681.686,171.873,168.881,139.982,129.026,57.32,33.873,29.457,25.878,25.128,9.924,4.329
2022-11-30 13:00:00,505.86,336.482,289.216,681.685,169.44,168.879,139.972,128.872,57.289,33.864,29.669,25.863,25.119,9.891,4.291
2022-11-30 13:30:00,505.855,336.478,289.193,681.684,169.426,168.876,139.963,129.069,57.289,33.854,29.385,25.85,25.111,9.877,4.25
2022-11-30 14:00:00,505.85,336.475,289.172,681.683,169.479,168.874,139.954,128.947,57.785,33.846,29.533,25.837,25.102,9.866,4.213
2022-11-30 14:30:00,505.847,336.471,289.153,681.684,169.486,168.873,139.947,129.379,57.289,33.838,29.276,25.825,25.095,9.771,4.188
2022-11-30 15:00:00,505.844,336.466,289.136,681.684,169.595,168.873,139.94,129.16,57.31,33.831,29.615,25.812,25.087,9.757,4.151
2022-11-30 15:30:00,505.842,336.461,289.119,681.685,171.204,168.872,139.934,129.16,57.448,33.824,29.361,25.796,25.08,9.667,4.113
2022-11-30 16:00:00,505.839,336.456,289.104,681.685,169.66,168.871,139.928,129.427,57.289,33.818,29.129,25.78,25.073,9.769,4.069
2022-11-30 16:30:00,505.835,336.45,289.088,681.683,170.356,168.868,139.921,129.533,57.289,33.811,29.348,25.761,25.064,9.677,4.044
2022-11-30 17:00:00,505.832,336.443,289.072,681.681,169.679,168.866,139.915,129.373,57.348,33.805,29.33,25.743,25.057,9.562,4.022
2022-11-30 17:30:00,505.828,336.437,289.054,681.679,171.078,168.863,139.908,130.673,57.289,33.799,29.57,25.725,25.05,9.599,3.972
2022-11-30 18:00:00,505.824,336.43,289.036,681.678,170.04,168.861,139.902,129.813,57.289,33.794,29.244,25.705,25.044,9.641,3.933
2022-11-30 18:30:00,505.821,336.424,289.018,681.677,170.034,168.859,139.896,129.397,57.289,33.789,29.238,25.686,25.038,9.707,3.92
2022-11-30 19:00:00,505.818,336.418,289.0,681.676,171.773,168.857,139.89,129.319,57.289,33.785,29.211,25.667,25.031,9.582,3.93
2022-11-30 19:30:00,505.815,336.412,288.982,681.675,169.65,168.855,139.884,129.648,57.289,33.781,29.203,25.647,25.025,9.519,3.915
2022-11-30 20:00:00,505.811,336.407,288.966,681.675,169.597,168.853,139.878,129.274,57.289,33.776,29.193,25.628,25.018,9.503,3.873
2022-11-30 20:30:00,505.808,336.401,288.949,681.674,169.522,168.852,139.872,129.43,57.289,33.771,29.255,25.609,25.011,9.479,3.836
2022-11-30 21:00:00,505.805,336.396,288.933,681.673,169.666,168.85,139.866,129.722,57.289,33.765,29.228,25.59,25.005,9.469,3.802
2022-11-30 21:30:00,505.802,336.39,288.917,681.672,169.473,168.849,139.861,129.254,57.289,33.76,29.19,25.573,24.998,9.485,3.774
2022-11-30 22:00:00,505.799,336.385,288.901,681.672,169.671,168.847,139.855,129.181,57.289,33.755,29.166,25.559,24.991,9.48,3.759
2022-11-30 22:30:00,505.796,336.379,288.886,681.671,169.609,168.845,139.849,129.277,57.307,33.749,29.205,25.547,24.984,9.451,3.751
2022-11-30 23:00:00,505.793,336.374,288.871,681.671,170.405,168.844,139.844,129.263,57.289,33.744,29.164,25.538,24.978,9.429,3.737
2022-11-30 23:30:00,505.79,336.369,288.855,681.593,171.524,168.842,139.839,129.309,57.363,33.74,29.131,25.53,24.971,9.431,3.717
2022-12-01 00:00:00,505.788,336.365,288.841,681.593,169.63,168.841,139.834,129.018,57.289,33.735,29.177,25.523,24.964,9.417,3.702
2022-12-01 00:30:00,505.785,336.36,288.826,681.592,169.608,168.839,139.829,128.636,57.289,33.731,29.155,25.517,24.958,9.388,3.69
2022-12-01 01:00:00,505.782,336.356,288.812,681.591,171.198,168.838,139.824,129.112,57.289,33.726,29.152,25.512,24.951,9.39,3.671
2022-12-01 01:30:00,505.779,336.352,288.798,681.591,169.713,168.837,139.819,129.313,57.289,33.721,29.073,25.508,24.945,9.388,3.656
2022-12-01 02:00:00,505.776,336.347,288.784,681.59,169.711,168.835,139.814,129.26,57.289,33.716,29.085,25.504,24.939,9.371,3.648
2022-12-01 02:30:00,505.773,336.343,288.77,681.589,169.879,168.834,139.81,128.717,57.289,33.712,29.077,25.5,24.933,9.345,3.637
2022-12-01 03:00:00,505.77,336.338,288.757,681.588,169.696,168.833,139.805,128.634,57.291,33.707,29.106,25.497,24.927,9.322,3.62
2022-12-01 03:30:00,505.767,336.335,288.744,681.588,170.107,168.832,139.801,129.558,57.289,33.702,29.075,25.495,24.922,9.316,3.598
2022-12-01 04:00:00,505.764,336.331,288.732,681.587,169.621,168.831,139.796,129.555,57.289,33.698,29.017,25.492,24.916,9.314,3.58
2022-12-01 04:30:00,505.761,336.328,288.72,681.586,169.576,168.83,139.792,128.934,57.289,33.693,28.997,25.49,24.911,9.31,3.567
2022-12-01 05:00:00,505.758,336.326,288.708,681.586,170.229,168.829,139.788,129.252,57.289,33.689,29.057,25.488,24.906,9.283,3.559
2022-12-01 05:30:00,505.755,336.322,288.696,681.585,169.771,168.828,139.783,129.359,57.289,33.685,29.024,25.487,24.901,9.261,3.545
2022-12-01 06:00:00,505.753,336.319,288.684,681.584,169.846,168.827,139.779,129.047,57.289,33.643,29.009,25.485,24.896,9.264,3.524
2022-12-01 06:30:00,505.75,336.316,288.672,681.584,169.665,168.826,139.775,129.146,57.289,33.639,28.963,25.484,24.891,9.26,3.509
2022-12-01 07:00:00,505.748,336.313,288.66,681.583,169.704,168.825,139.771,128.716,57.289,33.635,28.979,25.482,24.887,9.252,3.502
2022-12-01 07:30:00,505.745,336.309,288.649,681.583,169.64,168.824,139.767,129.086,57.289,33.631,28.978,25.481,24.882,9.232,3.495
2022-12-01 08:00:00,505.743,336.306,288.638,681.582,169.709,168.823,139.764,129.256,57.289,33.628,28.958,25.48,24.878,9.219,3.484
2022-12-01 08:30:00,505.74,336.303,288.627,681.582,169.878,168.822,139.76,128.913,57.289,33.624,28.971,25.479,24.874,9.216,3.47
2022-12-01 09:00:00,505.738,336.3,288.617,681.581,169.882,168.821,139.756,128.545,57.289,33.62,29.006,25.478,24.869,9.208,3.459
2022-12-01 09:30:00,505.735,336.298,288.606,681.58,169.867,168.82,139.753,128.761,57.289,33.617,28.943,25.477,24.865,9.201,3.45
2022-12-01 10:00:00,505.733,336.295,288.596,681.58,170.332,168.82,140.665,128.515,57.289,33.614,28.94,25.476,24.861,9.208,3.442
2022-12-01 10:30:00,505.731,336.292,288.586,681.579,169.739,168.819,140.661,128.659,57.289,33.611,28.939,25.476,24.857,9.202,3.438
2022-12-01 11:00:00,505.729,336.29,288.577,681.579,169.591,168.818,140.658,129.153,57.289,33.608,28.907,25.475,24.853,9.185,3.435
2022-12-01 11:30:00,505.726,336.287,288.568,681.578,169.852,168.817,140.654,129.402,57.289,33.605,28.924,25.474,24.849,9.176,3.428
2022-12-01 12:00:00,505.724,336.284,288.559,681.578,169.988,168.817,140.651,128.511,57.289,33.602,28.909,25.474,24.845,9.167,3.419
2022-12-01 12:30:00,505.722,336.282,288.551,681.577,169.85,168.816,140.647,128.759,57.289,33.6,28.903,25.473,24.841,9.158,3.41
2022-12-01 13:00:00,505.72,336.279,288.542,681.577,169.772,168.815,140.644,129.019,57.289,33.597,28.905,25.473,24.837,9.156,3.4
2022-12-01 13:30:00,505.718,336.277,288.535,681.576,169.564,168.814,140.641,128.599,57.289,33.595,28.881,25.472,24.833,9.149,3.393
2022-12-01 14:00:00,505.716,336.274,288.529,681.576,169.901,168.814,140.638,128.819,57.289,33.593,28.876,25.472,24.83,9.144,3.386
2022-12-01 14:30:00,505.714,336.272,288.522,681.575,170.093,168.813,140.635,128.713,57.289,33.59,28.871,25.471,24.826,9.138,3.379
2022-12-01 15:00:00,505.713,336.269,288.516,681.575,169.801,168.812,140.632,129.162,57.289,33.588,28.862,25.471,24.822,9.131,3.373
2022-12-01 15:30:00,505.711,336.266,288.51,681.574,169.721,168.812,140.629,128.674,57.289,33.585,28.867,25.47,24.817,9.125,3.366
2022-12-01 16:00:00,505.709,336.264,288.504,681.574,169.816,168.811,140.626,129.185,57.289,33.583,28.87,25.47,24.812,9.12,3.359
2022-12-01 16:30:00,505.708,336.261,288.498,681.573,169.66,168.81,140.623,128.658,57.289,33.581,28.857,25.47,24.807,9.116,3.352
2022-12-01 17:00:00,505.706,336.259,288.492,681.573,169.562,168.81,140.62,129.005,57.289,33.579,28.854,25.469,24.803,9.113,3.346
2022-12-01 17:30:00,505.705,336.256,288.487,681.572,169.609,168.809,140.617,128.561,57.289,33.577,28.823,25.469,24.799,9.11,3.341
2022-12-01 18:00:00,505.704,336.253,288.481,681.572,170.484,168.808,140.615,129.19,57.289,33.575,28.826,25.469,24.795,9.104,3.337
2022-12-01 18:30:00,505.702,336.251,288.476,681.571,170.038,168.808,140.612,128.902,57.289,33.573,28.826,25.468,24.791,9.096,3.333
2022-12-01 19:00:00,505.701,336.248,288.471,681.571,170.163,168.807,140.61,128.916,57.289,33.571,28.822,25.468,24.788,9.086,3.328
2022-12-01 19:30:00,505.7,336.246,288.466,681.57,169.773,168.806,140.607,128.646,57.289,33.569,28.805,25.468,24.784,9.078,3.321
2022-12-01 20:00:00,505.699,336.244,288.46,681.57,169.932,168.806,140.605,129.245,57.289,33.567,28.815,25.467,24.78,9.075,3.314
2022-12-01 20:30:00,505.697,336.242,288.455,681.569,169.801,168.805,140.602,129.061,57.289,33.565,28.813,25.467,24.777,9.07,3.308
2022-12-01 21:00:00,505.696,336.239,288.45,681.569,169.701,168.804,140.599,128.872,57.289,33.563,28.802,25.467,24.773,9.062,3.302
2022-12-01 21:30:00,505.695,336.237,288.446,681.568,169.582,168.804,140.597,128.735,57.289,33.561,28.804,25.467,24.833,9.06,3.297
2022-12-01 22:00:00,505.694,336.235,288.441,681.568,170.498,168.803,140.595,128.705,57.289,33.559,28.8,25.467,24.83,9.055,3.292
2022-12-01 22:30:00,505.693,336.233,288.437,681.567,169.724,168.803,140.592,128.608,57.289,33.557,28.793,25.466,24.827,9.05,3.288
2022-12-01 23:00:00,505.692,336.231,288.432,681.567,169.746,168.802,140.59,129.022,57.289,33.556,28.772,25.466,24.824,9.047,3.284
2022-12-01 23:30:00,505.691,336.228,288.428,681.567,169.73,168.802,140.588,129.088,57.289,33.554,28.776,25.466,24.82,9.043,3.28
2022-12-02 00:00:00,505.689,336.226,288.424,681.566,169.665,168.801,140.587,129.014,57.289,33.553,28.774,25.466,24.817,9.036,3.276
2022-12-02 00:30:00,505.688,336.224,288.419,681.566,170.119,168.801,140.585,129.185,57.289,33.551,28.768,25.466,24.814,9.026,3.272
2022-12-02 01:00:00,505.687,336.222,288.415,681.565,169.767,168.8,140.583,129.206,57.289,33.55,28.774,25.465,24.81,9.019,3.267
2022-12-02 01:30:00,505.686,336.22,288.411,681.565,169.859,168.8,140.581,128.55,57.289,33.548,28.767,25.465,24.807,9.014,3.261
2022-12-02 02:00:00,505.685,336.218,288.407,681.565,169.704,168.799,140.579,128.622,57.289,33.547,28.767,25.465,24.804,9.01,3.256
2022-12-02 02:30:00,505.684,336.216,288.402,681.564,169.684,168.799,140.578,129.146,57.289,33.545,28.762,25.465,24.801,9.007,3.251
2022-12-02 03:00:00,505.683,336.214,288.398,681.564,169.82,168.798,140.576,128.582,57.289,33.544,28.758,25.465,24.798,9.004,3.247
2022-12-02 03:30:00,505.682,336.212,288.394,681.564,170.14,168.798,140.574,128.936,57.289,33.543,28.752,25.465,24.795,9.0,3.243
2022-12-02 04:00:00,505.681,336.21,288.39,681.563,169.855,168.798,140.573,128.854,57.289,33.541,28.741,25.464,24.792,8.996,3.24
2022-12-02 04:30:00,505.681,336.208,288.386,681.563,169.72,168.797,140.571,129.097,57.289,33.54,28.748,25.464,24.789,8.991,3.237
2022-12-02 05:00:00,505.68,336.206,288.382,681.562,169.825,168.797,140.57,128.888,57.289,33.539,28.76,25.464,24.787,8.986,3.233
2022-12-02 05:30:00,505.679,336.204,288.378,681.562,169.745,168.796,140.568,129.23,57.289,33.538,28.743,25.464,24.784,8.979,3.229
2022-12-02 06:00:00,505.678,336.202,288.374,681.562,169.798,168.796,140.567,129.02,57.289,33.536,28.735,25.464,24.781,8.976,3.225
2022-12-02 06:30:00,505.677,336.2,288.37,681.561,169.689,168.795,140.565,128.906,57.289,33.535,28.729,25.464,24.779,8.977,3.22
2022-12-02 07:00:00,505.676,336.198,288.366,681.561,169.812,168.795,140.564,129.127,57.289,33.534,28.716,25.464,24.776,8.973,3.217
2022-12-02 07:30:00,505.675,336.196,288.362,681.56,169.889,168.795,140.562,128.949,57.289,33.533,28.727,25.464,24.774,8.966,3.214
2022-12-02 08:00:00,505.674,336.195,288.359,681.56,169.855,168.794,140.561,129.129,57.289,33.531,28.726,25.464,24.771,8.958,3.211
2022-12-02 08:30:00,505.673,336.193,288.355,681.56,169.759,168.794,140.56,129.037,57.289,33.53,28.722,25.463,24.769,8.95,3.207
2022-12-02 09:00:00,505.673,336.191,288.351,681.56,169.981,168.794,140.558,129.039,57.289,33.529,28.724,25.463,24.766,8.946,3.202
2022-12-02 09:30:00,505.672,336.189,288.348,681.559,169.87,168.793,140.557,129.171,57.289,33.528,28.724,25.463,24.764,8.944,3.197
2022-12-02 10:00:00,505.671,336.188,288.344,681.559,169.837,168.793,140.556,128.934,57.289,33.527,28.717,25.463,24.762,8.941,3.193
2022-12-02 10:30:00,505.67,336.186,288.341,681.559,169.733,168.792,140.554,129.155,57.289,33.526,28.713,25.463,24.759,8.939,3.19
2022-12-02 11:00:00,505.58,336.185,288.337,681.558,169.726,168.792,140.553,129.004,57.289,33.525,28.712,25.463,24.757,8.937,3.187
2022-12-02 11:30:00,505.579,336.183,288.334,681.558,169.724,168.792,140.552,128.986,57.289,33.524,28.712,25.463,24.755,8.933,3.184
2022-12-02 12:00:00,505.579,336.182,288.331,681.558,169.795,168.791,140.551,129.116,57.289,33.523,28.706,25.463,24.752,8.929,3.182
2022-12-02 12:30:00,505.578,336.18,288.327,681.557,169.753,168.791,140.55,128.955,57.289,33.522,28.701,25.463,24.75,8.925,3.179
2022-12-02 13:00:00,505.578,336.179,288.324,681.557,170.005,168.791,140.549,129.1,57.289,33.521,28.699,25.463,24.748,8.922,3.176
2022-12-02 13:30:00,505.779,336.47,289.15,681.895,170.153,169.04,139.879,129.491,57.289,33.705,28.788,25.753,24.808,8.995,3.245
2022-12-02 14:00:00,505.874,336.772,289.838,682.438,170.191,169.134,140.596,129.548,57.289,33.755,28.978,25.904,24.881,9.118,3.314
2022-12-02 14:30:00,506.173,336.817,291.589,682.386,169.88,169.154,140.846,129.593,57.359,33.782,29.085,25.837,24.877,9.222,3.365
2022-12-02 15:00:00,506.312,336.925,292.049,682.378,173.545,169.223,140.985,129.701,57.738,33.852,29.183,25.798,24.896,9.322,3.442
2022-12-02 15:30:00,506.434,336.952,291.838,682.389,170.255,169.234,141.011,129.888,58.149,33.947,29.424,25.735,24.912,9.405,3.513
2022-12-02 16:00:00,506.574,337.042,291.847,682.369,170.216,169.25,141.012,129.53,58.441,34.08,29.97,25.694,24.947,9.478,3.621
2022-12-02 16:30:00,506.671,337.026,291.864,682.341,169.85,169.278,141.026,129.475,59.469,34.195,31.053,25.737,25.006,9.75,3.723
2022-12-02 17:00:00,506.702,337.3,291.71,682.321,171.677,169.299,141.073,134.773,58.39,34.275,31.212,25.922,25.102,10.921,3.853
2022-12-02 17:30:00,506.687,337.624,291.677,682.332,169.838,169.296,141.107,131.718,59.1,34.318,31.99,26.131,25.228,11.478,4.225
2022-12-02 18:00:00,506.661,336.975,291.561,682.393,171.076,169.286,141.115,132.791,62.227,34.339,32.224,26.258,25.309,12.033,4.741
2022-12-02 18:30:00,506.632,337.258,291.438,682.377,170.616,169.271,141.101,129.113,58.628,34.356,32.416,26.317,25.371,12.357,5.165
2022-12-02 19:00:00,506.604,337.436,291.367,682.349,170.265,169.253,141.075,131.753,58.063,34.389,31.582,26.355,25.415,12.503,5.48
2022-12-02 19:30:00,506.574,337.429,291.282,682.316,169.772,169.234,141.044,129.562,58.036,34.442,31.636,26.387,25.448,12.353,5.707
2022-12-02 20:00:00,506.544,337.284,291.478,681.846,169.641,169.216,141.009,129.112,57.759,34.461,31.383,26.427,25.485,12.055,5.814
2022-12-02 20:30:00,506.498,337.296,291.419,681.828,171.016,169.2,140.971,131.43,60.937,34.46,31.914,26.459,25.521,12.136,5.839
2022-12-02 21:00:00,506.468,337.274,291.357,681.815,169.731,169.185,140.931,129.099,59.411,34.45,32.249,26.471,25.545,12.321,5.812
2022-12-02 21:30:00,506.44,337.222,291.231,681.805,169.907,169.169,140.893,131.473,58.838,34.436,32.497,26.471,25.551,12.464,5.856
2022-12-02 22:00:00,506.413,337.181,291.062,681.797,169.892,169.143,140.859,128.904,57.764,34.42,32.656,26.464,25.547,12.751,5.891
2022-12-02 22:30:00,506.387,337.136,290.992,681.789,169.761,169.116,140.828,131.543,57.626,34.401,30.754,26.453,25.539,12.809,5.972
2022-12-02 23:00:00,506.365,337.098,290.844,681.781,169.597,169.089,140.8,135.976,60.513,34.382,31.72,26.438,25.527,11.975,6.034
2022-12-02 23:30:00,506.345,337.062,290.758,681.773,177.65,169.071,140.778,132.829,59.947,34.36,31.25,26.422,25.515,12.121,5.97
2022-12-03 00:00:00,506.325,337.026,290.675,681.767,179.387,169.054,140.753,129.316,57.289,34.34,32.0,26.404,25.5,11.81,5.917
2022-12-03 00:30:00,506.306,336.993,290.599,681.761,170.01,169.039,140.731,129.278,57.532,34.321,30.539,26.387,25.483,12.208,5.829
2022-12-03 01:00:00,506.289,336.964,290.522,681.755,169.646,169.026,140.709,128.984,57.289,34.302,31.525,26.369,25.465,11.457,5.81
2022-12-03 01:30:00,506.272,336.935,290.428,681.739,169.592,169.014,140.391,129.705,57.793,34.283,31.048,26.352,25.447,11.846,5.746
2022-12-03 02:00:00,506.257,336.915,290.329,681.733,169.594,169.003,140.366,131.929,59.97,34.264,31.245,26.334,25.43,11.581,5.698
2022-12-03 02:30:00,506.242,336.891,290.196,681.729,169.623,168.993,140.343,131.402,57.289,34.245,30.293,26.316,25.413,11.457,5.655
2022-12-03 03:00:00,506.228,336.869,290.138,681.723,176.671,168.983,140.321,128.579,57.289,34.223,30.478,26.295,25.398,11.171,5.577
2022-12-03 03:30:00,506.215,336.847,290.084,681.719,171.378,168.972,140.299,129.242,57.484,34.203,30.795,26.273,25.381,11.177,5.498
2022-12-03 04:00:00,506.201,336.827,290.015,681.715,169.47,168.963,140.279,128.837,57.857,34.179,30.508,26.249,25.363,11.0,5.428
2022-12-03 04:30:00,506.189,336.807,289.958,681.711,169.518,168.954,140.259,128.745,57.798,34.155,30.068,26.228,25.346,10.974,5.339
2022-12-03 05:00:00,506.176,336.785,289.904,681.709,170.128,168.948,140.239,131.143,57.768,34.133,30.108,26.208,25.33,10.842,5.272
2022-12-03 05:30:00,506.163,336.763,289.836,681.707,169.469,168.943,140.22,129.645,57.595,34.113,30.381,26.188,25.315,10.7,5.207
2022-12-03 06:00:00,506.152,336.743,289.759,681.705,169.483,168.939,140.202,128.822,57.383,34.094,30.2,26.168,25.299,10.708,5.121
2022-12-03 06:30:00,505.969,336.724,289.695,681.703,169.411,168.935,140.185,129.619,58.676,34.075,30.196,26.147,25.287,10.76,5.05
2022-12-03 07:00:00,505.959,336.707,289.638,681.701,169.46,168.931,140.168,129.475,58.227,34.056,30.018,26.126,25.273,10.695,5.019
2022-12-03 07:30:00,505.95,336.69,289.596,681.7,173.675,168.926,140.152,130.487,57.289,34.04,30.107,26.105,25.261,10.56,4.985
2022-12-03 08:00:00,505.942,336.673,289.568,681.698,169.485,168.921,140.135,128.845,57.446,34.027,30.005,26.086,25.249,10.54,4.933
2022-12-03 08:30:00,505.934,336.655,289.537,681.697,169.44,168.916,140.12,129.857,57.715,34.009,29.768,26.067,25.239,10.366,4.876
2022-12-03 09:00:00,505.927,336.637,289.504,681.695,169.448,168.912,140.105,128.819,57.809,33.993,29.838,26.049,25.229,10.29,4.809
2022-12-03 09:30:00,505.919,336.621,289.471,681.694,169.916,168.907,140.091,129.167,57.289,33.978,29.849,26.03,25.219,10.369,4.74
2022-12-03 10:00:00,505.912,336.605,289.438,681.693,169.462,168.903,140.078,130.279,57.497,33.964,29.76,26.01,25.209,10.231,4.687
2022-12-03 10:30:00,505.905,336.59,289.408,681.692,171.067,168.9,140.066,129.133,57.601,33.95,29.639,25.989,25.197,10.122,4.631
2022-12-03 11:00:00,505.898,336.575,289.38,681.69,169.443,168.897,140.055,129.223,57.289,33.937,29.815,25.97,25.186,10.168,4.565
2022-12-03 11:30:00,505.891,336.562,289.352,681.69,171.581,168.893,140.043,129.019,57.782,33.923,29.686,25.952,25.17,10.044,4.511
2022-12-03 12:00:00,505.885,336.551,289.324,681.689,169.428,168.89,140.033,129.555,57.289,33.91,29.613,25.936,25.158,10.105,4.457
2022-12-03 12:30:00,505.879,336.539,289.298,681.688,169.409,168.888,140.008,129.086,57.399,33.898,29.595,25.92,25.154,10.076,4.419
2022-12-03 13:00:00,505.873,336.528,289.273,681.687,170.857,168.885,139.998,129.176,57.289,33.887,29.613,25.905,25.146,9.929,4.387
2022-12-03 13:30:00,505.868,336.517,289.25,681.686,169.456,168.882,139.987,128.84,57.766,33.878,29.625,25.889,25.136,9.977,4.341
2022-12-03 14:00:00,505.863,336.507,289.228,681.685,169.505,168.88,139.977,128.998,57.289,33.871,29.514,25.874,25.126,9.918,4.299
2022-12-03 14:30:00,505.858,336.496,289.206,681.684,169.398,168.877,139.968,129.51,57.289,33.86,29.466,25.86,25.117,9.915,4.267
2022-12-03 15:00:00,505.853,336.485,289.183,681.683,170.409,168.875,139.959,128.854,57.289,33.851,29.524,25.847,25.109,9.837,4.236
2022-12-03 15:30:00,505.85,336.476,289.164,681.684,169.594,168.874,139.951,129.412,57.603,33.843,29.429,25.835,25.101,9.806,4.203
2022-12-03 16:00:00,505.847,336.469,289.147,681.685,169.628,168.874,139.944,129.258,57.289,33.836,29.398,25.823,25.093,9.786,4.166
2022-12-03 16:30:00,505.843,336.463,289.128,681.683,169.552,168.871,139.937,129.357,57.289,33.828,29.586,25.807,25.085,9.736,4.133
2022-12-03 17:00:00,505.839,336.457,289.11,681.682,170.718,168.869,139.929,130.133,57.289,33.821,29.334,25.79,25.078,9.702,4.098
2022-12-03 17:30:00,505.863,336.491,289.148,681.734,170.481,168.917,139.953,129.073,57.567,33.83,29.312,25.813,25.083,9.773,4.075
2022-12-03 18:00:00,505.881,336.536,289.24,681.781,169.735,168.949,139.998,130.414,57.343,33.839,29.425,25.832,25.088,9.7,4.068
2022-12-03 18:30:00,505.875,336.561,289.342,681.771,170.187,168.931,140.026,129.822,57.341,33.838,29.333,25.814,25.081,9.664,4.05
2022-12-03 19:00:00,505.873,336.588,289.458,681.764,169.711,168.924,140.059,129.577,57.289,33.84,29.378,25.799,25.076,9.702,4.021
2022-12-03 19:30:00,505.873,336.591,289.518,681.742,169.731,168.923,140.07,129.476,57.386,33.84,29.324,25.786,25.072,9.684,4.005
2022-12-03 20:00:00,505.876,336.598,289.525,681.732,171.889,168.925,140.082,130.574,57.289,33.841,29.414,25.777,25.069,9.669,3.994
2022-12-03 20:30:00,505.88,336.604,289.509,681.722,171.432,168.925,140.091,130.303,57.402,33.842,29.325,25.767,25.066,9.651,3.982
2022-12-03 21:00:00,505.884,336.607,289.496,681.714,169.612,168.926,140.096,129.576,57.587,33.843,29.475,25.76,25.062,9.665,3.967
2022-12-03 21:30:00,505.888,336.607,289.484,681.71,169.755,168.928,140.097,130.454,57.586,33.844,29.526,25.754,25.06,9.651,3.957
2022-12-03 22:00:00,505.892,336.605,289.473,681.708,169.595,168.929,140.096,130.829,57.711,33.845,29.48,25.75,25.059,9.707,3.948
2022-12-03 22:30:00,505.895,336.604,289.461,681.707,172.926,168.928,140.093,130.927,57.555,33.844,29.611,25.747,25.059,9.743,3.951
2022-12-03 23:00:00,505.898,336.606,289.454,681.707,171.908,168.927,140.088,129.526,57.797,33.843,29.803,25.745,25.058,9.75,3.965
2022-12-03 23:30:00,505.9,336.61,289.447,681.707,169.578,168.925,140.083,129.288,57.529,33.841,29.414,25.744,25.058,9.867,3.979
2022-12-04 00:00:00,505.901,336.613,289.44,681.706,169.656,168.923,140.077,129.402,57.331,33.838,29.666,25.741,25.058,9.863,4.008
2022-12-04 00:30:00,505.902,336.613,289.433,681.706,169.679,168.921,140.071,129.3,57.456,33.834,29.681,25.739,25.057,9.739,4.044
2022-12-04 01:00:00,505.902,336.612,289.422,681.704,170.226,168.92,140.065,129.302,57.656,33.831,29.521,25.735,25.056,9.83,4.042
2022-12-04 01:30:00,505.902,336.609,289.41,681.703,169.647,168.919,140.059,129.237,57.481,33.828,29.689,25.73,25.054,9.821,4.042
2022-12-04 02:00:00,505.902,336.604,289.393,681.702,169.547,168.918,140.054,130.315,57.322,33.825,29.524,25.724,25.052,9.77,4.051
2022-12-04 02:30:00,505.902,336.599,289.376,681.7,172.547,168.917,140.048,130.05,57.289,33.822,29.76,25.716,25.049,9.825,4.046
2022-12-04 03:00:00,505.901,336.594,289.359,681.699,169.572,168.916,140.044,129.35,57.289,33.82,29.628,25.708,25.047,9.856,4.046
2022-12-04 03:30:00,505.9,336.589,289.341,681.697,169.698,168.915,140.04,129.184,57.289,33.817,29.564,25.7,25.044,9.865,4.053
2022-12-04 04:00:00,505.899,336.583,289.323,681.696,172.619,168.914,140.036,129.228,57.289,33.815,29.586,25.691,25.041,9.795,4.068
2022-12-04 04:30:00,505.897,336.577,289.305,681.695,169.54,168.912,140.018,129.752,57.622,33.813,29.507,25.683,25.039,9.774,4.065
2022-12-04 05:00:00,505.895,336.57,289.288,681.695,169.604,168.91,140.015,130.69,57.554,33.811,29.426,25.674,25.036,9.8,4.05
2022-12-04 05:30:00,505.893,336.563,289.272,681.694,172.595,168.908,140.012,129.521,57.351,33.809,29.611,25.664,25.033,9.706,4.042
2022-12-04 06:00:00,505.89,336.556,289.254,681.693,169.588,168.906,140.009,129.551,57.959,33.807,29.347,25.655,25.03,9.695,4.023
2022-12-04 06:30:00,505.887,336.549,289.237,681.693,171.364,168.903,140.005,129.525,57.615,33.805,29.647,25.646,25.027,9.724,3.994
2022-12-04 07:00:00,505.884,336.542,289.22,681.692,169.585,168.901,140.001,129.159,57.304,33.803,29.36,25.637,25.024,9.657,3.983
2022-12-04 07:30:00,505.88,336.535,289.203,681.692,169.94,168.899,139.997,129.426,57.289,33.801,29.5,25.627,25.021,9.711,3.963
2022-12-04 08:00:00,505.877,336.528,289.186,681.692,169.579,168.896,139.993,129.559,57.747,33.799,29.543,25.618,25.018,9.655,3.955
2022-12-04 08:30:00,505.874,336.521,289.17,681.692,169.632,168.894,139.988,129.145,57.289,33.797,29.535,25.609,25.015,9.682,3.94
2022-12-04 09:00:00,505.871,336.514,289.154,681.692,169.617,168.891,139.983,129.2,57.289,33.795,29.478,25.599,25.013,9.697,3.932
2022-12-04 09:30:00,505.867,336.507,289.135,681.692,171.595,168.889,139.978,129.127,57.488,33.793,29.397,25.59,25.01,9.669,3.931
2022-12-04 10:00:00,505.864,336.5,289.117,681.692,169.565,168.887,139.972,129.219,57.588,33.791,29.478,25.581,25.007,9.669,3.927
2022-12-04 10:30:00,505.86,336.491,289.1,681.691,169.584,168.885,139.967,129.44,57.664,33.789,29.32,25.572,25.004,9.629,3.918
2022-12-04 11:00:00,505.857,336.483,289.083,681.691,172.289,168.883,139.961,129.225,57.325,33.788,29.362,25.563,25.001,9.615,3.906
2022-12-04 11:30:00,505.853,336.475,289.067,681.69,169.554,168.88,139.955,129.505,57.289,33.787,29.366,25.554,24.998,9.566,3.89
2022-12-04 12:00:00,505.85,336.47,289.052,681.689,169.568,168.878,139.949,129.241,57.455,33.785,29.416,25.545,24.995,9.554,3.864
2022-12-04 12:30:00,505.847,336.465,289.037,681.689,171.922,168.876,139.943,129.269,57.289,33.783,29.387,25.537,24.992,9.568,3.841
2022-12-04 13:00:00,505.844,336.46,289.023,681.688,169.618,168.874,139.938,129.156,57.289,33.782,29.273,25.53,24.989,9.585,3.826
2022-12-04 13:30:00,505.843,336.458,289.015,681.692,169.674,168.877,139.934,129.248,57.289,33.781,29.33,25.529,24.988,9.551,3.825
2022-12-04 14:00:00,505.843,336.458,289.013,681.696,169.692,168.88,139.933,129.144,57.289,33.781,29.395,25.527,24.986,9.511,3.817
2022-12-04 14:30:00,505.84,336.454,289.011,681.693,170.151,168.878,139.929,129.337,57.289,33.779,29.25,25.521,24.983,9.521,3.796
2022-12-04 15:00:00,505.836,336.45,289.012,681.691,171.988,168.875,139.925,129.281,57.289,33.776,29.402,25.515,24.98,9.533,3.781
2022-12-04 15:30:00,505.833,336.444,289.011,681.688,170.891,168.872,139.921,130.098,57.289,33.774,29.274,25.511,24.977,9.501,3.776
2022-12-04 16:00:00,505.83,336.439,289.008,681.687,171.088,168.87,139.916,130.062,57.289,33.772,29.235,25.506,24.974,9.526,3.766
2022-12-04 16:30:00,505.827,336.434,289.003,681.685,171.734,168.868,139.912,129.167,57.289,33.769,29.235,25.503,24.971,9.489,3.761
2022-12-04 17:00:00,505.824,336.429,288.996,681.684,169.675,168.865,139.907,130.043,57.289,33.767,29.271,25.5,24.968,9.46,3.751
2022-12-04 17:30:00,505.822,336.423,288.989,681.683,170.156,168.863,139.902,129.452,57.289,33.764,29.273,25.497,24.966,9.438,3.732
2022-12-04 18:00:00,505.819,336.418,288.981,681.682,169.563,168.862,139.897,129.218,57.289,33.761,29.289,25.494,24.963,9.447,3.711
2022-12-04 18:30:00,505.816,336.413,288.972,681.681,171.291,168.86,139.893,129.089,57.289,33.757,29.35,25.492,24.96,9.456,3.697
2022-12-04 19:00:00,505.813,336.409,288.964,681.68,169.549,168.859,139.888,129.142,57.289,33.754,29.16,25.49,24.957,9.469,3.693
2022-12-04 19:30:00,505.811,336.405,288.956,681.681,170.11,168.859,139.884,129.343,57.289,33.751,29.183,25.49,24.954,9.482,3.696
2022-12-04 20:00:00,505.81,336.402,288.948,681.681,169.845,168.859,139.881,129.505,57.289,33.748,29.253,25.491,24.951,9.413,3.703
2022-12-04 20:30:00,505.807,336.398,288.94,681.68,171.092,168.857,139.877,129.198,57.289,33.745,29.236,25.489,24.948,9.383,3.69
2022-12-04 21:00:00,505.805,336.394,288.931,681.679,170.434,168.855,139.873,129.238,57.289,33.742,29.245,25.487,24.945,9.406,3.662
2022-12-04 21:30:00,505.802,336.389,288.921,681.677,169.667,168.853,139.868,128.626,57.289,33.739,29.207,25.486,24.941,9.417,3.648
2022-12-04 22:00:00,505.8,336.384,288.91,681.676,170.768,168.852,139.864,129.332,57.289,33.736,29.149,25.484,24.938,9.418,3.647
2022-12-04 22:30:00,505.797,336.38,288.899,681.675,169.777,168.85,139.859,129.495,57.385,33.732,29.169,25.483,24.934,9.398,3.648
2022-12-04 23:00:00,505.795,336.376,288.887,681.674,170.416,168.848,139.855,129.258,57.289,33.729,29.27,25.482,24.931,9.365,3.643
2022-12-04 23:30:00,505.792,336.372,288.875,681.674,170.025,168.847,139.85,129.208,57.289,33.726,29.131,25.481,24.927,9.355,3.628
2022-12-05 00:00:00,505.79,336.368,288.862,681.673,171.692,168.845,139.846,129.405,57.289,33.722,29.197,25.48,24.923,9.389,3.609
2022-12-05 00:30:00,505.788,336.363,288.85,681.672,171.199,168.844,139.841,129.233,57.289,33.718,29.113,25.479,24.92,9.363,3.605
2022-12-05 01:00:00,505.785,336.36,288.837,681.672,170.973,168.843,139.837,129.358,57.359,33.715,29.112,25.478,24.916,9.345,3.604
2022-12-05 01:30:00,505.783,336.356,288.825,681.671,171.389,168.841,139.832,129.416,57.289,33.711,29.119,25.477,24.912,9.332,3.592
2022-12-05 02:00:00,505.78,336.353,288.812,681.671,170.008,168.84,139.828,128.652,57.374,33.707,29.136,25.476,24.909,9.31,3.579
2022-12-05 02:30:00,505.778,336.349,288.8,681.594,170.632,168.839,139.824,128.542,57.289,33.667,29.191,25.476,24.905,9.306,3.561
2022-12-05 03:00:00,505.775,336.346,288.787,681.593,169.701,168.838,139.819,129.15,57.289,33.663,29.058,25.475,24.902,9.314,3.546
2022-12-05 03:30:00,505.772,336.342,288.774,681.592,169.621,168.837,139.815,129.243,57.503,33.659,29.061,25.474,24.898,9.329,3.54
2022-12-05 04:00:00,505.77,336.339,288.762,681.592,170.869,168.836,139.811,129.167,57.289,33.655,29.095,25.474,24.895,9.304,3.541
2022-12-05 04:30:00,505.767,336.336,288.751,681.591,169.68,168.834,139.807,129.269,57.289,33.651,29.03,25.473,24.891,9.267,3.539
2022-12-05 05:00:00,505.764,336.332,288.739,681.59,169.688,168.833,139.803,129.403,57.289,33.648,29.097,25.473,24.888,9.273,3.52
2022-12-05 05:30:00,505.762,336.329,288.728,681.59,169.646,168.832,139.799,128.953,57.289,33.644,29.023,25.472,24.884,9.261,3.506
2022-12-05 06:00:00,505.76,336.327,288.717,681.589,169.701,168.831,139.795,129.102,57.289,33.641,29.023,25.472,24.881,9.258,3.497
2022-12-05 06:30:00,505.757,336.324,288.706,681.588,169.864,168.83,139.791,129.111,57.289,33.637,29.082,25.471,24.877,9.255,3.488
2022-12-05 07:00:00,505.755,336.321,288.695,681.588,169.553,168.829,139.787,129.161,57.289,33.634,28.986,25.471,24.874,9.234,3.483
2022-12-05 07:30:00,505.752,336.318,288.684,681.587,169.716,168.828,139.784,129.009,57.289,33.631,28.991,25.471,24.871,9.243,3.473
2022-12-05 08:00:00,505.75,336.315,288.673,681.587,170.692,168.827,139.78,129.136,57.289,33.627,29.032,25.47,24.867,9.235,3.465
2022-12-05 08:30:00,505.748,336.313,288.662,681.586,169.635,168.826,139.776,129.472,57.289,33.624,29.009,25.47,24.864,9.209,3.461
2022-12-05 09:00:00,505.746,336.31,288.652,681.585,170.126,168.826,139.773,128.597,57.289,33.621,28.973,25.47,24.86,9.215,3.451
2022-12-05 09:30:00,505.743,336.307,288.642,681.585,169.554,168.825,139.769,129.105,57.289,33.618,28.945,25.469,24.857,9.216,3.442
2022-12-05 10:00:00,505.741,336.304,288.632,681.584,170.102,168.824,139.766,129.073,57.289,33.615,28.997,25.469,24.853,9.204,3.438
2022-12-05 10:30:00,505.739,336.302,288.622,681.584,169.691,168.823,139.762,129.165,57.289,33.613,28.98,25.469,24.85,9.185,3.433
2022-12-05 11:00:00,505.737,336.299,288.613,681.583,169.623,168.822,139.759,129.052,57.289,33.61,28.966,25.468,24.846,9.184,3.424
2022-12-05 11:30:00,505.735,336.297,288.603,681.583,169.604,168.821,139.756,129.143,57.289,33.607,28.915,25.468,24.843,9.186,3.415
2022-12-05 12:00:00,505.733,336.294,288.594,681.582,169.999,168.82,139.753,128.473,57.289,33.605,28.926,25.468,24.84,9.183,3.41
2022-12-05 12:30:00,505.731,336.292,288.585,681.582,169.602,168.819,140.665,128.726,57.289,33.602,28.927,25.468,24.836,9.168,3.407
2022-12-05 13:00:00,505.729,336.289,288.576,681.581,169.623,168.819,140.662,128.515,57.289,33.6,28.946,25.467,24.833,9.153,3.401
2022-12-05 13:30:00,505.731,336.293,288.578,681.589,170.324,168.825,140.662,129.633,57.289,33.601,28.913,25.475,24.832,9.151,3.396
2022-12-05 14:00:00,505.733,336.298,288.583,681.596,169.621,168.832,140.664,129.061,57.289,33.601,28.9,25.483,24.83,9.154,3.39
2022-12-05 14:30:00,505.731,336.297,288.581,681.593,169.593,168.831,140.664,129.231,57.289,33.639,28.905,25.482,24.826,9.155,3.383
2022-12-05 15:00:00,505.73,336.297,288.581,681.59,169.636,168.83,140.664,129.234,57.289,33.638,28.907,25.481,24.823,9.145,3.379
